fold,mae,rmse,r2,pearson,spearman,samples
1,1.162368655204773,1.5600351095199585,0.5298600196838379,0.7567344903945923,0.7658144235610962,246
