fold,mae,rmse,r2,pearson,spearman,samples
1,1.3201274871826172,1.713423490524292,0.4701833724975586,0.6883442997932434,0.4298907220363617,454
