index,fold,pdbid,mutation,predicted_value,true_value
7,3,1AK4,D:H487Q,0.9733089,0.8
20,3,1BJ1,W:G92A,1.7458974,3.69
22,3,1BJ1,W:H90A,1.6858971,0.0
23,3,1BJ1,W:I80A,1.7568126,0.82
30,3,1BJ1,W:Q79A,1.2489294,0.0
34,3,1BJ1,W:Y45A,0.9617022,0.82
35,3,1CZ8,V:F17A,0.3484428,0.0
36,3,1CZ8,V:Y21A,0.4294213,0.0
50,3,1CZ8,W:Q87A,0.32800114,0.0
65,3,1DQJ,H:D32A,1.1720397,2.0
67,3,1DQJ,H:Y33A,4.103555,5.5
85,3,1DVF,B:E98A,2.108504,4.23
105,3,1FFW,A:F111V,0.40549293,1.26
120,3,1KTZ,B:E119A,1.3831365,1.4
136,3,1KTZ,B:T51A,0.7298957,1.3
153,3,1MHP,H:G54I,4.5525312,1.36
184,3,1MHP,L:H31W,0.45410353,1.26
193,3,1MHP,L:N52D,0.1121307,0.5
206,3,1MHP,L:W90Q,2.7514634,2.08
209,3,1MLC,H:S57V,0.733472,-0.49
223,3,1N8Z,H:N54A,-0.036620587,-0.15
229,3,1N8Z,H:Y100aF,0.72962046,-0.05
236,3,1N8Z,L:F53N,-0.008747458,1.21
237,3,1N8Z,L:H91A,0.7476128,8.0
248,3,1N8Z,L:T94S,1.4701145,0.31
254,3,1VFB,C:I124A,0.6249555,1.2
255,3,1VFB,C:K116A,1.4120644,0.7
282,3,1VFB,L:L46D,4.629923,8.0
300,3,2JEL,P:E5D,0.21655393,0.41
306,3,2JEL,P:E75R,-0.11909586,2.75
338,3,2JEL,P:T7N,0.32024387,0.41
341,3,2NYY,A:D1058A,0.7485442,0.01
346,3,2NYY,A:H1064A,6.407015,7.32
353,3,2NYY,A:N954A,0.8298618,0.1
373,3,2NZ9,A:F953A,2.0328794,3.34
376,3,2NZ9,A:K1056A,0.68388057,-0.01
385,3,2NZ9,A:S902A,0.16428262,-0.12
395,3,3BDY,H:N54A,0.06481879,-0.2
425,3,3BE1,H:G96A,0.6937029,0.1
436,3,3BE1,H:Y33A,0.10744773,2.4
439,3,3BE1,L:D27aA,0.17044643,0.0
452,3,3BE1,L:W50A,-0.1117668,1.4
455,3,3BE1,L:Y92A,0.22028257,0.5
462,3,3BN9,A:F94A,0.060127437,0.64
475,3,3BN9,A:R222A,0.46196568,-0.09
486,3,3BN9,H:S30N,0.41271275,1.36
492,3,3HFM,H:C95F,2.9880657,3.25
503,3,3HFM,L:Y50A,2.932516,4.57
507,3,3HFM,L:Y96F,2.514987,1.4
513,3,3K2M,D:E52A,1.6353168,2.5
537,3,3NPS,A:F89A,0.17144302,1.61
542,3,3NPS,A:K221A,0.68539435,-0.1
544,3,3NPS,A:N90A,0.28769577,0.26
547,3,3NPS,A:Q169A,0.45316416,0.75
551,3,3NPS,A:R48A,0.083306015,-1.07
578,3,HM_1KTZ,B:V62A,1.133485,0.7
579,3,HM_1KTZ,B:V77A,1.4734695,0.4
587,3,HM_1YY9,H:V50L,-0.09896852,-0.6
593,3,HM_1YY9,L:T97C,0.19537115,-0.51
599,3,HM_2NYY,A:F953A,1.1575866,1.53
615,3,HM_2NYY,H:Y31Q,0.85207325,1.33
628,3,HM_2NZ9,A:L919A,1.4292412,0.41
632,3,HM_2NZ9,A:R1061A,0.24541458,0.58
633,3,HM_2NZ9,A:R1064A,2.680638,4.44
637,3,HM_3BN9,H:P100H,2.5007343,1.36
