index,fold,pdbid,mutation,predicted_value,true_value
1,5,1AK4,D:A488V,1.6288712,0.6
18,5,1BJ1,W:E93A,1.0919284,0.82
21,5,1BJ1,W:H86A,0.9464127,0.0
28,5,1BJ1,W:M81A,2.5680532,3.69
31,5,1BJ1,W:Q87A,0.9765216,0.0
46,5,1CZ8,W:K84A,1.2797946,1.36
55,5,1DQJ,C:K96A,3.2633224,6.1
71,5,1DQJ,L:N32A,1.6952608,4.1
72,5,1DQJ,L:S91A,2.9768977,1.4
82,5,1DVF,B:D100A,1.6201973,2.82
90,5,1DVF,B:Y101F,2.4504287,2.03
131,5,1KTZ,B:M112A,0.6602431,0.8
162,5,1MHP,H:K64Q,0.24428576,-0.16
173,5,1MHP,H:T50E,2.2904632,8.0
182,5,1MHP,L:H31K,1.648313,1.17
192,5,1MHP,L:N30Y,1.0243946,1.91
199,5,1MHP,L:S24R,1.4356554,-0.07
200,5,1MHP,L:S28Q,0.6351969,-0.67
208,5,1MLC,H:S57A,0.75427353,-0.38
218,5,1N8Z,H:D31A,-0.021641254,0.25
227,5,1N8Z,H:W95A,2.6058495,8.0
242,5,1N8Z,L:R66G,-0.46338993,0.22
266,5,1VFB,H:D58E,0.47819278,0.08
269,5,1VFB,H:G31E,-0.17948613,-0.51
272,5,1VFB,H:R99Y,1.7733911,1.26
273,5,1VFB,H:S28D,0.27615905,0.0
285,5,1VFB,L:T52F,1.606216,0.47
288,5,1VFB,L:Y32A,3.0844529,1.7
301,5,2JEL,P:E5Q,0.28608018,0.72
319,5,2JEL,P:K72R,1.1893632,0.0
322,5,2JEL,P:N38T,-0.0061145425,0.0
336,5,2JEL,P:T62A,0.42530873,0.0
337,5,2JEL,P:T62N,0.5897401,0.0
367,5,2NYY,L:S28Q,0.14382717,0.42
368,5,2NYY,L:S31N,1.0342593,-0.36
370,5,2NZ9,A:D1062A,1.7692059,2.34
383,5,2NZ9,A:R1061A,0.52908915,0.29
390,5,3BDY,H:F100A,0.19642602,0.7
401,5,3BDY,H:Y100aA,2.0730681,0.5
414,5,3BDY,L:S30A,0.10181677,1.3
419,5,3BDY,L:Y32A,0.456681,1.7
426,5,3BE1,H:G97A,0.21536255,0.3
430,5,3BE1,H:R50A,1.9055219,2.4
431,5,3BE1,H:R58A,0.38657707,2.5
433,5,3BE1,H:T53A,-0.4463231,0.1
441,5,3BE1,L:G51A,-0.0933727,-0.3
450,5,3BE1,L:T93A,0.54237837,-0.4
461,5,3BN9,A:F60eA,-0.17406315,-0.05
464,5,3BN9,A:H143A,1.3081925,0.09
469,5,3BN9,A:N95A,2.0704865,0.77
470,5,3BN9,A:Q145A,0.70095944,0.13
474,5,3BN9,A:Q38A,-0.34194252,-0.42
481,5,3BN9,A:Y146A,1.4886861,1.09
521,5,3NGB,H:G54S,0.09754986,0.73
527,5,3NGB,H:T33Y,0.64234066,0.08
535,5,3NPS,A:E163A,-0.32203943,0.62
545,5,3NPS,A:Q140A,0.59053385,0.3
559,5,HM_1KTZ,B:D32A,0.66354686,1.5
573,5,HM_1KTZ,B:N47A,0.73962194,0.3
575,5,HM_1KTZ,B:S52A,1.2808161,0.2
581,5,HM_1YY9,H:G33D,-0.57210517,-0.89
617,5,HM_2NYY,L:D30Y,0.2734916,0.6
620,5,HM_2NYY,L:S31N,0.74612695,1.2
622,5,HM_2NZ9,A:D902A,-0.5644678,-0.49
635,5,HM_2NZ9,A:S954A,0.2546065,-0.66
