index,fold,pdbid,mutation,predicted_value,true_value
8,1,1AK4,D:H487R,0.26189756,1.48
10,1,1AK4,D:I491V,0.5237753,-0.17
19,1,1BJ1,W:G88A,1.7590066,2.76
26,1,1BJ1,W:K48A,0.876951,0.41
27,1,1BJ1,W:K84A,1.613677,0.65
33,1,1BJ1,W:R82A,1.6316767,3.69
45,1,1CZ8,W:K48A,1.0811195,0.0
61,1,1DQJ,C:T89A,0.9370884,0.8
74,1,1DQJ,L:Y96A,2.9826975,1.1
84,1,1DVF,B:D58A,2.4258094,1.62
99,1,1DVF,D:R106A,2.1608589,4.13
101,1,1FFW,A:A90V,0.26558116,0.09
104,1,1FFW,A:E93K,0.22943595,0.82
110,1,1JRH,I:E45Q,1.2351453,0.11
117,1,1KTZ,B:D118A,0.65945876,0.9
122,1,1KTZ,B:E55A,1.3046925,1.3
147,1,1MHP,H:G102S,3.1368551,8.0
150,1,1MHP,H:G53Q,2.3347132,8.0
160,1,1MHP,H:K64E,1.0350834,-0.16
172,1,1MHP,H:T33V,2.9941497,0.43
189,1,1MHP,L:N30K,1.7829037,8.0
211,1,1MLC,H:T31A,1.3133571,0.45
214,1,1MLC,H:T58D,1.8085532,-0.56
226,1,1N8Z,H:T53A,0.4122805,0.78
233,1,1N8Z,H:Y52A,1.9129868,0.23
235,1,1N8Z,L:D28N,0.10858993,-0.28
244,1,1N8Z,L:S52A,0.6554244,-0.31
250,1,1N8Z,L:Y92A,1.4037853,1.36
257,1,1VFB,C:N19A,1.8839533,0.3
264,1,1VFB,H:D100A,2.7636697,2.9
290,1,1VFB,L:Y50A,2.2717452,0.5
318,1,2JEL,P:K72E,0.8589548,0.41
325,1,2JEL,P:Q4K,0.81268024,1.38
354,1,2NYY,A:Q915A,0.6147388,0.52
355,1,2NYY,A:R1061A,1.0971074,0.82
360,1,2NYY,H:K30R,0.018953666,0.07
364,1,2NYY,H:Y57Q,0.87005115,0.52
372,1,2NZ9,A:F917A,0.88958395,-0.05
384,1,2NZ9,A:R1294A,0.6467025,0.39
388,1,3BDY,H:D31A,1.2859082,0.2
397,1,3BDY,H:R58A,1.289304,-0.2
403,1,3BDY,H:Y52A,1.6391537,0.4
410,1,3BDY,L:I29A,0.62521195,0.8
424,1,3BE1,H:F100A,1.4844066,1.9
438,1,3BE1,H:Y56A,1.0934541,1.8
448,1,3BE1,L:S30A,0.63730216,-0.2
458,1,3BN9,A:D60bA,1.4222281,0.31
485,1,3BN9,H:S30G,1.0951693,1.36
495,1,3HFM,H:S31A,2.1369894,0.17
502,1,3HFM,L:Q53A,1.8383169,0.95
512,1,3HFM,Y:Y20A,2.761149,4.87
517,1,3K2M,D:Y35A,2.4779074,1.0
522,1,3NGB,H:I30T,0.7923027,0.08
525,1,3NGB,H:R53N,0.9053241,0.05
533,1,3NPS,A:D47A,1.2752541,1.08
534,1,3NPS,A:D91A,1.356617,1.52
560,1,HM_1KTZ,B:D32N,1.2743049,2.0
574,1,HM_1KTZ,B:S49A,0.4434042,0.3
592,1,HM_1YY9,L:Q27Y,0.019968048,-0.83
600,1,HM_2NYY,A:I917A,1.265728,0.95
609,1,HM_2NYY,A:R903A,1.1945826,-0.02
611,1,HM_2NYY,A:T923A,0.42267707,0.62
619,1,HM_2NYY,L:S28Q,0.9653172,0.7
621,1,HM_2NZ9,A:D1062A,1.2335627,-0.14
624,1,HM_2NZ9,A:F953A,0.8203459,1.53
