index,fold,pdbid,mutation,predicted_value,true_value
0,2,1AK4,D:A488G,0.91726273,2.49
4,2,1AK4,D:G489A,1.0334806,1.91
13,2,1AK4,D:P490V,1.0179482,2.86
25,2,1BJ1,W:I91A,1.6258719,0.41
38,2,1CZ8,W:G88A,0.9133729,2.67
39,2,1CZ8,W:G92A,2.2225122,4.1
40,2,1CZ8,W:H86A,0.27862683,0.0
41,2,1CZ8,W:H90A,0.10773889,0.0
56,2,1DQJ,C:K97A,4.9564676,3.5
64,2,1DQJ,C:Y20A,3.3645184,3.3
73,2,1DQJ,L:Y50A,1.7086587,2.7
75,2,1DVF,A:H30A,1.9635934,1.67
77,2,1DVF,A:W92A,3.518475,0.34
100,2,1DVF,D:Y102A,3.0128345,4.79
108,2,1FFW,A:V108M,0.5954575,1.13
128,2,1KTZ,B:I50A,1.4631294,1.9
134,2,1KTZ,B:S52A,0.9665778,0.4
144,2,1MHP,H:G100M,3.0093536,0.1
149,2,1MHP,H:G53N,2.5830956,1.26
164,2,1MHP,H:R31Q,0.33427292,1.31
165,2,1MHP,H:S35A,4.597808,1.58
185,2,1MHP,L:L49F,2.559046,0.71
187,2,1MHP,L:L49W,3.8109946,1.91
188,2,1MHP,L:L49Y,4.8399353,8.0
197,2,1MHP,L:N52Y,1.2124649,-0.1
217,2,1MLC,L:N92A,-0.15394385,-1.25
222,2,1N8Z,H:K30A,0.42769188,0.61
224,2,1N8Z,H:R50A,1.9919672,8.0
238,2,1N8Z,L:H91F,1.052851,-0.43
239,2,1N8Z,L:H91F,1.056752,0.03
258,2,1VFB,C:Q121A,2.3428373,2.9
287,2,1VFB,L:W92A,2.0062306,3.3
289,2,1VFB,L:Y32W,1.5424771,8.0
294,2,1YY9,H:T61E,-1.5160923,-0.06
326,2,2JEL,P:Q57E,0.16476554,-0.41
329,2,2JEL,P:R17K,0.12889451,0.0
342,2,2NYY,A:D1062A,1.966096,2.53
348,2,2NYY,A:K1056A,0.7180976,-0.03
358,2,2NYY,A:S955A,0.10723573,0.0
365,2,2NYY,L:D30Y,0.37170142,0.65
382,2,2NZ9,A:Q915A,0.3829031,0.1
391,2,3BDY,H:G96A,0.7087181,0.2
394,2,3BDY,H:K30A,-0.39984876,0.2
405,2,3BDY,L:D27aA,-0.61914515,0.0
409,2,3BDY,L:I27bA,0.35340917,1.1
416,2,3BDY,L:T93A,-0.6623286,-0.3
422,2,3BE1,H:D31A,0.63496375,0.4
432,2,3BE1,H:T32A,0.4237306,-0.4
434,2,3BE1,H:W95A,4.5997643,1.8
442,2,3BE1,L:H91A,3.271731,0.9
499,2,3HFM,L:N31D,3.9686563,1.34
504,2,3HFM,L:Y50F,3.1688147,2.36
514,2,3K2M,D:M88A,1.9868952,4.0
518,2,3K2M,D:Y36A,3.127969,3.7
524,2,3NGB,H:P62K,-0.14126319,0.23
528,2,3NGB,H:V57T,0.7681327,0.14
548,2,3NPS,A:Q218A,0.48785156,-0.04
552,2,3NPS,A:R51A,-0.018761396,0.14
594,2,HM_1YY9,L:T97D,-0.63476527,-0.66
595,2,HM_1YY9,L:T97S,-0.5899711,-0.7
612,2,HM_2NYY,H:K30R,0.0024841279,0.51
623,2,HM_2NZ9,A:E920A,0.7560028,0.5
634,2,HM_2NZ9,A:R903A,0.43503147,-0.02
641,2,HM_3BN9,H:T28R,0.8645191,-0.24
643,2,HM_3BN9,H:T98R,-0.16177559,-1.57
