index,fold,pdbid,mutation,predicted_value,true_value
14,10,1AK4,D:P493A,0.6486841,0.51
48,10,1CZ8,W:M94A,2.1876998,1.91
70,10,1DQJ,L:N31A,2.856697,2.0
86,10,1DVF,B:N56A,2.0037124,1.17
96,10,1DVF,D:K30A,1.1263518,1.01
102,10,1FFW,A:D13K,-0.0068656206,0.05
116,10,1JTG,B:D49A,1.1522334,1.98
118,10,1KTZ,B:D32A,1.5167077,1.4
123,10,1KTZ,B:E75A,1.151253,1.0
137,10,1KTZ,B:V62A,1.0893694,0.7
138,10,1KTZ,B:V77A,1.3944621,0.5
142,10,1MHP,H:G100I,4.259942,8.0
143,10,1MHP,H:G100L,4.5980167,2.73
152,10,1MHP,H:G53W,6.159294,8.0
159,10,1MHP,H:K64D,-0.17682344,-0.12
161,10,1MHP,H:K64N,0.31414133,-0.07
180,10,1MHP,L:G92Q,4.157186,1.58
196,10,1MHP,L:N52R,0.14666605,0.85
210,10,1MLC,H:T28D,-0.68863344,-0.15
212,10,1MLC,H:T31V,-0.58178914,0.53
230,10,1N8Z,H:Y100aF,0.90141785,0.82
243,10,1N8Z,L:S50A,1.2699115,-0.07
249,10,1N8Z,L:Y49A,1.0351706,1.05
253,10,1VFB,C:D18A,0.41658825,0.3
265,10,1VFB,H:D54A,1.095415,1.0
268,10,1VFB,H:G31A,-0.33139932,0.3
270,10,1VFB,H:G31W,0.12009114,0.01
271,10,1VFB,H:R99W,1.5368416,0.71
277,10,1VFB,H:W52A,1.2035325,0.9
278,10,1VFB,H:Y101A,1.0899383,4.0
279,10,1VFB,H:Y101F,0.05639288,1.6
310,10,2JEL,P:E85K,-0.11549777,0.0
314,10,2JEL,P:H76A,0.7136567,-0.41
316,10,2JEL,P:K24E,0.18266532,0.0
323,10,2JEL,P:P11E,-0.2398034,0.0
340,10,2JEL,P:V6F,0.94291204,0.0
347,10,2NYY,A:I956A,0.37329996,-0.01
362,10,2NYY,H:Y31D,0.5529106,0.07
363,10,2NYY,H:Y31Q,0.99582154,0.13
374,10,2NZ9,A:H1064A,5.464591,7.42
387,10,2NZ9,A:T1063A,1.6096805,2.37
396,10,3BDY,H:R50A,1.5483726,-0.3
413,10,3BDY,L:S28A,0.3576092,1.0
418,10,3BDY,L:W50A,2.6106255,1.3
420,10,3BDY,L:Y53A,2.1405416,0.7
421,10,3BDY,L:Y92A,0.35334063,1.4
445,10,3BE1,L:P27cA,0.23332532,0.1
447,10,3BE1,L:S28A,0.5393141,0.3
456,10,3BN9,A:D217A,1.6669178,0.57
467,10,3BN9,A:K224A,0.81508434,0.79
483,10,3BN9,H:P100H,0.7098645,8.0
505,10,3HFM,L:Y50L,4.5344462,4.4
526,10,3NGB,H:R61Q,-0.1734679,0.1
539,10,3NPS,A:H138A,0.69814754,1.89
540,10,3NPS,A:I26A,0.3398841,0.65
554,10,3NPS,A:T144A,0.1119342,0.18
567,10,HM_1KTZ,B:H79A,1.4540095,0.3
569,10,HM_1KTZ,B:I50A,1.8520064,1.9
577,10,HM_1KTZ,B:T51A,0.88107693,1.5
580,10,HM_1YY9,H:A98W,0.7063045,-0.23
586,10,HM_1YY9,H:T57P,-0.7260448,-0.48
601,10,HM_2NYY,A:K915A,0.30280906,-0.31
614,10,HM_2NYY,H:Y31D,1.0651,0.97
644,10,HM_3BN9,H:Y99S,0.08104479,0.54
