index,fold,pdbid,mutation,predicted_value,true_value
2,8,1AK4,D:A492G,0.7577592,0.41
16,8,1BJ1,V:F17A,-0.26857623,0.0
17,8,1BJ1,V:Y21A,0.06542861,0.0
37,8,1CZ8,W:E93A,0.61500746,1.15
59,8,1DQJ,C:R21A,1.790727,1.3
60,8,1DQJ,C:S100A,2.641937,0.8
81,8,1DVF,A:Y50A,0.5842231,0.69
107,8,1FFW,A:T87I,0.7997193,-0.32
111,8,1JRH,I:T14V,-0.27077565,-0.02
125,8,1KTZ,B:F30A,2.1112142,2.9
126,8,1KTZ,B:H79A,0.8541393,0.4
129,8,1KTZ,B:I53A,1.3730012,1.2
132,8,1KTZ,B:N47A,1.3919888,0.3
148,8,1MHP,H:G53A,2.1683908,0.51
157,8,1MHP,H:G54Y,2.4383163,0.0
163,8,1MHP,H:L60D,0.87596107,-0.12
168,8,1MHP,H:S52M,1.0011401,2.08
181,8,1MHP,L:G92S,0.8785924,0.51
190,8,1MHP,L:N30V,0.95654047,1.05
194,8,1MHP,L:N52E,-0.16409841,-0.18
240,8,1N8Z,L:N30A,0.18731779,1.12
283,8,1VFB,L:L46E,3.1335897,8.0
286,8,1VFB,L:T53R,1.5489391,1.67
293,8,1YY9,H:N56A,-0.6931698,-0.06
295,8,1YY9,L:N93A,0.15894312,-0.74
296,8,1YY9,L:S26D,-0.5619341,-0.2
299,8,2JEL,P:D69E,0.95579636,0.96
303,8,2JEL,P:E68A,1.3894554,0.41
309,8,2JEL,P:E85D,-0.14986497,0.0
313,8,2JEL,P:F2Y,3.1257722,0.0
327,8,2JEL,P:Q71E,0.96643436,2.75
332,8,2JEL,P:S46C,-0.042891175,0.0
343,8,2NYY,A:E920A,0.34993693,2.84
356,8,2NYY,A:R1294A,0.45586336,0.3
378,8,2NZ9,A:K923A,0.039685205,-0.3
386,8,2NZ9,A:S955A,0.2545654,-0.08
389,8,3BDY,H:D98A,0.2883916,0.0
398,8,3BDY,H:T32A,-0.16314617,-0.4
399,8,3BDY,H:T53A,-0.35802147,-0.5
404,8,3BDY,H:Y56A,-0.739713,0.2
411,8,3BDY,L:P27cA,0.2801247,0.2
428,8,3BE1,H:K30A,0.015709072,-0.3
451,8,3BE1,L:T94A,-0.8333329,1.4
457,8,3BN9,A:D60aA,0.6059379,0.42
466,8,3BN9,A:I60A,0.56284475,0.84
472,8,3BN9,A:Q175A,2.402361,2.51
476,8,3BN9,A:R60cA,1.7293065,-0.05
477,8,3BN9,A:R60fA,0.014599502,-0.07
480,8,3BN9,A:T98A,1.2961068,1.13
482,8,3BN9,A:Y60gA,0.24789122,0.02
489,8,3BN9,H:T98R,0.5334441,-0.06
491,8,3HFM,H:C95A,2.4094582,5.52
531,8,3NPS,A:D214A,0.7620832,1.48
549,8,3NPS,A:Q23A,-0.20837528,0.03
555,8,3NPS,A:T93A,0.27254048,0.73
557,8,3NPS,A:Y52A,0.73264086,0.46
571,8,HM_1KTZ,B:L27A,1.3382607,1.8
576,8,HM_1KTZ,B:S52L,2.1605835,4.0
583,8,HM_1YY9,H:R97D,-0.020729482,-0.99
589,8,HM_1YY9,H:Y32R,-1.1437179,-0.13
613,8,HM_2NYY,H:M34Q,-0.08798419,-0.01
618,8,HM_2NYY,L:H34R,0.716697,0.63
626,8,HM_2NZ9,A:K915A,-0.18582699,-0.31
642,8,HM_3BN9,H:T98Q,-0.25965595,-0.16
