index,fold,pdbid,mutation,predicted_value,true_value
5,6,1AK4,D:G489V,1.109747,2.86
9,6,1AK4,D:I491A,0.8020373,0.07
43,6,1CZ8,W:I83A,2.3603451,1.3
44,6,1CZ8,W:I91A,2.0170598,1.06
47,6,1CZ8,W:M81A,3.539003,4.1
49,6,1CZ8,W:Q79A,0.85339236,0.65
51,6,1CZ8,W:Q89A,0.77632105,1.06
52,6,1CZ8,W:R82A,2.1830812,0.82
62,6,1DQJ,C:W62A,0.2472787,0.8
68,6,1DQJ,H:Y50A,6.4063993,6.9
89,6,1DVF,B:W52A,2.875568,4.17
106,6,1FFW,A:T112I,0.7331388,0.56
113,6,1JTG,A:R243A,0.34500027,0.56
115,6,1JTG,A:S235A,0.6417056,1.32
119,6,1KTZ,B:D32N,0.9886722,1.7
133,6,1KTZ,B:S49A,0.3677783,0.5
171,6,1MHP,H:T33Q,3.3938067,8.0
176,6,1MHP,H:Y58E,2.298316,2.08
178,6,1MHP,H:Y58W,2.9025626,0.82
186,6,1MHP,L:L49K,2.2374768,0.93
191,6,1MHP,L:N30W,0.7770618,1.58
195,6,1MHP,L:N52K,0.648373,0.66
201,6,1MHP,L:S91K,4.1387873,8.0
202,6,1MHP,L:S91Q,4.9078016,1.78
207,6,1MLC,H:K65D,-1.1296602,0.02
216,6,1MLC,L:N32Y,-0.12545544,0.0
225,6,1N8Z,H:T32A,0.578405,0.38
241,6,1N8Z,L:N30S,0.7370691,0.06
247,6,1N8Z,L:T94A,2.071293,-0.12
251,6,1N8Z,L:Y92F,2.0990715,-0.21
259,6,1VFB,C:R125A,1.6209321,1.8
267,6,1VFB,H:D58N,1.0072173,-0.13
276,6,1VFB,H:S28Q,0.5539763,0.08
280,6,1VFB,H:Y32A,1.110406,1.1
284,6,1VFB,L:N31W,1.7542418,0.17
308,6,2JEL,P:E85A,-0.18562943,0.0
330,6,2JEL,P:S41C,0.3352393,1.51
331,6,2JEL,P:S43C,0.3653969,0.0
333,6,2JEL,P:S64T,0.95922154,4.13
349,6,2NYY,A:K903A,0.6466558,0.29
359,6,2NYY,A:T1063A,2.4669392,1.62
366,6,2NYY,L:H34R,0.6536372,0.1
392,6,3BDY,H:G97A,0.30124187,-0.1
400,6,3BDY,H:W95A,6.0209527,2.0
412,6,3BDY,L:R27dA,-0.12482917,-0.2
417,6,3BDY,L:T94A,0.1758771,0.0
446,6,3BE1,L:R27dA,-0.15433449,-0.2
449,6,3BE1,L:S52A,-0.12647682,0.3
471,6,3BN9,A:Q174A,0.738358,-0.03
478,6,3BN9,A:R87A,0.13100517,-0.16
484,6,3BN9,H:Q100aV,1.0610045,1.36
498,6,3HFM,L:N31A,2.9791152,5.22
509,6,3HFM,Y:K97A,3.5708652,6.18
546,6,3NPS,A:Q168A,0.35263252,-0.06
558,6,HM_1KTZ,B:D118A,1.1483277,0.8
561,6,HM_1KTZ,B:E119A,1.1590896,1.5
570,6,HM_1KTZ,B:I53A,2.0152268,1.4
596,6,HM_2NYY,A:D1062A,0.9168404,-0.14
603,6,HM_2NYY,A:L919A,0.44921294,0.41
604,6,HM_2NYY,A:N918A,0.33564013,0.3
606,6,HM_2NYY,A:P1063A,0.6146177,0.24
630,6,HM_2NZ9,A:N957A,-0.23494285,0.01
631,6,HM_2NZ9,A:P1063A,0.925548,0.24
639,6,HM_3BN9,H:S30G,1.0325835,0.71
