index,fold,pdbid,mutation,predicted_value,true_value
11,9,1AK4,D:P485A,1.2457505,0.92
29,9,1BJ1,W:M94A,1.2018522,1.42
32,9,1BJ1,W:Q89A,1.0796226,1.75
57,9,1DQJ,C:L75A,2.4402864,1.5
69,9,1DQJ,H:Y53A,2.6086822,1.2
80,9,1DVF,A:Y49A,1.5544554,1.75
83,9,1DVF,B:D54A,1.7693753,4.32
87,9,1DVF,B:R99A,1.2357073,1.89
93,9,1DVF,D:D52A,0.98938596,1.7
103,9,1FFW,A:E117K,1.1029348,0.71
109,9,1FFW,A:Y106W,1.2981532,0.71
121,9,1KTZ,B:E119Q,1.1485206,1.7
130,9,1KTZ,B:L27A,1.66892,1.9
141,9,1MHP,H:G100F,3.1059456,0.57
166,9,1MHP,H:S35Q,3.7105393,2.73
204,9,1MHP,L:S91T,3.6622543,2.32
215,9,1MLC,L:N32G,1.2462218,-0.85
220,9,1N8Z,H:D98W,0.8359242,-0.69
228,9,1N8Z,H:Y100aA,2.5271156,8.0
231,9,1N8Z,H:Y102V,1.344281,0.22
232,9,1N8Z,H:Y33A,2.101945,-0.09
246,9,1N8Z,L:T93A,0.7530149,0.82
256,9,1VFB,C:L129A,1.8536803,0.2
262,9,1VFB,C:V120A,2.2992098,0.9
275,9,1VFB,H:S28N,0.9287335,0.15
281,9,1VFB,H:Y32E,1.5288527,1.91
304,9,2JEL,P:E70A,2.271766,2.75
324,9,2JEL,P:Q3K,1.8558178,4.13
350,9,2NYY,A:K923A,0.32872698,-0.14
371,9,2NZ9,A:E920A,0.4456724,2.77
375,9,2NZ9,A:I956A,0.6664062,0.07
402,9,3BDY,H:Y33A,0.7341625,0.3
407,9,3BDY,L:G51A,0.4046926,1.0
415,9,3BDY,L:S52A,-0.48026317,0.1
437,9,3BE1,H:Y52A,0.429252,-0.8
444,9,3BE1,L:I29A,0.33658734,0.9
453,9,3BE1,L:Y32A,1.8079045,-0.8
465,9,3BN9,A:I41A,0.7733346,0.0
468,9,3BN9,A:L153A,0.4048459,0.34
487,9,3BN9,H:T28R,0.7230562,0.3
490,9,3BN9,H:Y99S,1.4329823,0.41
493,9,3HFM,H:D32A,2.4823346,1.9
494,9,3HFM,H:D32N,2.367444,0.17
496,9,3HFM,H:Y33A,3.2138553,6.0
500,9,3HFM,L:N31E,3.1032553,5.67
501,9,3HFM,L:N32A,3.2281628,5.11
506,9,3HFM,L:Y96A,3.3446379,2.71
519,9,3K2M,D:Y87A,3.199842,4.0
530,9,3NGB,H:Y74S,0.6748576,0.33
532,9,3NPS,A:D46A,0.8239504,0.34
538,9,3NPS,A:F92A,1.8516622,0.47
543,9,3NPS,A:L147A,0.53715044,0.3
553,9,3NPS,A:R82A,0.5173702,-0.15
556,9,3NPS,A:Y141A,1.4313276,1.79
562,9,HM_1KTZ,B:E119Q,1.113501,1.6
563,9,HM_1KTZ,B:E55A,2.0087795,1.2
565,9,HM_1KTZ,B:F110A,1.3217428,0.9
582,9,HM_1YY9,H:I51G,-0.39628908,-0.51
588,9,HM_1YY9,H:V50Q,-0.40769255,-0.64
597,9,HM_2NYY,A:D902A,0.29862943,-0.49
610,9,HM_2NYY,A:S954A,0.54078025,-0.66
629,9,HM_2NZ9,A:N918A,0.593844,0.3
636,9,HM_2NZ9,A:T923A,0.46831554,0.62
