index,fold,pdbid,mutation,predicted_value,true_value
6,7,1AK4,D:H487A,0.7880981,0.84
15,7,1AK4,D:V486A,0.9903674,0.82
63,7,1DQJ,C:W63A,2.805491,1.3
66,7,1DQJ,H:W98A,4.9143357,4.9
78,7,1DVF,A:Y32A,3.2967658,2.05
91,7,1DVF,B:Y32A,2.9305005,1.85
94,7,1DVF,D:H33A,3.5018458,1.88
98,7,1DVF,D:Q104A,3.6898403,1.64
112,7,1JTG,A:K234A,0.7273754,0.82
124,7,1KTZ,B:F110A,1.0597095,0.9
127,7,1KTZ,B:I125A,1.4616446,0.5
135,7,1KTZ,B:S52L,1.9337648,3.7
139,7,1MHP,H:F99W,3.5146847,0.0
146,7,1MHP,H:G100V,3.3107681,8.0
154,7,1MHP,H:G54M,2.2356145,8.0
155,7,1MHP,H:G54N,2.0926447,8.0
167,7,1MHP,H:S35V,3.4280927,8.0
169,7,1MHP,H:S52T,3.9526272,8.0
174,7,1MHP,H:T50Q,3.7155733,8.0
177,7,1MHP,H:Y58Q,3.5809176,2.08
183,7,1MHP,L:H31R,3.099884,1.12
198,7,1MHP,L:N93D,2.491534,8.0
219,7,1N8Z,H:D98A,0.8764549,1.21
221,7,1N8Z,H:F100A,1.8199302,1.17
234,7,1N8Z,H:Y56A,1.741091,0.87
260,7,1VFB,C:S24A,2.0934734,0.8
261,7,1VFB,C:T118A,2.1714964,0.8
274,7,1VFB,H:S28E,1.3165468,-0.1
292,7,1VFB,L:Y50R,2.666094,0.85
307,7,2JEL,P:E83A,0.34788218,0.0
311,7,2JEL,P:E85Q,0.0022860467,0.0
312,7,2JEL,P:F2W,2.502518,2.64
317,7,2JEL,P:K27E,0.2716928,0.0
320,7,2JEL,P:K79E,0.39082888,0.41
321,7,2JEL,P:N12D,0.324506,0.0
334,7,2JEL,P:T34Q,1.114588,0.0
345,7,2NYY,A:F953A,0.6517115,4.06
361,7,2NYY,H:M34Q,1.7554737,-0.06
377,7,2NZ9,A:K903A,0.6760217,0.54
379,7,2NZ9,A:L919A,2.0961363,2.28
393,7,3BDY,H:G99A,1.5687447,0.8
435,7,3BE1,H:Y100aA,2.4262378,1.2
440,7,3BE1,L:G31A,1.1981194,0.3
459,7,3BN9,A:D96A,1.7239451,6.7
460,7,3BN9,A:E169A,0.0244032,0.37
463,7,3BN9,A:F97A,2.2519994,6.7
473,7,3BN9,A:Q221aA,0.89239347,0.71
479,7,3BN9,A:T150A,1.0377308,0.29
488,7,3BN9,H:T98Q,1.5191679,0.0
508,7,3HFM,Y:K96A,3.71328,6.83
515,7,3K2M,D:R38A,3.0451446,2.5
520,7,3NGB,H:A56G,0.5102258,-0.06
529,7,3NGB,H:V73T,0.47670668,0.16
564,7,HM_1KTZ,B:E75A,1.6177592,1.1
566,7,HM_1KTZ,B:F30A,2.2051141,3.0
572,7,HM_1KTZ,B:M112A,1.3737624,0.9
585,7,HM_1YY9,H:T57G,-0.85847443,-0.46
590,7,HM_1YY9,L:A25V,-0.44522744,-0.62
591,7,HM_1YY9,L:G30Y,0.40162885,-0.92
602,7,HM_2NYY,A:K955A,-0.062279716,-0.5
608,7,HM_2NYY,A:R1064A,4.800338,4.44
616,7,HM_2NYY,H:Y57Q,0.116183475,1.19
638,7,HM_3BN9,H:Q100aV,1.3883221,0.41
640,7,HM_3BN9,H:S30N,0.4863971,0.71
