fold,mae,rmse,r2,pearson,spearman
1,1.4999928433088572,2.0781513801744578,0.19459944817213704,0.5212772066081712,0.5744487251301563
