fold,mae,rmse,r2,pearson,spearman,samples
1,1.6864883921080769,2.2698938410993303,0.0046643578598729,0.0727361106537237,0.3342497253839332,246
