fold,mae,rmse,r2,pearson,spearman
1,1.3588566572904897,1.9714228138666081,0.24921078383143536,0.5121496055177033,0.5291383884308106
