fold,mae,rmse,r2,pearson,spearman
1,0.8076006006858368,1.3149155985753025,0.22490958610616607,0.5323978757941014,0.5724143550004788
