fold,mae,rmse,r2,pearson,spearman,samples,valid_samples
1,1.3124021717365582,1.7694775749150091,0.3951487406205953,0.734184347759351,0.7192438089019234,246,246
