index,fold,pdbid,mutation,predicted_value,true_value
8,1,1AK4,D:H487R,-0.07387513,1.48
10,1,1AK4,D:I491V,0.28806832,-0.17
19,1,1BJ1,W:G88A,1.7549083,2.76
26,1,1BJ1,W:K48A,0.51389277,0.41
27,1,1BJ1,W:K84A,1.6333233,0.65
33,1,1BJ1,W:R82A,1.5329667,3.69
45,1,1CZ8,W:K48A,0.6696098,0.0
61,1,1DQJ,C:T89A,0.44115257,0.8
74,1,1DQJ,L:Y96A,2.622186,1.1
84,1,1DVF,B:D58A,2.176609,1.62
99,1,1DVF,D:R106A,1.8074541,4.13
101,1,1FFW,A:A90V,0.21055627,0.09
104,1,1FFW,A:E93K,0.17880398,0.82
110,1,1JRH,I:E45Q,0.55494624,0.11
117,1,1KTZ,B:D118A,0.5032825,0.9
122,1,1KTZ,B:E55A,1.047563,1.3
147,1,1MHP,H:G102S,2.9364648,8.0
150,1,1MHP,H:G53Q,2.1648245,8.0
160,1,1MHP,H:K64E,0.6193229,-0.16
172,1,1MHP,H:T33V,2.672749,0.43
189,1,1MHP,L:N30K,1.428644,8.0
211,1,1MLC,H:T31A,0.8474291,0.45
214,1,1MLC,H:T58D,1.621954,-0.56
226,1,1N8Z,H:T53A,0.2347588,0.78
233,1,1N8Z,H:Y52A,1.9929739,0.23
235,1,1N8Z,L:D28N,-0.01999344,-0.28
244,1,1N8Z,L:S52A,0.75855386,-0.31
250,1,1N8Z,L:Y92A,1.3571513,1.36
257,1,1VFB,C:N19A,1.5996,0.3
264,1,1VFB,H:D100A,2.438614,2.9
290,1,1VFB,L:Y50A,1.8832023,0.5
318,1,2JEL,P:K72E,0.34631747,0.41
325,1,2JEL,P:Q4K,0.43703145,1.38
354,1,2NYY,A:Q915A,0.21667919,0.52
355,1,2NYY,A:R1061A,0.93457717,0.82
360,1,2NYY,H:K30R,-0.32086027,0.07
364,1,2NYY,H:Y57Q,0.52562505,0.52
372,1,2NZ9,A:F917A,0.58791655,-0.05
384,1,2NZ9,A:R1294A,0.45401388,0.39
388,1,3BDY,H:D31A,1.1665413,0.2
397,1,3BDY,H:R58A,1.2503809,-0.2
403,1,3BDY,H:Y52A,1.663363,0.4
410,1,3BDY,L:I29A,0.29107285,0.8
424,1,3BE1,H:F100A,1.6069546,1.9
438,1,3BE1,H:Y56A,1.1342857,1.8
448,1,3BE1,L:S30A,0.5961001,-0.2
458,1,3BN9,A:D60bA,1.2266715,0.31
485,1,3BN9,H:S30G,0.92777324,1.36
495,1,3HFM,H:S31A,1.5403553,0.17
502,1,3HFM,L:Q53A,1.0910943,0.95
512,1,3HFM,Y:Y20A,2.6192844,4.87
517,1,3K2M,D:Y35A,2.398056,1.0
522,1,3NGB,H:I30T,0.56064737,0.08
525,1,3NGB,H:R53N,0.53396314,0.05
533,1,3NPS,A:D47A,1.0746975,1.08
534,1,3NPS,A:D91A,1.0336865,1.52
560,1,HM_1KTZ,B:D32N,1.0123849,2.0
574,1,HM_1KTZ,B:S49A,0.37925082,0.3
592,1,HM_1YY9,L:Q27Y,-0.3243882,-0.83
600,1,HM_2NYY,A:I917A,0.8767757,0.95
609,1,HM_2NYY,A:R903A,0.8017309,-0.02
611,1,HM_2NYY,A:T923A,-0.053499535,0.62
619,1,HM_2NYY,L:S28Q,0.5490019,0.7
621,1,HM_2NZ9,A:D1062A,0.9187494,-0.14
624,1,HM_2NZ9,A:F953A,0.3454951,1.53
