index,fold,pdbid,mutation,predicted_value,true_value
7,3,1AK4,D:H487Q,1.0085882,0.8
20,3,1BJ1,W:G92A,2.9799237,3.69
22,3,1BJ1,W:H90A,0.8598641,0.0
23,3,1BJ1,W:I80A,1.2085198,0.82
30,3,1BJ1,W:Q79A,1.4687333,0.0
34,3,1BJ1,W:Y45A,1.762874,0.82
35,3,1CZ8,V:F17A,0.25472152,0.0
36,3,1CZ8,V:Y21A,0.18918629,0.0
50,3,1CZ8,W:Q87A,0.115042776,0.0
65,3,1DQJ,H:D32A,2.5146668,2.0
67,3,1DQJ,H:Y33A,4.8286858,5.5
85,3,1DVF,B:E98A,2.3441863,4.23
105,3,1FFW,A:F111V,0.64216584,1.26
120,3,1KTZ,B:E119A,1.3182925,1.4
136,3,1KTZ,B:T51A,0.72947276,1.3
153,3,1MHP,H:G54I,5.337711,1.36
184,3,1MHP,L:H31W,0.7646886,1.26
193,3,1MHP,L:N52D,0.290351,0.5
206,3,1MHP,L:W90Q,3.7040644,2.08
209,3,1MLC,H:S57V,0.45322996,-0.49
223,3,1N8Z,H:N54A,-0.10938354,-0.15
229,3,1N8Z,H:Y100aF,1.0042343,-0.05
236,3,1N8Z,L:F53N,-0.062365383,1.21
237,3,1N8Z,L:H91A,0.4104749,8.0
248,3,1N8Z,L:T94S,1.0799805,0.31
254,3,1VFB,C:I124A,0.5314296,1.2
255,3,1VFB,C:K116A,1.411599,0.7
282,3,1VFB,L:L46D,5.099906,8.0
300,3,2JEL,P:E5D,0.2510816,0.41
306,3,2JEL,P:E75R,0.1905151,2.75
338,3,2JEL,P:T7N,0.12740064,0.41
341,3,2NYY,A:D1058A,0.30954087,0.01
346,3,2NYY,A:H1064A,6.400634,7.32
353,3,2NYY,A:N954A,-0.031100065,0.1
373,3,2NZ9,A:F953A,1.998486,3.34
376,3,2NZ9,A:K1056A,0.55632263,-0.01
385,3,2NZ9,A:S902A,-0.09750431,-0.12
395,3,3BDY,H:N54A,-0.059474483,-0.2
425,3,3BE1,H:G96A,2.071234,0.1
436,3,3BE1,H:Y33A,-0.22937754,2.4
439,3,3BE1,L:D27aA,-0.14078116,0.0
452,3,3BE1,L:W50A,0.11349511,1.4
455,3,3BE1,L:Y92A,0.66206515,0.5
462,3,3BN9,A:F94A,0.50697595,0.64
475,3,3BN9,A:R222A,0.21011505,-0.09
486,3,3BN9,H:S30N,0.63534886,1.36
492,3,3HFM,H:C95F,3.661315,3.25
503,3,3HFM,L:Y50A,4.166336,4.57
507,3,3HFM,L:Y96F,3.2612796,1.4
513,3,3K2M,D:E52A,1.7853427,2.5
537,3,3NPS,A:F89A,0.43110073,1.61
542,3,3NPS,A:K221A,1.0056052,-0.1
544,3,3NPS,A:N90A,0.21729848,0.26
547,3,3NPS,A:Q169A,0.57863283,0.75
551,3,3NPS,A:R48A,0.86048263,-1.07
578,3,HM_1KTZ,B:V62A,0.7834097,0.7
579,3,HM_1KTZ,B:V77A,1.5609659,0.4
587,3,HM_1YY9,H:V50L,0.43348396,-0.6
593,3,HM_1YY9,L:T97C,-0.120247304,-0.51
599,3,HM_2NYY,A:F953A,0.56293327,1.53
615,3,HM_2NYY,H:Y31Q,0.77152336,1.33
628,3,HM_2NZ9,A:L919A,1.1205767,0.41
632,3,HM_2NZ9,A:R1061A,0.26752618,0.58
633,3,HM_2NZ9,A:R1064A,2.6891072,4.44
637,3,HM_3BN9,H:P100H,3.429532,1.36
