index,fold,pdbid,mutation,predicted_value,true_value
6,7,1AK4,D:H487A,0.8160615,0.84
15,7,1AK4,D:V486A,1.1517793,0.82
63,7,1DQJ,C:W63A,3.0045588,1.3
66,7,1DQJ,H:W98A,5.273329,4.9
78,7,1DVF,A:Y32A,3.940648,2.05
91,7,1DVF,B:Y32A,2.9936442,1.85
94,7,1DVF,D:H33A,4.09234,1.88
98,7,1DVF,D:Q104A,4.0193653,1.64
112,7,1JTG,A:K234A,0.89285505,0.82
124,7,1KTZ,B:F110A,1.1398621,0.9
127,7,1KTZ,B:I125A,1.3581712,0.5
135,7,1KTZ,B:S52L,2.2179284,3.7
139,7,1MHP,H:F99W,3.374825,0.0
146,7,1MHP,H:G100V,3.4899879,8.0
154,7,1MHP,H:G54M,2.8402886,8.0
155,7,1MHP,H:G54N,2.5693893,8.0
167,7,1MHP,H:S35V,3.4202812,8.0
169,7,1MHP,H:S52T,3.898599,8.0
174,7,1MHP,H:T50Q,3.37874,8.0
177,7,1MHP,H:Y58Q,3.7653751,2.08
183,7,1MHP,L:H31R,2.8346872,1.12
198,7,1MHP,L:N93D,2.6606607,8.0
219,7,1N8Z,H:D98A,0.9719105,1.21
221,7,1N8Z,H:F100A,1.7170076,1.17
234,7,1N8Z,H:Y56A,1.488505,0.87
260,7,1VFB,C:S24A,2.5358858,0.8
261,7,1VFB,C:T118A,2.3584864,0.8
274,7,1VFB,H:S28E,1.4624151,-0.1
292,7,1VFB,L:Y50R,3.024426,0.85
307,7,2JEL,P:E83A,0.11130339,0.0
311,7,2JEL,P:E85Q,-0.1181601,0.0
312,7,2JEL,P:F2W,2.2131722,2.64
317,7,2JEL,P:K27E,0.24573678,0.0
320,7,2JEL,P:K79E,0.22460863,0.41
321,7,2JEL,P:N12D,0.22084488,0.0
334,7,2JEL,P:T34Q,1.1952529,0.0
345,7,2NYY,A:F953A,0.793639,4.06
361,7,2NYY,H:M34Q,1.5411825,-0.06
377,7,2NZ9,A:K903A,0.83531815,0.54
379,7,2NZ9,A:L919A,2.0035536,2.28
393,7,3BDY,H:G99A,1.8094535,0.8
435,7,3BE1,H:Y100aA,3.1808417,1.2
440,7,3BE1,L:G31A,1.2720265,0.3
459,7,3BN9,A:D96A,1.6022493,6.7
460,7,3BN9,A:E169A,0.062383384,0.37
463,7,3BN9,A:F97A,3.420104,6.7
473,7,3BN9,A:Q221aA,0.8935997,0.71
479,7,3BN9,A:T150A,0.8111736,0.29
488,7,3BN9,H:T98Q,2.1610088,0.0
508,7,3HFM,Y:K96A,3.82239,6.83
515,7,3K2M,D:R38A,3.8375316,2.5
520,7,3NGB,H:A56G,0.38686976,-0.06
529,7,3NGB,H:V73T,0.53545535,0.16
564,7,HM_1KTZ,B:E75A,1.9216878,1.1
566,7,HM_1KTZ,B:F30A,2.0960975,3.0
572,7,HM_1KTZ,B:M112A,1.8625908,0.9
585,7,HM_1YY9,H:T57G,-0.17041638,-0.46
590,7,HM_1YY9,L:A25V,0.22383873,-0.62
591,7,HM_1YY9,L:G30Y,1.4131306,-0.92
602,7,HM_2NYY,A:K955A,-0.19227839,-0.5
608,7,HM_2NYY,A:R1064A,4.1281996,4.44
616,7,HM_2NYY,H:Y57Q,0.09987439,1.19
638,7,HM_3BN9,H:Q100aV,1.5487158,0.41
640,7,HM_3BN9,H:S30N,0.56872994,0.71
