index,fold,pdbid,mutation,predicted_value,true_value
0,2,1AK4,D:A488G,0.9321306,2.49
4,2,1AK4,D:G489A,0.9586115,1.91
13,2,1AK4,D:P490V,1.3241872,2.86
25,2,1BJ1,W:I91A,1.8672309,0.41
38,2,1CZ8,W:G88A,1.067375,2.67
39,2,1CZ8,W:G92A,1.5451283,4.1
40,2,1CZ8,W:H86A,0.30482548,0.0
41,2,1CZ8,W:H90A,1.4041555,0.0
56,2,1DQJ,C:K97A,1.8597255,3.5
64,2,1DQJ,C:Y20A,2.3968658,3.3
73,2,1DQJ,L:Y50A,3.1679375,2.7
75,2,1DVF,A:H30A,1.3840506,1.67
77,2,1DVF,A:W92A,2.3624275,0.34
100,2,1DVF,D:Y102A,2.2679987,4.79
108,2,1FFW,A:V108M,0.39242342,1.13
128,2,1KTZ,B:I50A,1.3937728,1.9
134,2,1KTZ,B:S52A,1.5023656,0.4
144,2,1MHP,H:G100M,3.0512137,0.1
149,2,1MHP,H:G53N,3.7255745,1.26
164,2,1MHP,H:R31Q,1.8633709,1.31
165,2,1MHP,H:S35A,3.3943238,1.58
185,2,1MHP,L:L49F,3.8473907,0.71
187,2,1MHP,L:L49W,3.097968,1.91
188,2,1MHP,L:L49Y,4.927562,8.0
197,2,1MHP,L:N52Y,0.6871387,-0.1
217,2,1MLC,L:N92A,0.7571157,-1.25
222,2,1N8Z,H:K30A,0.44271052,0.61
224,2,1N8Z,H:R50A,1.3429704,8.0
238,2,1N8Z,L:H91F,1.9059649,-0.43
239,2,1N8Z,L:H91F,1.9093647,0.03
258,2,1VFB,C:Q121A,1.4748583,2.9
287,2,1VFB,L:W92A,1.1302667,3.3
289,2,1VFB,L:Y32W,1.8215674,8.0
294,2,1YY9,H:T61E,-1.6303562,-0.06
326,2,2JEL,P:Q57E,0.27239007,-0.41
329,2,2JEL,P:R17K,0.24014091,0.0
342,2,2NYY,A:D1062A,2.0664012,2.53
348,2,2NYY,A:K1056A,0.5378933,-0.03
358,2,2NYY,A:S955A,0.18791054,0.0
365,2,2NYY,L:D30Y,1.3601459,0.65
382,2,2NZ9,A:Q915A,0.35885364,0.1
391,2,3BDY,H:G96A,0.36230654,0.2
394,2,3BDY,H:K30A,-0.69685805,0.2
405,2,3BDY,L:D27aA,-0.81890273,0.0
409,2,3BDY,L:I27bA,-0.22134486,1.1
416,2,3BDY,L:T93A,-0.15565464,-0.3
422,2,3BE1,H:D31A,0.6771195,0.4
432,2,3BE1,H:T32A,0.4426161,-0.4
434,2,3BE1,H:W95A,2.9979203,1.8
442,2,3BE1,L:H91A,1.4231634,0.9
499,2,3HFM,L:N31D,3.9163,1.34
504,2,3HFM,L:Y50F,3.4622009,2.36
514,2,3K2M,D:M88A,1.8800652,4.0
518,2,3K2M,D:Y36A,2.777007,3.7
524,2,3NGB,H:P62K,-0.015984118,0.23
528,2,3NGB,H:V57T,1.0184141,0.14
548,2,3NPS,A:Q218A,0.5673902,-0.04
552,2,3NPS,A:R51A,0.28683093,0.14
594,2,HM_1YY9,L:T97D,-0.020877957,-0.66
595,2,HM_1YY9,L:T97S,-0.025834158,-0.7
612,2,HM_2NYY,H:K30R,-0.026253775,0.51
623,2,HM_2NZ9,A:E920A,0.98535657,0.5
634,2,HM_2NZ9,A:R903A,0.6788188,-0.02
641,2,HM_3BN9,H:T28R,0.8847931,-0.24
643,2,HM_3BN9,H:T98R,0.3637677,-1.57
