index,fold,pdbid,mutation,predicted_value,true_value
11,9,1AK4,D:P485A,1.0755167,0.92
29,9,1BJ1,W:M94A,0.98604333,1.42
32,9,1BJ1,W:Q89A,1.2370605,1.75
57,9,1DQJ,C:L75A,2.400044,1.5
69,9,1DQJ,H:Y53A,2.3917255,1.2
80,9,1DVF,A:Y49A,1.2370424,1.75
83,9,1DVF,B:D54A,1.9035687,4.32
87,9,1DVF,B:R99A,1.4795619,1.89
93,9,1DVF,D:D52A,1.0267226,1.7
103,9,1FFW,A:E117K,0.8374545,0.71
109,9,1FFW,A:Y106W,0.91918135,0.71
121,9,1KTZ,B:E119Q,1.1952115,1.7
130,9,1KTZ,B:L27A,1.6316675,1.9
141,9,1MHP,H:G100F,3.2910824,0.57
166,9,1MHP,H:S35Q,3.373017,2.73
204,9,1MHP,L:S91T,3.298647,2.32
215,9,1MLC,L:N32G,0.7114309,-0.85
220,9,1N8Z,H:D98W,0.99795854,-0.69
228,9,1N8Z,H:Y100aA,2.6555123,8.0
231,9,1N8Z,H:Y102V,1.4308289,0.22
232,9,1N8Z,H:Y33A,1.7452501,-0.09
246,9,1N8Z,L:T93A,1.0342256,0.82
256,9,1VFB,C:L129A,1.2179904,0.2
262,9,1VFB,C:V120A,2.1296797,0.9
275,9,1VFB,H:S28N,0.7255189,0.15
281,9,1VFB,H:Y32E,1.5485291,1.91
304,9,2JEL,P:E70A,2.4404817,2.75
324,9,2JEL,P:Q3K,1.7659619,4.13
350,9,2NYY,A:K923A,0.3721903,-0.14
371,9,2NZ9,A:E920A,0.48824513,2.77
375,9,2NZ9,A:I956A,0.55666775,0.07
402,9,3BDY,H:Y33A,0.633419,0.3
407,9,3BDY,L:G51A,0.28425285,1.0
415,9,3BDY,L:S52A,-0.34235215,0.1
437,9,3BE1,H:Y52A,0.39703405,-0.8
444,9,3BE1,L:I29A,0.17605945,0.9
453,9,3BE1,L:Y32A,1.1795545,-0.8
465,9,3BN9,A:I41A,0.3533197,0.0
468,9,3BN9,A:L153A,0.1816479,0.34
487,9,3BN9,H:T28R,0.5980859,0.3
490,9,3BN9,H:Y99S,1.5745493,0.41
493,9,3HFM,H:D32A,2.2724552,1.9
494,9,3HFM,H:D32N,2.4902585,0.17
496,9,3HFM,H:Y33A,3.3928761,6.0
500,9,3HFM,L:N31E,3.3230712,5.67
501,9,3HFM,L:N32A,3.060182,5.11
506,9,3HFM,L:Y96A,3.0986583,2.71
519,9,3K2M,D:Y87A,3.3911786,4.0
530,9,3NGB,H:Y74S,0.4692415,0.33
532,9,3NPS,A:D46A,0.66108763,0.34
538,9,3NPS,A:F92A,1.895108,0.47
543,9,3NPS,A:L147A,0.49819866,0.3
553,9,3NPS,A:R82A,0.27565587,-0.15
556,9,3NPS,A:Y141A,1.5315871,1.79
562,9,HM_1KTZ,B:E119Q,1.073522,1.6
563,9,HM_1KTZ,B:E55A,1.7625263,1.2
565,9,HM_1KTZ,B:F110A,1.486478,0.9
582,9,HM_1YY9,H:I51G,-0.57585305,-0.51
588,9,HM_1YY9,H:V50Q,-0.27641147,-0.64
597,9,HM_2NYY,A:D902A,0.35439032,-0.49
610,9,HM_2NYY,A:S954A,0.7510324,-0.66
629,9,HM_2NZ9,A:N918A,0.61217135,0.3
636,9,HM_2NZ9,A:T923A,0.3989862,0.62
