index,fold,pdbid,mutation,predicted_value,true_value
1,5,1AK4,D:A488V,2.63649,0.6
18,5,1BJ1,W:E93A,1.5725014,0.82
21,5,1BJ1,W:H86A,0.47930655,0.0
28,5,1BJ1,W:M81A,3.3019824,3.69
31,5,1BJ1,W:Q87A,0.5648009,0.0
46,5,1CZ8,W:K84A,1.137161,1.36
55,5,1DQJ,C:K96A,4.5726213,6.1
71,5,1DQJ,L:N32A,1.9083549,4.1
72,5,1DQJ,L:S91A,3.8922377,1.4
82,5,1DVF,B:D100A,2.3192906,2.82
90,5,1DVF,B:Y101F,2.6276617,2.03
131,5,1KTZ,B:M112A,1.2037497,0.8
162,5,1MHP,H:K64Q,0.4523161,-0.16
173,5,1MHP,H:T50E,3.7041717,8.0
182,5,1MHP,L:H31K,1.740052,1.17
192,5,1MHP,L:N30Y,1.543989,1.91
199,5,1MHP,L:S24R,1.6615156,-0.07
200,5,1MHP,L:S28Q,0.62740755,-0.67
208,5,1MLC,H:S57A,0.5520191,-0.38
218,5,1N8Z,H:D31A,0.39207172,0.25
227,5,1N8Z,H:W95A,3.0086813,8.0
242,5,1N8Z,L:R66G,-0.26490057,0.22
266,5,1VFB,H:D58E,1.2587577,0.08
269,5,1VFB,H:G31E,0.27945578,-0.51
272,5,1VFB,H:R99Y,2.0191183,1.26
273,5,1VFB,H:S28D,0.8451789,0.0
285,5,1VFB,L:T52F,2.4744537,0.47
288,5,1VFB,L:Y32A,3.3473244,1.7
301,5,2JEL,P:E5Q,0.48461682,0.72
319,5,2JEL,P:K72R,1.4561158,0.0
322,5,2JEL,P:N38T,0.28334284,0.0
336,5,2JEL,P:T62A,0.62320536,0.0
337,5,2JEL,P:T62N,0.77558744,0.0
367,5,2NYY,L:S28Q,0.61868274,0.42
368,5,2NYY,L:S31N,1.0628418,-0.36
370,5,2NZ9,A:D1062A,1.2897615,2.34
383,5,2NZ9,A:R1061A,0.32926968,0.29
390,5,3BDY,H:F100A,-0.62860596,0.7
401,5,3BDY,H:Y100aA,1.7089994,0.5
414,5,3BDY,L:S30A,0.44476676,1.3
419,5,3BDY,L:Y32A,0.8736014,1.7
426,5,3BE1,H:G97A,1.0362422,0.3
430,5,3BE1,H:R50A,2.6772265,2.4
431,5,3BE1,H:R58A,0.5243478,2.5
433,5,3BE1,H:T53A,-0.34022596,0.1
441,5,3BE1,L:G51A,0.09679375,-0.3
450,5,3BE1,L:T93A,0.6169844,-0.4
461,5,3BN9,A:F60eA,0.18668467,-0.05
464,5,3BN9,A:H143A,1.4405305,0.09
469,5,3BN9,A:N95A,3.076853,0.77
470,5,3BN9,A:Q145A,0.54653764,0.13
474,5,3BN9,A:Q38A,0.2671435,-0.42
481,5,3BN9,A:Y146A,1.361351,1.09
521,5,3NGB,H:G54S,0.46626982,0.73
527,5,3NGB,H:T33Y,1.32535,0.08
535,5,3NPS,A:E163A,0.102102995,0.62
545,5,3NPS,A:Q140A,0.37018043,0.3
559,5,HM_1KTZ,B:D32A,0.98082227,1.5
573,5,HM_1KTZ,B:N47A,1.7533046,0.3
575,5,HM_1KTZ,B:S52A,1.6683562,0.2
581,5,HM_1YY9,H:G33D,0.0009869337,-0.89
617,5,HM_2NYY,L:D30Y,0.2087579,0.6
620,5,HM_2NYY,L:S31N,0.4670614,1.2
622,5,HM_2NZ9,A:D902A,-0.2509235,-0.49
635,5,HM_2NZ9,A:S954A,-0.26735666,-0.66
