index,fold,pdbid,mutation,predicted_value,true_value
14,10,1AK4,D:P493A,0.46908432,0.51
48,10,1CZ8,W:M94A,0.50376415,1.91
70,10,1DQJ,L:N31A,2.1974473,2.0
86,10,1DVF,B:N56A,1.8007445,1.17
96,10,1DVF,D:K30A,1.480697,1.01
102,10,1FFW,A:D13K,0.38754565,0.05
116,10,1JTG,B:D49A,1.0363001,1.98
118,10,1KTZ,B:D32A,0.7170683,1.4
123,10,1KTZ,B:E75A,0.5805687,1.0
137,10,1KTZ,B:V62A,0.18741205,0.7
138,10,1KTZ,B:V77A,0.7259059,0.5
142,10,1MHP,H:G100I,2.9259238,8.0
143,10,1MHP,H:G100L,1.9006877,2.73
152,10,1MHP,H:G53W,5.6267676,8.0
159,10,1MHP,H:K64D,0.1167168,-0.12
161,10,1MHP,H:K64N,0.19823623,-0.07
180,10,1MHP,L:G92Q,0.8176283,1.58
196,10,1MHP,L:N52R,0.46838304,0.85
210,10,1MLC,H:T28D,-0.3971296,-0.15
212,10,1MLC,H:T31V,-0.2043479,0.53
230,10,1N8Z,H:Y100aF,0.29833752,0.82
243,10,1N8Z,L:S50A,0.25676584,-0.07
249,10,1N8Z,L:Y49A,0.5086357,1.05
253,10,1VFB,C:D18A,0.49641797,0.3
265,10,1VFB,H:D54A,0.812778,1.0
268,10,1VFB,H:G31A,0.25017262,0.3
270,10,1VFB,H:G31W,-0.5176004,0.01
271,10,1VFB,H:R99W,1.1015697,0.71
277,10,1VFB,H:W52A,1.1935146,0.9
278,10,1VFB,H:Y101A,1.718807,4.0
279,10,1VFB,H:Y101F,0.19157162,1.6
310,10,2JEL,P:E85K,0.10744691,0.0
314,10,2JEL,P:H76A,-0.031848803,-0.41
316,10,2JEL,P:K24E,-0.1805427,0.0
323,10,2JEL,P:P11E,-0.42524976,0.0
340,10,2JEL,P:V6F,1.1576095,0.0
347,10,2NYY,A:I956A,0.64886165,-0.01
362,10,2NYY,H:Y31D,-0.058553606,0.07
363,10,2NYY,H:Y31Q,0.256303,0.13
374,10,2NZ9,A:H1064A,6.945238,7.42
387,10,2NZ9,A:T1063A,1.1710924,2.37
396,10,3BDY,H:R50A,0.4181481,-0.3
413,10,3BDY,L:S28A,0.18776064,1.0
418,10,3BDY,L:W50A,1.3005576,1.3
420,10,3BDY,L:Y53A,0.78651696,0.7
421,10,3BDY,L:Y92A,0.31944656,1.4
445,10,3BE1,L:P27cA,0.34963635,0.1
447,10,3BE1,L:S28A,0.42588273,0.3
456,10,3BN9,A:D217A,0.3944615,0.57
467,10,3BN9,A:K224A,0.51424384,0.79
483,10,3BN9,H:P100H,1.3979118,8.0
505,10,3HFM,L:Y50L,2.9397316,4.4
526,10,3NGB,H:R61Q,-0.25891367,0.1
539,10,3NPS,A:H138A,0.5149671,1.89
540,10,3NPS,A:I26A,0.44388485,0.65
554,10,3NPS,A:T144A,0.037432402,0.18
567,10,HM_1KTZ,B:H79A,0.63766956,0.3
569,10,HM_1KTZ,B:I50A,0.91253304,1.9
577,10,HM_1KTZ,B:T51A,0.25539964,1.5
580,10,HM_1YY9,H:A98W,-0.01301761,-0.23
586,10,HM_1YY9,H:T57P,-0.9944283,-0.48
601,10,HM_2NYY,A:K915A,-0.4723817,-0.31
614,10,HM_2NYY,H:Y31D,0.5205065,0.97
644,10,HM_3BN9,H:Y99S,-0.015950501,0.54
