index,fold,pdbid,mutation,predicted_value,true_value
2,8,1AK4,D:A492G,0.46037662,0.41
16,8,1BJ1,V:F17A,0.2730381,0.0
17,8,1BJ1,V:Y21A,0.24652499,0.0
37,8,1CZ8,W:E93A,1.4497838,1.15
59,8,1DQJ,C:R21A,2.9362226,1.3
60,8,1DQJ,C:S100A,2.6330492,0.8
81,8,1DVF,A:Y50A,1.2220504,0.69
107,8,1FFW,A:T87I,0.62377715,-0.32
111,8,1JRH,I:T14V,0.20193097,-0.02
125,8,1KTZ,B:F30A,2.3477473,2.9
126,8,1KTZ,B:H79A,0.60080737,0.4
129,8,1KTZ,B:I53A,1.3878031,1.2
132,8,1KTZ,B:N47A,1.5355009,0.3
148,8,1MHP,H:G53A,3.0376716,0.51
157,8,1MHP,H:G54Y,4.122242,0.0
163,8,1MHP,H:L60D,0.844634,-0.12
168,8,1MHP,H:S52M,4.1455593,2.08
181,8,1MHP,L:G92S,2.1035075,0.51
190,8,1MHP,L:N30V,2.2437541,1.05
194,8,1MHP,L:N52E,0.412207,-0.18
240,8,1N8Z,L:N30A,-0.10080795,1.12
283,8,1VFB,L:L46E,4.575612,8.0
286,8,1VFB,L:T53R,1.1267463,1.67
293,8,1YY9,H:N56A,-0.23062973,-0.06
295,8,1YY9,L:N93A,0.14240733,-0.74
296,8,1YY9,L:S26D,-0.21400358,-0.2
299,8,2JEL,P:D69E,0.7839169,0.96
303,8,2JEL,P:E68A,1.1029147,0.41
309,8,2JEL,P:E85D,-0.3415162,0.0
313,8,2JEL,P:F2Y,2.8967757,0.0
327,8,2JEL,P:Q71E,1.1854514,2.75
332,8,2JEL,P:S46C,-0.077073336,0.0
343,8,2NYY,A:E920A,0.9459517,2.84
356,8,2NYY,A:R1294A,0.810586,0.3
378,8,2NZ9,A:K923A,0.19183476,-0.3
386,8,2NZ9,A:S955A,0.19607666,-0.08
389,8,3BDY,H:D98A,0.6222356,0.0
398,8,3BDY,H:T32A,0.38838544,-0.4
399,8,3BDY,H:T53A,-0.0012583993,-0.5
404,8,3BDY,H:Y56A,0.046021704,0.2
411,8,3BDY,L:P27cA,0.85708964,0.2
428,8,3BE1,H:K30A,0.18295942,-0.3
451,8,3BE1,L:T94A,-0.48271528,1.4
457,8,3BN9,A:D60aA,0.4503036,0.42
466,8,3BN9,A:I60A,0.93761706,0.84
472,8,3BN9,A:Q175A,0.86942875,2.51
476,8,3BN9,A:R60cA,0.06260139,-0.05
477,8,3BN9,A:R60fA,0.11874521,-0.07
480,8,3BN9,A:T98A,1.7503324,1.13
482,8,3BN9,A:Y60gA,0.14552766,0.02
489,8,3BN9,H:T98R,-0.30812037,-0.06
491,8,3HFM,H:C95A,2.7477512,5.52
531,8,3NPS,A:D214A,-0.3155415,1.48
549,8,3NPS,A:Q23A,-0.36163047,0.03
555,8,3NPS,A:T93A,-0.034074485,0.73
557,8,3NPS,A:Y52A,0.4886781,0.46
571,8,HM_1KTZ,B:L27A,1.4301264,1.8
576,8,HM_1KTZ,B:S52L,2.935116,4.0
583,8,HM_1YY9,H:R97D,0.6455078,-0.99
589,8,HM_1YY9,H:Y32R,-0.1235483,-0.13
613,8,HM_2NYY,H:M34Q,0.50364196,-0.01
618,8,HM_2NYY,L:H34R,1.1884366,0.63
626,8,HM_2NZ9,A:K915A,-0.38707408,-0.31
642,8,HM_3BN9,H:T98Q,-1.3231592,-0.16
