index,fold,pdbid,mutation,predicted_value,true_value
5,6,1AK4,D:G489V,1.2372864,2.86
9,6,1AK4,D:I491A,0.7819019,0.07
43,6,1CZ8,W:I83A,3.2270727,1.3
44,6,1CZ8,W:I91A,1.249326,1.06
47,6,1CZ8,W:M81A,3.3626087,4.1
49,6,1CZ8,W:Q79A,0.7986952,0.65
51,6,1CZ8,W:Q89A,1.2706681,1.06
52,6,1CZ8,W:R82A,2.4934635,0.82
62,6,1DQJ,C:W62A,0.45169818,0.8
68,6,1DQJ,H:Y50A,4.996709,6.9
89,6,1DVF,B:W52A,2.4870532,4.17
106,6,1FFW,A:T112I,0.4315253,0.56
113,6,1JTG,A:R243A,0.39154685,0.56
115,6,1JTG,A:S235A,0.4592464,1.32
119,6,1KTZ,B:D32N,1.4678541,1.7
133,6,1KTZ,B:S49A,0.57066023,0.5
171,6,1MHP,H:T33Q,2.3582325,8.0
176,6,1MHP,H:Y58E,2.5161657,2.08
178,6,1MHP,H:Y58W,1.9727681,0.82
186,6,1MHP,L:L49K,2.2235007,0.93
191,6,1MHP,L:N30W,2.6705704,1.58
195,6,1MHP,L:N52K,0.4820204,0.66
201,6,1MHP,L:S91K,5.8112154,8.0
202,6,1MHP,L:S91Q,4.4902563,1.78
207,6,1MLC,H:K65D,-0.8040463,0.02
216,6,1MLC,L:N32Y,-0.53403777,0.0
225,6,1N8Z,H:T32A,0.351261,0.38
241,6,1N8Z,L:N30S,0.96542937,0.06
247,6,1N8Z,L:T94A,1.6561625,-0.12
251,6,1N8Z,L:Y92F,2.5970552,-0.21
259,6,1VFB,C:R125A,0.5806779,1.8
267,6,1VFB,H:D58N,0.80714977,-0.13
276,6,1VFB,H:S28Q,-0.1341402,0.08
280,6,1VFB,H:Y32A,1.3684362,1.1
284,6,1VFB,L:N31W,1.0252883,0.17
308,6,2JEL,P:E85A,-0.11871332,0.0
330,6,2JEL,P:S41C,0.19735602,1.51
331,6,2JEL,P:S43C,-0.19460803,0.0
333,6,2JEL,P:S64T,1.2229207,4.13
349,6,2NYY,A:K903A,0.15104839,0.29
359,6,2NYY,A:T1063A,2.1872935,1.62
366,6,2NYY,L:H34R,0.44742602,0.1
392,6,3BDY,H:G97A,0.27450722,-0.1
400,6,3BDY,H:W95A,1.8181303,2.0
412,6,3BDY,L:R27dA,0.89839274,-0.2
417,6,3BDY,L:T94A,0.17931718,0.0
446,6,3BE1,L:R27dA,0.07187574,-0.2
449,6,3BE1,L:S52A,-0.011424646,0.3
471,6,3BN9,A:Q174A,0.05750251,-0.03
478,6,3BN9,A:R87A,0.18191606,-0.16
484,6,3BN9,H:Q100aV,2.4121957,1.36
498,6,3HFM,L:N31A,2.7593281,5.22
509,6,3HFM,Y:K97A,3.6420124,6.18
546,6,3NPS,A:Q168A,-0.0458647,-0.06
558,6,HM_1KTZ,B:D118A,1.0792192,0.8
561,6,HM_1KTZ,B:E119A,1.1752514,1.5
570,6,HM_1KTZ,B:I53A,1.1338676,1.4
596,6,HM_2NYY,A:D1062A,0.011145912,-0.14
603,6,HM_2NYY,A:L919A,0.07287395,0.41
604,6,HM_2NYY,A:N918A,0.06549014,0.3
606,6,HM_2NYY,A:P1063A,0.564396,0.24
630,6,HM_2NZ9,A:N957A,-0.6454011,0.01
631,6,HM_2NZ9,A:P1063A,0.21847242,0.24
639,6,HM_3BN9,H:S30G,1.0612184,0.71
