index,fold,pdbid,mutation,predicted_value,true_value
3,4,1AK4,D:A492V,0.7254844,0.19
12,4,1AK4,D:P490A,1.4033743,2.0
24,4,1BJ1,W:I83A,1.5638847,3.69
42,4,1CZ8,W:I80A,1.4784595,0.95
53,4,1CZ8,W:Y45A,0.5850577,1.94
54,4,1DQJ,C:D101A,1.4587418,1.3
58,4,1DQJ,C:N93A,2.0443387,0.6
76,4,1DVF,A:S93A,1.373961,1.17
79,4,1DVF,A:Y49A,1.3462752,1.64
88,4,1DVF,B:T30A,0.93501383,0.92
92,4,1DVF,C:Y49A,1.5464978,1.88
95,4,1DVF,D:I101A,2.4775562,2.71
97,4,1DVF,D:N55A,0.6173003,1.88
114,4,1JTG,A:S130A,1.415281,0.5
140,4,1MHP,H:F99Y,2.9235682,0.76
145,4,1MHP,H:G100S,3.0661907,0.56
151,4,1MHP,H:G53S,2.5318127,0.68
156,4,1MHP,H:G54T,3.1335893,1.17
158,4,1MHP,H:H56Y,3.4379542,8.0
170,4,1MHP,H:T33N,2.6623893,2.73
175,4,1MHP,H:T50V,4.221078,-0.26
179,4,1MHP,H:Y59E,0.3118559,0.54
203,4,1MHP,L:S91R,2.0423956,2.73
205,4,1MHP,L:S91W,2.3392773,8.0
213,4,1MLC,H:T31W,-0.4273162,0.13
245,4,1N8Z,L:T31A,0.21808657,0.8
252,4,1VFB,C:D119A,1.3926812,1.0
263,4,1VFB,C:Y23A,1.1067824,0.4
291,4,1VFB,L:Y50K,1.8325249,1.67
297,4,1YY9,L:T31E,-0.10861039,-0.52
298,4,2JEL,P:A82S,0.042495966,0.0
302,4,2JEL,P:E66K,2.0287054,4.13
305,4,2JEL,P:E70K,2.0040152,4.13
315,4,2JEL,P:H76D,0.26989257,-0.66
328,4,2JEL,P:R17G,0.021286964,0.0
335,4,2JEL,P:T36Q,0.46490192,0.41
339,4,2JEL,P:T7S,0.05612451,0.0
344,4,2NYY,A:F917A,0.9352673,0.42
351,4,2NYY,A:L919A,1.2289658,2.59
352,4,2NYY,A:N918A,0.78741366,0.89
357,4,2NYY,A:S902A,-0.17403033,-0.23
369,4,2NZ9,A:D1058A,0.11719167,-0.03
381,4,2NZ9,A:N954A,0.4657581,-0.15
406,4,3BDY,L:G31A,1.1563672,1.2
408,4,3BDY,L:H91A,0.676985,2.0
423,4,3BE1,H:D98A,0.018465102,-0.1
427,4,3BE1,H:G99A,-0.057782322,1.8
429,4,3BE1,H:N54A,-0.2322381,-0.8
443,4,3BE1,L:I27bA,-0.13692412,-0.2
454,4,3BE1,L:Y53A,-0.5578789,0.9
497,4,3HFM,H:Y50A,4.2089076,8.0
510,4,3HFM,Y:K97M,3.0837283,1.09
511,4,3HFM,Y:R21A,2.0033433,1.03
516,4,3K2M,D:W80A,2.8122745,4.0
536,4,3NPS,A:F50A,0.17563635,0.22
541,4,3NPS,A:I45A,1.1617932,-0.34
550,4,3NPS,A:R219A,0.2909346,-0.08
568,4,HM_1KTZ,B:I125A,1.0669746,0.5
584,4,HM_1YY9,H:T100Y,0.20146334,-0.45
598,4,HM_2NYY,A:E920A,0.09966239,0.5
605,4,HM_2NYY,A:N957A,-0.32919586,0.01
607,4,HM_2NYY,A:R1061A,0.28805673,0.58
625,4,HM_2NZ9,A:I917A,0.39108607,0.95
627,4,HM_2NZ9,A:K955A,-0.58094203,-0.5
