index,fold,pdbid,mutation,predicted_value,true_value
7,3,1AK4,D:H487Q,0.6587595,0.8
20,3,1BJ1,W:G92A,1.6262838,3.69
22,3,1BJ1,W:H90A,1.5969388,0.0
23,3,1BJ1,W:I80A,1.5338778,0.82
30,3,1BJ1,W:Q79A,0.41752994,0.0
34,3,1BJ1,W:Y45A,1.7468216,0.82
35,3,1CZ8,V:F17A,0.7313241,0.0
36,3,1CZ8,V:Y21A,0.65871453,0.0
50,3,1CZ8,W:Q87A,1.167155,0.0
65,3,1DQJ,H:D32A,2.0331595,2.0
67,3,1DQJ,H:Y33A,5.861701,5.5
85,3,1DVF,B:E98A,1.9464812,4.23
105,3,1FFW,A:F111V,0.52952987,1.26
120,3,1KTZ,B:E119A,1.1504235,1.4
136,3,1KTZ,B:T51A,0.50187397,1.3
153,3,1MHP,H:G54I,3.4738271,1.36
184,3,1MHP,L:H31W,0.82065237,1.26
193,3,1MHP,L:N52D,0.41483825,0.5
206,3,1MHP,L:W90Q,2.1082072,2.08
209,3,1MLC,H:S57V,-0.3282172,-0.49
223,3,1N8Z,H:N54A,0.37189963,-0.15
229,3,1N8Z,H:Y100aF,0.836456,-0.05
236,3,1N8Z,L:F53N,-0.104450315,1.21
237,3,1N8Z,L:H91A,0.7874037,8.0
248,3,1N8Z,L:T94S,0.45188373,0.31
254,3,1VFB,C:I124A,1.26722,1.2
255,3,1VFB,C:K116A,1.0356491,0.7
282,3,1VFB,L:L46D,6.2679486,8.0
300,3,2JEL,P:E5D,-0.29661447,0.41
306,3,2JEL,P:E75R,0.6493032,2.75
338,3,2JEL,P:T7N,-0.52750134,0.41
341,3,2NYY,A:D1058A,0.5362721,0.01
346,3,2NYY,A:H1064A,7.0016475,7.32
353,3,2NYY,A:N954A,0.30622914,0.1
373,3,2NZ9,A:F953A,1.596451,3.34
376,3,2NZ9,A:K1056A,0.6295233,-0.01
385,3,2NZ9,A:S902A,0.087715685,-0.12
395,3,3BDY,H:N54A,-0.35712823,-0.2
425,3,3BE1,H:G96A,1.3238828,0.1
436,3,3BE1,H:Y33A,0.7104942,2.4
439,3,3BE1,L:D27aA,-0.23798028,0.0
452,3,3BE1,L:W50A,0.23083171,1.4
455,3,3BE1,L:Y92A,0.29824343,0.5
462,3,3BN9,A:F94A,0.64737225,0.64
475,3,3BN9,A:R222A,0.4560551,-0.09
486,3,3BN9,H:S30N,0.8817495,1.36
492,3,3HFM,H:C95F,1.7904185,3.25
503,3,3HFM,L:Y50A,3.0007777,4.57
507,3,3HFM,L:Y96F,3.1667464,1.4
513,3,3K2M,D:E52A,1.7834766,2.5
537,3,3NPS,A:F89A,0.29197806,1.61
542,3,3NPS,A:K221A,0.8540561,-0.1
544,3,3NPS,A:N90A,0.32955995,0.26
547,3,3NPS,A:Q169A,0.6305853,0.75
551,3,3NPS,A:R48A,-0.07596293,-1.07
578,3,HM_1KTZ,B:V62A,0.7325691,0.7
579,3,HM_1KTZ,B:V77A,0.90513414,0.4
587,3,HM_1YY9,H:V50L,-0.9391837,-0.6
593,3,HM_1YY9,L:T97C,-0.035606742,-0.51
599,3,HM_2NYY,A:F953A,0.47849143,1.53
615,3,HM_2NYY,H:Y31Q,0.11393803,1.33
628,3,HM_2NZ9,A:L919A,0.6376817,0.41
632,3,HM_2NZ9,A:R1061A,-0.044128835,0.58
633,3,HM_2NZ9,A:R1064A,3.055481,4.44
637,3,HM_3BN9,H:P100H,3.6445272,1.36
