index,fold,pdbid,mutation,predicted_value,true_value
0,2,1AK4,D:A488G,0.73233104,2.49
4,2,1AK4,D:G489A,0.9415686,1.91
13,2,1AK4,D:P490V,1.1584337,2.86
25,2,1BJ1,W:I91A,1.4529791,0.41
38,2,1CZ8,W:G88A,0.96464765,2.67
39,2,1CZ8,W:G92A,1.4070443,4.1
40,2,1CZ8,W:H86A,0.92691123,0.0
41,2,1CZ8,W:H90A,1.2889305,0.0
56,2,1DQJ,C:K97A,2.0298347,3.5
64,2,1DQJ,C:Y20A,2.6878073,3.3
73,2,1DQJ,L:Y50A,3.163713,2.7
75,2,1DVF,A:H30A,1.6101646,1.67
77,2,1DVF,A:W92A,2.2361376,0.34
100,2,1DVF,D:Y102A,2.1550536,4.79
108,2,1FFW,A:V108M,0.030406743,1.13
128,2,1KTZ,B:I50A,1.158397,1.9
134,2,1KTZ,B:S52A,1.0459404,0.4
144,2,1MHP,H:G100M,3.0292487,0.1
149,2,1MHP,H:G53N,3.888183,1.26
164,2,1MHP,H:R31Q,3.018209,1.31
165,2,1MHP,H:S35A,3.8115187,1.58
185,2,1MHP,L:L49F,2.986319,0.71
187,2,1MHP,L:L49W,2.808744,1.91
188,2,1MHP,L:L49Y,3.421327,8.0
197,2,1MHP,L:N52Y,1.445113,-0.1
217,2,1MLC,L:N92A,0.7692672,-1.25
222,2,1N8Z,H:K30A,0.39815336,0.61
224,2,1N8Z,H:R50A,1.9952499,8.0
238,2,1N8Z,L:H91F,0.8405267,-0.43
239,2,1N8Z,L:H91F,0.84051144,0.03
258,2,1VFB,C:Q121A,2.0369487,2.9
287,2,1VFB,L:W92A,1.0326846,3.3
289,2,1VFB,L:Y32W,1.840059,8.0
294,2,1YY9,H:T61E,-1.5662017,-0.06
326,2,2JEL,P:Q57E,0.99509144,-0.41
329,2,2JEL,P:R17K,-0.116749555,0.0
342,2,2NYY,A:D1062A,1.9630413,2.53
348,2,2NYY,A:K1056A,0.77010286,-0.03
358,2,2NYY,A:S955A,-0.051151007,0.0
365,2,2NYY,L:D30Y,1.8812758,0.65
382,2,2NZ9,A:Q915A,0.19610855,0.1
391,2,3BDY,H:G96A,0.47387528,0.2
394,2,3BDY,H:K30A,-0.07858685,0.2
405,2,3BDY,L:D27aA,-0.22898136,0.0
409,2,3BDY,L:I27bA,0.62327963,1.1
416,2,3BDY,L:T93A,0.59255207,-0.3
422,2,3BE1,H:D31A,0.28971952,0.4
432,2,3BE1,H:T32A,0.0423332,-0.4
434,2,3BE1,H:W95A,3.375035,1.8
442,2,3BE1,L:H91A,0.7326715,0.9
499,2,3HFM,L:N31D,3.1374469,1.34
504,2,3HFM,L:Y50F,3.0368726,2.36
514,2,3K2M,D:M88A,2.9631062,4.0
518,2,3K2M,D:Y36A,2.698234,3.7
524,2,3NGB,H:P62K,-0.3534307,0.23
528,2,3NGB,H:V57T,0.42395195,0.14
548,2,3NPS,A:Q218A,-0.1058884,-0.04
552,2,3NPS,A:R51A,0.17624763,0.14
594,2,HM_1YY9,L:T97D,-0.48155272,-0.66
595,2,HM_1YY9,L:T97S,-0.55160534,-0.7
612,2,HM_2NYY,H:K30R,0.48591954,0.51
623,2,HM_2NZ9,A:E920A,0.79551214,0.5
634,2,HM_2NZ9,A:R903A,0.17699827,-0.02
641,2,HM_3BN9,H:T28R,0.4844072,-0.24
643,2,HM_3BN9,H:T98R,-0.33987886,-1.57
