index,fold,pdbid,mutation,predicted_value,true_value
6,7,1AK4,D:H487A,1.3028481,0.84
15,7,1AK4,D:V486A,1.4336364,0.82
63,7,1DQJ,C:W63A,1.623411,1.3
66,7,1DQJ,H:W98A,3.8620753,4.9
78,7,1DVF,A:Y32A,2.7410102,2.05
91,7,1DVF,B:Y32A,2.2859335,1.85
94,7,1DVF,D:H33A,3.4285398,1.88
98,7,1DVF,D:Q104A,2.8272035,1.64
112,7,1JTG,A:K234A,1.5727086,0.82
124,7,1KTZ,B:F110A,1.2622508,0.9
127,7,1KTZ,B:I125A,1.2964964,0.5
135,7,1KTZ,B:S52L,2.0369291,3.7
139,7,1MHP,H:F99W,3.2653499,0.0
146,7,1MHP,H:G100V,3.1322303,8.0
154,7,1MHP,H:G54M,2.2950616,8.0
155,7,1MHP,H:G54N,2.3735244,8.0
167,7,1MHP,H:S35V,3.1624975,8.0
169,7,1MHP,H:S52T,3.2686267,8.0
174,7,1MHP,H:T50Q,3.2844949,8.0
177,7,1MHP,H:Y58Q,3.0634952,2.08
183,7,1MHP,L:H31R,2.4046626,1.12
198,7,1MHP,L:N93D,2.373612,8.0
219,7,1N8Z,H:D98A,0.467974,1.21
221,7,1N8Z,H:F100A,0.12084332,1.17
234,7,1N8Z,H:Y56A,0.9804278,0.87
260,7,1VFB,C:S24A,1.7697504,0.8
261,7,1VFB,C:T118A,1.4750972,0.8
274,7,1VFB,H:S28E,0.807253,-0.1
292,7,1VFB,L:Y50R,2.62379,0.85
307,7,2JEL,P:E83A,0.46523967,0.0
311,7,2JEL,P:E85Q,0.41032505,0.0
312,7,2JEL,P:F2W,2.75141,2.64
317,7,2JEL,P:K27E,0.576179,0.0
320,7,2JEL,P:K79E,0.4306504,0.41
321,7,2JEL,P:N12D,0.79018867,0.0
334,7,2JEL,P:T34Q,1.2396429,0.0
345,7,2NYY,A:F953A,0.5441619,4.06
361,7,2NYY,H:M34Q,1.9488078,-0.06
377,7,2NZ9,A:K903A,0.9460983,0.54
379,7,2NZ9,A:L919A,2.319219,2.28
393,7,3BDY,H:G99A,1.2732432,0.8
435,7,3BE1,H:Y100aA,2.3955357,1.2
440,7,3BE1,L:G31A,0.5308517,0.3
459,7,3BN9,A:D96A,1.4305215,6.7
460,7,3BN9,A:E169A,0.0061769187,0.37
463,7,3BN9,A:F97A,2.171917,6.7
473,7,3BN9,A:Q221aA,0.6074623,0.71
479,7,3BN9,A:T150A,0.64367104,0.29
488,7,3BN9,H:T98Q,1.2664096,0.0
508,7,3HFM,Y:K96A,2.0809886,6.83
515,7,3K2M,D:R38A,3.6047199,2.5
520,7,3NGB,H:A56G,0.85789454,-0.06
529,7,3NGB,H:V73T,0.5618993,0.16
564,7,HM_1KTZ,B:E75A,2.311918,1.1
566,7,HM_1KTZ,B:F30A,2.297736,3.0
572,7,HM_1KTZ,B:M112A,2.0462146,0.9
585,7,HM_1YY9,H:T57G,-0.8666718,-0.46
590,7,HM_1YY9,L:A25V,-0.019546747,-0.62
591,7,HM_1YY9,L:G30Y,0.30249602,-0.92
602,7,HM_2NYY,A:K955A,0.32247967,-0.5
608,7,HM_2NYY,A:R1064A,5.421254,4.44
616,7,HM_2NYY,H:Y57Q,0.54828477,1.19
638,7,HM_3BN9,H:Q100aV,0.5601491,0.41
640,7,HM_3BN9,H:S30N,0.27340412,0.71
