index,fold,pdbid,mutation,predicted_value,true_value
14,10,1AK4,D:P493A,0.93801856,0.51
48,10,1CZ8,W:M94A,0.5345041,1.91
70,10,1DQJ,L:N31A,2.7472153,2.0
86,10,1DVF,B:N56A,2.859939,1.17
96,10,1DVF,D:K30A,1.033602,1.01
102,10,1FFW,A:D13K,0.9662866,0.05
116,10,1JTG,B:D49A,0.6818532,1.98
118,10,1KTZ,B:D32A,1.5857214,1.4
123,10,1KTZ,B:E75A,1.4888865,1.0
137,10,1KTZ,B:V62A,0.49587324,0.7
138,10,1KTZ,B:V77A,0.3466804,0.5
142,10,1MHP,H:G100I,2.7787623,8.0
143,10,1MHP,H:G100L,2.964868,2.73
152,10,1MHP,H:G53W,3.0593185,8.0
159,10,1MHP,H:K64D,1.2071587,-0.12
161,10,1MHP,H:K64N,0.49733436,-0.07
180,10,1MHP,L:G92Q,3.0631075,1.58
196,10,1MHP,L:N52R,1.5146382,0.85
210,10,1MLC,H:T28D,-0.42459285,-0.15
212,10,1MLC,H:T31V,-0.22667174,0.53
230,10,1N8Z,H:Y100aF,2.126168,0.82
243,10,1N8Z,L:S50A,0.6625049,-0.07
249,10,1N8Z,L:Y49A,0.40490973,1.05
253,10,1VFB,C:D18A,0.8729833,0.3
265,10,1VFB,H:D54A,0.782251,1.0
268,10,1VFB,H:G31A,0.6972347,0.3
270,10,1VFB,H:G31W,0.7840402,0.01
271,10,1VFB,H:R99W,1.291275,0.71
277,10,1VFB,H:W52A,2.0191667,0.9
278,10,1VFB,H:Y101A,2.9243035,4.0
279,10,1VFB,H:Y101F,1.542745,1.6
310,10,2JEL,P:E85K,0.62017,0.0
314,10,2JEL,P:H76A,0.38453558,-0.41
316,10,2JEL,P:K24E,-0.44988915,0.0
323,10,2JEL,P:P11E,-0.74040854,0.0
340,10,2JEL,P:V6F,0.18711227,0.0
347,10,2NYY,A:I956A,0.71716887,-0.01
362,10,2NYY,H:Y31D,0.62210184,0.07
363,10,2NYY,H:Y31Q,0.58836937,0.13
374,10,2NZ9,A:H1064A,5.3457055,7.42
387,10,2NZ9,A:T1063A,2.0337048,2.37
396,10,3BDY,H:R50A,1.7534145,-0.3
413,10,3BDY,L:S28A,-0.051346213,1.0
418,10,3BDY,L:W50A,1.7151333,1.3
420,10,3BDY,L:Y53A,0.016090378,0.7
421,10,3BDY,L:Y92A,0.46097308,1.4
445,10,3BE1,L:P27cA,0.028052598,0.1
447,10,3BE1,L:S28A,0.12019503,0.3
456,10,3BN9,A:D217A,2.9002705,0.57
467,10,3BN9,A:K224A,0.6902556,0.79
483,10,3BN9,H:P100H,1.4575145,8.0
505,10,3HFM,L:Y50L,3.015328,4.4
526,10,3NGB,H:R61Q,-0.0644806,0.1
539,10,3NPS,A:H138A,0.65930724,1.89
540,10,3NPS,A:I26A,0.5359141,0.65
554,10,3NPS,A:T144A,0.36621815,0.18
567,10,HM_1KTZ,B:H79A,1.3230338,0.3
569,10,HM_1KTZ,B:I50A,1.4789511,1.9
577,10,HM_1KTZ,B:T51A,0.7288193,1.5
580,10,HM_1YY9,H:A98W,0.5302695,-0.23
586,10,HM_1YY9,H:T57P,-1.4282864,-0.48
601,10,HM_2NYY,A:K915A,0.23155126,-0.31
614,10,HM_2NYY,H:Y31D,0.51585996,0.97
644,10,HM_3BN9,H:Y99S,0.57653576,0.54
