index,fold,pdbid,mutation,predicted_value,true_value
2,8,1AK4,D:A492G,0.7890672,0.41
16,8,1BJ1,V:F17A,0.1884766,0.0
17,8,1BJ1,V:Y21A,0.2207802,0.0
37,8,1CZ8,W:E93A,1.5199894,1.15
59,8,1DQJ,C:R21A,3.9477496,1.3
60,8,1DQJ,C:S100A,2.3912013,0.8
81,8,1DVF,A:Y50A,0.90539783,0.69
107,8,1FFW,A:T87I,0.68405193,-0.32
111,8,1JRH,I:T14V,-0.25917315,-0.02
125,8,1KTZ,B:F30A,2.9015074,2.9
126,8,1KTZ,B:H79A,0.6413983,0.4
129,8,1KTZ,B:I53A,1.3448607,1.2
132,8,1KTZ,B:N47A,0.45750123,0.3
148,8,1MHP,H:G53A,2.553057,0.51
157,8,1MHP,H:G54Y,0.914667,0.0
163,8,1MHP,H:L60D,1.9041152,-0.12
168,8,1MHP,H:S52M,2.610506,2.08
181,8,1MHP,L:G92S,3.4937315,0.51
190,8,1MHP,L:N30V,2.6698852,1.05
194,8,1MHP,L:N52E,0.43699998,-0.18
240,8,1N8Z,L:N30A,-0.0727416,1.12
283,8,1VFB,L:L46E,6.929694,8.0
286,8,1VFB,L:T53R,0.803987,1.67
293,8,1YY9,H:N56A,0.16431665,-0.06
295,8,1YY9,L:N93A,0.8060032,-0.74
296,8,1YY9,L:S26D,0.15604138,-0.2
299,8,2JEL,P:D69E,0.47985762,0.96
303,8,2JEL,P:E68A,1.8948936,0.41
309,8,2JEL,P:E85D,-0.13369519,0.0
313,8,2JEL,P:F2Y,2.2745872,0.0
327,8,2JEL,P:Q71E,0.31588212,2.75
332,8,2JEL,P:S46C,-0.35912344,0.0
343,8,2NYY,A:E920A,1.1519562,2.84
356,8,2NYY,A:R1294A,0.23012835,0.3
378,8,2NZ9,A:K923A,-0.06469402,-0.3
386,8,2NZ9,A:S955A,-0.39304507,-0.08
389,8,3BDY,H:D98A,0.3276946,0.0
398,8,3BDY,H:T32A,0.24261665,-0.4
399,8,3BDY,H:T53A,-0.3297821,-0.5
404,8,3BDY,H:Y56A,-0.24048132,0.2
411,8,3BDY,L:P27cA,0.16767319,0.2
428,8,3BE1,H:K30A,0.17353974,-0.3
451,8,3BE1,L:T94A,0.060227126,1.4
457,8,3BN9,A:D60aA,0.1910016,0.42
466,8,3BN9,A:I60A,0.26430124,0.84
472,8,3BN9,A:Q175A,0.7583521,2.51
476,8,3BN9,A:R60cA,-0.7261828,-0.05
477,8,3BN9,A:R60fA,-0.084935546,-0.07
480,8,3BN9,A:T98A,1.6852809,1.13
482,8,3BN9,A:Y60gA,0.1452522,0.02
489,8,3BN9,H:T98R,-0.34470117,-0.06
491,8,3HFM,H:C95A,2.7769942,5.52
531,8,3NPS,A:D214A,0.504821,1.48
549,8,3NPS,A:Q23A,-0.3967185,0.03
555,8,3NPS,A:T93A,0.17792654,0.73
557,8,3NPS,A:Y52A,0.32007408,0.46
571,8,HM_1KTZ,B:L27A,1.6117488,1.8
576,8,HM_1KTZ,B:S52L,3.569758,4.0
583,8,HM_1YY9,H:R97D,0.38909388,-0.99
589,8,HM_1YY9,H:Y32R,-1.5100067,-0.13
613,8,HM_2NYY,H:M34Q,0.2953123,-0.01
618,8,HM_2NYY,L:H34R,1.4736644,0.63
626,8,HM_2NZ9,A:K915A,-0.38470468,-0.31
642,8,HM_3BN9,H:T98Q,-1.3409253,-0.16
