index,fold,pdbid,mutation,predicted_value,true_value
11,9,1AK4,D:P485A,1.0714731,0.92
29,9,1BJ1,W:M94A,0.9705911,1.42
32,9,1BJ1,W:Q89A,1.4678953,1.75
57,9,1DQJ,C:L75A,1.7280788,1.5
69,9,1DQJ,H:Y53A,2.937527,1.2
80,9,1DVF,A:Y49A,1.5732663,1.75
83,9,1DVF,B:D54A,1.9270077,4.32
87,9,1DVF,B:R99A,1.6547381,1.89
93,9,1DVF,D:D52A,1.3791797,1.7
103,9,1FFW,A:E117K,0.79072917,0.71
109,9,1FFW,A:Y106W,1.3692845,0.71
121,9,1KTZ,B:E119Q,1.8384767,1.7
130,9,1KTZ,B:L27A,1.6701405,1.9
141,9,1MHP,H:G100F,3.715317,0.57
166,9,1MHP,H:S35Q,3.908565,2.73
204,9,1MHP,L:S91T,4.7002945,2.32
215,9,1MLC,L:N32G,1.4495581,-0.85
220,9,1N8Z,H:D98W,0.70255107,-0.69
228,9,1N8Z,H:Y100aA,2.3464432,8.0
231,9,1N8Z,H:Y102V,1.1364757,0.22
232,9,1N8Z,H:Y33A,2.3648424,-0.09
246,9,1N8Z,L:T93A,0.66622114,0.82
256,9,1VFB,C:L129A,1.3261983,0.2
262,9,1VFB,C:V120A,2.1967723,0.9
275,9,1VFB,H:S28N,0.83830196,0.15
281,9,1VFB,H:Y32E,1.2421377,1.91
304,9,2JEL,P:E70A,3.1342754,2.75
324,9,2JEL,P:Q3K,1.6333672,4.13
350,9,2NYY,A:K923A,0.29223913,-0.14
371,9,2NZ9,A:E920A,0.39480665,2.77
375,9,2NZ9,A:I956A,0.547003,0.07
402,9,3BDY,H:Y33A,1.0107895,0.3
407,9,3BDY,L:G51A,1.0254064,1.0
415,9,3BDY,L:S52A,-0.7603299,0.1
437,9,3BE1,H:Y52A,-0.042594895,-0.8
444,9,3BE1,L:I29A,-0.01176703,0.9
453,9,3BE1,L:Y32A,1.5559926,-0.8
465,9,3BN9,A:I41A,0.63932127,0.0
468,9,3BN9,A:L153A,0.19767824,0.34
487,9,3BN9,H:T28R,0.42981339,0.3
490,9,3BN9,H:Y99S,1.1633487,0.41
493,9,3HFM,H:D32A,1.1345351,1.9
494,9,3HFM,H:D32N,0.83308303,0.17
496,9,3HFM,H:Y33A,3.6357317,6.0
500,9,3HFM,L:N31E,2.4110403,5.67
501,9,3HFM,L:N32A,2.7233741,5.11
506,9,3HFM,L:Y96A,2.8212826,2.71
519,9,3K2M,D:Y87A,3.26726,4.0
530,9,3NGB,H:Y74S,0.24203753,0.33
532,9,3NPS,A:D46A,0.16333914,0.34
538,9,3NPS,A:F92A,0.62462616,0.47
543,9,3NPS,A:L147A,0.1332863,0.3
553,9,3NPS,A:R82A,-0.013449013,-0.15
556,9,3NPS,A:Y141A,1.5724632,1.79
562,9,HM_1KTZ,B:E119Q,2.0653145,1.6
563,9,HM_1KTZ,B:E55A,1.6917002,1.2
565,9,HM_1KTZ,B:F110A,1.5911983,0.9
582,9,HM_1YY9,H:I51G,-1.255449,-0.51
588,9,HM_1YY9,H:V50Q,-0.90635586,-0.64
597,9,HM_2NYY,A:D902A,0.053942323,-0.49
610,9,HM_2NYY,A:S954A,0.63838387,-0.66
629,9,HM_2NZ9,A:N918A,0.06709579,0.3
636,9,HM_2NZ9,A:T923A,0.24678908,0.62
