index,fold,pdbid,mutation,predicted_value,true_value
1,5,1AK4,D:A488V,2.057271,0.6
18,5,1BJ1,W:E93A,1.837194,0.82
21,5,1BJ1,W:H86A,-0.18680662,0.0
28,5,1BJ1,W:M81A,1.0542105,3.69
31,5,1BJ1,W:Q87A,0.051260248,0.0
46,5,1CZ8,W:K84A,0.17323457,1.36
55,5,1DQJ,C:K96A,1.6533624,6.1
71,5,1DQJ,L:N32A,1.7155743,4.1
72,5,1DQJ,L:S91A,2.231318,1.4
82,5,1DVF,B:D100A,1.098503,2.82
90,5,1DVF,B:Y101F,2.4034486,2.03
131,5,1KTZ,B:M112A,-0.0868099,0.8
162,5,1MHP,H:K64Q,0.7807121,-0.16
173,5,1MHP,H:T50E,4.6738143,8.0
182,5,1MHP,L:H31K,1.6115491,1.17
192,5,1MHP,L:N30Y,1.4786961,1.91
199,5,1MHP,L:S24R,0.8128584,-0.07
200,5,1MHP,L:S28Q,2.6039178,-0.67
208,5,1MLC,H:S57A,-1.0218381,-0.38
218,5,1N8Z,H:D31A,-0.24750333,0.25
227,5,1N8Z,H:W95A,5.642453,8.0
242,5,1N8Z,L:R66G,-0.62168753,0.22
266,5,1VFB,H:D58E,0.21964377,0.08
269,5,1VFB,H:G31E,0.06983909,-0.51
272,5,1VFB,H:R99Y,1.1340966,1.26
273,5,1VFB,H:S28D,-0.5663707,0.0
285,5,1VFB,L:T52F,2.9504788,0.47
288,5,1VFB,L:Y32A,4.223149,1.7
301,5,2JEL,P:E5Q,0.7480065,0.72
319,5,2JEL,P:K72R,0.28389388,0.0
322,5,2JEL,P:N38T,0.04785174,0.0
336,5,2JEL,P:T62A,-0.029863387,0.0
337,5,2JEL,P:T62N,0.32735574,0.0
367,5,2NYY,L:S28Q,0.122281194,0.42
368,5,2NYY,L:S31N,0.06761181,-0.36
370,5,2NZ9,A:D1062A,1.7687778,2.34
383,5,2NZ9,A:R1061A,-0.05881977,0.29
390,5,3BDY,H:F100A,-0.53204083,0.7
401,5,3BDY,H:Y100aA,0.38937885,0.5
414,5,3BDY,L:S30A,0.17360003,1.3
419,5,3BDY,L:Y32A,0.5481366,1.7
426,5,3BE1,H:G97A,-0.15790135,0.3
430,5,3BE1,H:R50A,5.175487,2.4
431,5,3BE1,H:R58A,0.4229109,2.5
433,5,3BE1,H:T53A,-0.48759216,0.1
441,5,3BE1,L:G51A,-0.15321812,-0.3
450,5,3BE1,L:T93A,-0.28396744,-0.4
461,5,3BN9,A:F60eA,-0.6563735,-0.05
464,5,3BN9,A:H143A,0.5850524,0.09
469,5,3BN9,A:N95A,1.7999928,0.77
470,5,3BN9,A:Q145A,-0.2129924,0.13
474,5,3BN9,A:Q38A,-0.48211437,-0.42
481,5,3BN9,A:Y146A,0.44736987,1.09
521,5,3NGB,H:G54S,-0.022308469,0.73
527,5,3NGB,H:T33Y,0.6214193,0.08
535,5,3NPS,A:E163A,-0.13160366,0.62
545,5,3NPS,A:Q140A,-0.20491585,0.3
559,5,HM_1KTZ,B:D32A,0.7662927,1.5
573,5,HM_1KTZ,B:N47A,-0.07126933,0.3
575,5,HM_1KTZ,B:S52A,0.19552043,0.2
581,5,HM_1YY9,H:G33D,-1.0727522,-0.89
617,5,HM_2NYY,L:D30Y,-0.108899,0.6
620,5,HM_2NYY,L:S31N,-0.17167014,1.2
622,5,HM_2NZ9,A:D902A,-0.30453146,-0.49
635,5,HM_2NZ9,A:S954A,-0.42987758,-0.66
