index,fold,pdbid,mutation,predicted_value,true_value
8,1,1AK4,D:H487R,0.6002274,1.48
10,1,1AK4,D:I491V,0.8971416,-0.17
19,1,1BJ1,W:G88A,1.4474357,2.76
26,1,1BJ1,W:K48A,0.10365385,0.41
27,1,1BJ1,W:K84A,1.2862228,0.65
33,1,1BJ1,W:R82A,1.2965323,3.69
45,1,1CZ8,W:K48A,0.3440479,0.0
61,1,1DQJ,C:T89A,0.9332566,0.8
74,1,1DQJ,L:Y96A,3.7454228,1.1
84,1,1DVF,B:D58A,2.7000456,1.62
99,1,1DVF,D:R106A,2.569613,4.13
101,1,1FFW,A:A90V,0.30668485,0.09
104,1,1FFW,A:E93K,0.14234811,0.82
110,1,1JRH,I:E45Q,0.052866116,0.11
117,1,1KTZ,B:D118A,0.26315764,0.9
122,1,1KTZ,B:E55A,1.0646508,1.3
147,1,1MHP,H:G102S,4.026383,8.0
150,1,1MHP,H:G53Q,3.0996988,8.0
160,1,1MHP,H:K64E,1.3699412,-0.16
172,1,1MHP,H:T33V,3.7218177,0.43
189,1,1MHP,L:N30K,2.39709,8.0
211,1,1MLC,H:T31A,1.532944,0.45
214,1,1MLC,H:T58D,2.3357983,-0.56
226,1,1N8Z,H:T53A,-0.7075376,0.78
233,1,1N8Z,H:Y52A,0.98911923,0.23
235,1,1N8Z,L:D28N,-0.61866415,-0.28
244,1,1N8Z,L:S52A,-0.25032964,-0.31
250,1,1N8Z,L:Y92A,0.85269105,1.36
257,1,1VFB,C:N19A,1.7481086,0.3
264,1,1VFB,H:D100A,2.92389,2.9
290,1,1VFB,L:Y50A,2.198602,0.5
318,1,2JEL,P:K72E,1.1388098,0.41
325,1,2JEL,P:Q4K,1.0719633,1.38
354,1,2NYY,A:Q915A,0.83269566,0.52
355,1,2NYY,A:R1061A,1.4109375,0.82
360,1,2NYY,H:K30R,0.074124515,0.07
364,1,2NYY,H:Y57Q,1.0519224,0.52
372,1,2NZ9,A:F917A,1.3375409,-0.05
384,1,2NZ9,A:R1294A,1.0346181,0.39
388,1,3BDY,H:D31A,0.87855875,0.2
397,1,3BDY,H:R58A,1.1144979,-0.2
403,1,3BDY,H:Y52A,1.2933109,0.4
410,1,3BDY,L:I29A,0.27992684,0.8
424,1,3BE1,H:F100A,1.0122969,1.9
438,1,3BE1,H:Y56A,0.541093,1.8
448,1,3BE1,L:S30A,-0.11149198,-0.2
458,1,3BN9,A:D60bA,0.959134,0.31
485,1,3BN9,H:S30G,0.43869025,1.36
495,1,3HFM,H:S31A,1.9817332,0.17
502,1,3HFM,L:Q53A,1.7598782,0.95
512,1,3HFM,Y:Y20A,3.2815228,4.87
517,1,3K2M,D:Y35A,3.9157162,1.0
522,1,3NGB,H:I30T,-0.15578307,0.08
525,1,3NGB,H:R53N,-0.062212322,0.05
533,1,3NPS,A:D47A,0.9066405,1.08
534,1,3NPS,A:D91A,0.7996237,1.52
560,1,HM_1KTZ,B:D32N,0.71207464,2.0
574,1,HM_1KTZ,B:S49A,0.10836893,0.3
592,1,HM_1YY9,L:Q27Y,-1.356374,-0.83
600,1,HM_2NYY,A:I917A,1.4662093,0.95
609,1,HM_2NYY,A:R903A,1.3002195,-0.02
611,1,HM_2NYY,A:T923A,0.42338198,0.62
619,1,HM_2NYY,L:S28Q,1.107276,0.7
621,1,HM_2NZ9,A:D1062A,1.7070643,-0.14
624,1,HM_2NZ9,A:F953A,1.0568186,1.53
