index,fold,pdbid,mutation,predicted_value,true_value
3,4,1AK4,D:A492V,0.55053663,0.19
12,4,1AK4,D:P490A,1.347262,2.0
24,4,1BJ1,W:I83A,1.1645651,3.69
42,4,1CZ8,W:I80A,1.109911,0.95
53,4,1CZ8,W:Y45A,1.0662588,1.94
54,4,1DQJ,C:D101A,0.5458929,1.3
58,4,1DQJ,C:N93A,2.492302,0.6
76,4,1DVF,A:S93A,1.7233927,1.17
79,4,1DVF,A:Y49A,1.5428793,1.64
88,4,1DVF,B:T30A,1.8759698,0.92
92,4,1DVF,C:Y49A,1.8424451,1.88
95,4,1DVF,D:I101A,4.7499523,2.71
97,4,1DVF,D:N55A,1.6381388,1.88
114,4,1JTG,A:S130A,0.5955167,0.5
140,4,1MHP,H:F99Y,1.6163371,0.76
145,4,1MHP,H:G100S,3.4886708,0.56
151,4,1MHP,H:G53S,3.3252006,0.68
156,4,1MHP,H:G54T,2.3534045,1.17
158,4,1MHP,H:H56Y,5.1690445,8.0
170,4,1MHP,H:T33N,2.999672,2.73
175,4,1MHP,H:T50V,4.779643,-0.26
179,4,1MHP,H:Y59E,1.2628782,0.54
203,4,1MHP,L:S91R,1.5204858,2.73
205,4,1MHP,L:S91W,3.642199,8.0
213,4,1MLC,H:T31W,0.11954586,0.13
245,4,1N8Z,L:T31A,0.3569083,0.8
252,4,1VFB,C:D119A,0.2156537,1.0
263,4,1VFB,C:Y23A,0.4912569,0.4
291,4,1VFB,L:Y50K,0.712685,1.67
297,4,1YY9,L:T31E,0.4431078,-0.52
298,4,2JEL,P:A82S,0.16187364,0.0
302,4,2JEL,P:E66K,2.0422115,4.13
305,4,2JEL,P:E70K,1.0472994,4.13
315,4,2JEL,P:H76D,-0.20986076,-0.66
328,4,2JEL,P:R17G,-0.590526,0.0
335,4,2JEL,P:T36Q,0.49250436,0.41
339,4,2JEL,P:T7S,0.05161664,0.0
344,4,2NYY,A:F917A,0.51802105,0.42
351,4,2NYY,A:L919A,2.452276,2.59
352,4,2NYY,A:N918A,1.1364971,0.89
357,4,2NYY,A:S902A,0.25990438,-0.23
369,4,2NZ9,A:D1058A,0.2852695,-0.03
381,4,2NZ9,A:N954A,0.3519836,-0.15
406,4,3BDY,L:G31A,1.7411186,1.2
408,4,3BDY,L:H91A,1.8193394,2.0
423,4,3BE1,H:D98A,0.46952713,-0.1
427,4,3BE1,H:G99A,0.41811848,1.8
429,4,3BE1,H:N54A,0.7116118,-0.8
443,4,3BE1,L:I27bA,0.38252014,-0.2
454,4,3BE1,L:Y53A,0.4129837,0.9
497,4,3HFM,H:Y50A,5.701729,8.0
510,4,3HFM,Y:K97M,3.5932546,1.09
511,4,3HFM,Y:R21A,2.139577,1.03
516,4,3K2M,D:W80A,3.843974,4.0
536,4,3NPS,A:F50A,-0.10186121,0.22
541,4,3NPS,A:I45A,0.46357745,-0.34
550,4,3NPS,A:R219A,-0.004093528,-0.08
568,4,HM_1KTZ,B:I125A,0.7599584,0.5
584,4,HM_1YY9,H:T100Y,0.44599625,-0.45
598,4,HM_2NYY,A:E920A,0.25901723,0.5
605,4,HM_2NYY,A:N957A,-0.03210628,0.01
607,4,HM_2NYY,A:R1061A,0.23153204,0.58
625,4,HM_2NZ9,A:I917A,0.50758463,0.95
627,4,HM_2NZ9,A:K955A,-0.2708195,-0.5
