fold,mae,rmse,r2,pearson,spearman,samples
1,1.3220946788787842,1.8009916543960571,0.3951036334037781,0.6327816843986511,0.5349990129470825,303
