index,fold,pdbid,mutation,predicted_value,true_value
6,7,1AK4,D:H487A,0.77972317,0.84
15,7,1AK4,D:V486A,0.76330334,0.82
63,7,1DQJ,C:W63A,0.6850419,1.3
66,7,1DQJ,H:W98A,5.4486876,4.9
78,7,1DVF,A:Y32A,1.6402239,2.05
91,7,1DVF,B:Y32A,2.5727515,1.85
94,7,1DVF,D:H33A,2.0322223,1.88
98,7,1DVF,D:Q104A,2.642991,1.64
112,7,1JTG,A:K234A,0.6157964,0.82
124,7,1KTZ,B:F110A,0.6836255,0.9
127,7,1KTZ,B:I125A,0.587543,0.5
135,7,1KTZ,B:S52L,3.306844,3.7
139,7,1MHP,H:F99W,2.1396935,0.0
146,7,1MHP,H:G100V,4.201158,8.0
154,7,1MHP,H:G54M,5.35343,8.0
155,7,1MHP,H:G54N,6.2267013,8.0
167,7,1MHP,H:S35V,4.524269,8.0
169,7,1MHP,H:S52T,5.8746004,8.0
174,7,1MHP,H:T50Q,4.7564554,8.0
177,7,1MHP,H:Y58Q,3.7197433,2.08
183,7,1MHP,L:H31R,1.2031641,1.12
198,7,1MHP,L:N93D,1.8860087,8.0
219,7,1N8Z,H:D98A,0.14480132,1.21
221,7,1N8Z,H:F100A,3.7564325,1.17
234,7,1N8Z,H:Y56A,1.3045992,0.87
260,7,1VFB,C:S24A,0.9280541,0.8
261,7,1VFB,C:T118A,0.84490794,0.8
274,7,1VFB,H:S28E,1.0409272,-0.1
292,7,1VFB,L:Y50R,1.0528984,0.85
307,7,2JEL,P:E83A,0.39246297,0.0
311,7,2JEL,P:E85Q,0.6630174,0.0
312,7,2JEL,P:F2W,0.4180647,2.64
317,7,2JEL,P:K27E,0.43911156,0.0
320,7,2JEL,P:K79E,1.0374601,0.41
321,7,2JEL,P:N12D,1.2923698,0.0
334,7,2JEL,P:T34Q,0.9974819,0.0
345,7,2NYY,A:F953A,2.407528,4.06
361,7,2NYY,H:M34Q,0.3899656,-0.06
377,7,2NZ9,A:K903A,0.18197899,0.54
379,7,2NZ9,A:L919A,2.4484496,2.28
393,7,3BDY,H:G99A,0.21744896,0.8
435,7,3BE1,H:Y100aA,2.7556813,1.2
440,7,3BE1,L:G31A,0.24919562,0.3
459,7,3BN9,A:D96A,0.6626278,6.7
460,7,3BN9,A:E169A,0.46377504,0.37
463,7,3BN9,A:F97A,0.69920874,6.7
473,7,3BN9,A:Q221aA,0.44395858,0.71
479,7,3BN9,A:T150A,0.403278,0.29
488,7,3BN9,H:T98Q,1.2383646,0.0
508,7,3HFM,Y:K96A,4.1324105,6.83
515,7,3K2M,D:R38A,2.9738867,2.5
520,7,3NGB,H:A56G,0.23794478,-0.06
529,7,3NGB,H:V73T,0.1956869,0.16
564,7,HM_1KTZ,B:E75A,1.05612,1.1
566,7,HM_1KTZ,B:F30A,2.230144,3.0
572,7,HM_1KTZ,B:M112A,0.77674526,0.9
585,7,HM_1YY9,H:T57G,-0.55370283,-0.46
590,7,HM_1YY9,L:A25V,-0.5025215,-0.62
591,7,HM_1YY9,L:G30Y,-0.52685064,-0.92
602,7,HM_2NYY,A:K955A,0.21987163,-0.5
608,7,HM_2NYY,A:R1064A,3.97587,4.44
616,7,HM_2NYY,H:Y57Q,0.34798756,1.19
638,7,HM_3BN9,H:Q100aV,0.041678667,0.41
640,7,HM_3BN9,H:S30N,0.103984475,0.71
