index,fold,pdbid,mutation,predicted_value,true_value
14,10,1AK4,D:P493A,1.2860818,0.51
48,10,1CZ8,W:M94A,1.1122351,1.91
70,10,1DQJ,L:N31A,1.4469798,2.0
86,10,1DVF,B:N56A,2.2060056,1.17
96,10,1DVF,D:K30A,2.369025,1.01
102,10,1FFW,A:D13K,1.2212665,0.05
116,10,1JTG,B:D49A,0.9142436,1.98
118,10,1KTZ,B:D32A,1.4736706,1.4
123,10,1KTZ,B:E75A,1.0169766,1.0
137,10,1KTZ,B:V62A,0.6294371,0.7
138,10,1KTZ,B:V77A,0.8471864,0.5
142,10,1MHP,H:G100I,1.0078715,8.0
143,10,1MHP,H:G100L,4.8655143,2.73
152,10,1MHP,H:G53W,5.740267,8.0
159,10,1MHP,H:K64D,2.3416262,-0.12
161,10,1MHP,H:K64N,1.8848287,-0.07
180,10,1MHP,L:G92Q,1.7056682,1.58
196,10,1MHP,L:N52R,1.0629084,0.85
210,10,1MLC,H:T28D,-0.2938936,-0.15
212,10,1MLC,H:T31V,-0.395263,0.53
230,10,1N8Z,H:Y100aF,0.07867253,0.82
243,10,1N8Z,L:S50A,0.3657828,-0.07
249,10,1N8Z,L:Y49A,0.21577156,1.05
253,10,1VFB,C:D18A,0.7375001,0.3
265,10,1VFB,H:D54A,0.92695904,1.0
268,10,1VFB,H:G31A,0.744821,0.3
270,10,1VFB,H:G31W,0.64328635,0.01
271,10,1VFB,H:R99W,0.8055527,0.71
277,10,1VFB,H:W52A,0.82445264,0.9
278,10,1VFB,H:Y101A,1.6537266,4.0
279,10,1VFB,H:Y101F,0.8514898,1.6
310,10,2JEL,P:E85K,1.9387361,0.0
314,10,2JEL,P:H76A,0.999869,-0.41
316,10,2JEL,P:K24E,0.16169575,0.0
323,10,2JEL,P:P11E,0.3856054,0.0
340,10,2JEL,P:V6F,0.72114134,0.0
347,10,2NYY,A:I956A,1.920044,-0.01
362,10,2NYY,H:Y31D,0.61172944,0.07
363,10,2NYY,H:Y31Q,0.37268662,0.13
374,10,2NZ9,A:H1064A,4.674848,7.42
387,10,2NZ9,A:T1063A,1.0820289,2.37
396,10,3BDY,H:R50A,0.3487035,-0.3
413,10,3BDY,L:S28A,0.25312495,1.0
418,10,3BDY,L:W50A,0.5410538,1.3
420,10,3BDY,L:Y53A,0.32608956,0.7
421,10,3BDY,L:Y92A,0.58586043,1.4
445,10,3BE1,L:P27cA,0.22508287,0.1
447,10,3BE1,L:S28A,0.06735301,0.3
456,10,3BN9,A:D217A,1.7852955,0.57
467,10,3BN9,A:K224A,0.33948258,0.79
483,10,3BN9,H:P100H,0.72163,8.0
505,10,3HFM,L:Y50L,2.575658,4.4
526,10,3NGB,H:R61Q,0.29510522,0.1
539,10,3NPS,A:H138A,0.29791683,1.89
540,10,3NPS,A:I26A,0.3546181,0.65
554,10,3NPS,A:T144A,0.38138318,0.18
567,10,HM_1KTZ,B:H79A,0.6876795,0.3
569,10,HM_1KTZ,B:I50A,1.089552,1.9
577,10,HM_1KTZ,B:T51A,0.83447635,1.5
580,10,HM_1YY9,H:A98W,-0.36459297,-0.23
586,10,HM_1YY9,H:T57P,-0.4151932,-0.48
601,10,HM_2NYY,A:K915A,0.36632782,-0.31
614,10,HM_2NYY,H:Y31D,0.7491211,0.97
644,10,HM_3BN9,H:Y99S,0.11207956,0.54
