index,fold,pdbid,mutation,predicted_value,true_value
0,2,1AK4,D:A488G,0.7763176,2.49
4,2,1AK4,D:G489A,0.8729252,1.91
13,2,1AK4,D:P490V,1.1859711,2.86
25,2,1BJ1,W:I91A,0.8610778,0.41
38,2,1CZ8,W:G88A,0.86963093,2.67
39,2,1CZ8,W:G92A,0.8062921,4.1
40,2,1CZ8,W:H86A,0.75570726,0.0
41,2,1CZ8,W:H90A,0.97202235,0.0
56,2,1DQJ,C:K97A,3.1860154,3.5
64,2,1DQJ,C:Y20A,2.5221696,3.3
73,2,1DQJ,L:Y50A,2.7925367,2.7
75,2,1DVF,A:H30A,2.235539,1.67
77,2,1DVF,A:W92A,2.359741,0.34
100,2,1DVF,D:Y102A,2.7091775,4.79
108,2,1FFW,A:V108M,0.24067414,1.13
128,2,1KTZ,B:I50A,1.2793978,1.9
134,2,1KTZ,B:S52A,0.8063808,0.4
144,2,1MHP,H:G100M,3.0882173,0.1
149,2,1MHP,H:G53N,3.2696648,1.26
164,2,1MHP,H:R31Q,3.035933,1.31
165,2,1MHP,H:S35A,3.4105651,1.58
185,2,1MHP,L:L49F,2.710525,0.71
187,2,1MHP,L:L49W,3.0141256,1.91
188,2,1MHP,L:L49Y,2.7232785,8.0
197,2,1MHP,L:N52Y,2.9667215,-0.1
217,2,1MLC,L:N92A,0.7422124,-1.25
222,2,1N8Z,H:K30A,1.2911242,0.61
224,2,1N8Z,H:R50A,1.9038439,8.0
238,2,1N8Z,L:H91F,0.9308139,-0.43
239,2,1N8Z,L:H91F,0.9311427,0.03
258,2,1VFB,C:Q121A,0.45008463,2.9
287,2,1VFB,L:W92A,2.044405,3.3
289,2,1VFB,L:Y32W,2.888945,8.0
294,2,1YY9,H:T61E,-0.5388844,-0.06
326,2,2JEL,P:Q57E,1.3701432,-0.41
329,2,2JEL,P:R17K,0.41776747,0.0
342,2,2NYY,A:D1062A,1.046325,2.53
348,2,2NYY,A:K1056A,1.0176857,-0.03
358,2,2NYY,A:S955A,0.6678842,0.0
365,2,2NYY,L:D30Y,0.011878401,0.65
382,2,2NZ9,A:Q915A,0.61132073,0.1
391,2,3BDY,H:G96A,0.22917944,0.2
394,2,3BDY,H:K30A,0.35956228,0.2
405,2,3BDY,L:D27aA,0.42467287,0.0
409,2,3BDY,L:I27bA,0.581715,1.1
416,2,3BDY,L:T93A,0.6365437,-0.3
422,2,3BE1,H:D31A,0.9197418,0.4
432,2,3BE1,H:T32A,0.7164655,-0.4
434,2,3BE1,H:W95A,1.2959672,1.8
442,2,3BE1,L:H91A,1.1309257,0.9
499,2,3HFM,L:N31D,3.2315736,1.34
504,2,3HFM,L:Y50F,3.1541743,2.36
514,2,3K2M,D:M88A,3.2385273,4.0
518,2,3K2M,D:Y36A,3.4335675,3.7
524,2,3NGB,H:P62K,-0.34479636,0.23
528,2,3NGB,H:V57T,-0.19958037,0.14
548,2,3NPS,A:Q218A,0.7559182,-0.04
552,2,3NPS,A:R51A,0.24832338,0.14
594,2,HM_1YY9,L:T97D,-0.65739477,-0.66
595,2,HM_1YY9,L:T97S,-0.86228347,-0.7
612,2,HM_2NYY,H:K30R,0.6117971,0.51
623,2,HM_2NZ9,A:E920A,0.2860147,0.5
634,2,HM_2NZ9,A:R903A,-0.2925009,-0.02
641,2,HM_3BN9,H:T28R,0.66170084,-0.24
643,2,HM_3BN9,H:T98R,0.44564408,-1.57
