index,fold,pdbid,mutation,predicted_value,true_value
3,4,1AK4,D:A492V,0.37658405,0.19
12,4,1AK4,D:P490A,0.43657684,2.0
24,4,1BJ1,W:I83A,0.7868091,3.69
42,4,1CZ8,W:I80A,0.92857885,0.95
53,4,1CZ8,W:Y45A,0.8844142,1.94
54,4,1DQJ,C:D101A,1.2799664,1.3
58,4,1DQJ,C:N93A,2.3075967,0.6
76,4,1DVF,A:S93A,0.9230225,1.17
79,4,1DVF,A:Y49A,1.5286173,1.64
88,4,1DVF,B:T30A,2.897632,0.92
92,4,1DVF,C:Y49A,1.6082327,1.88
95,4,1DVF,D:I101A,1.8469133,2.71
97,4,1DVF,D:N55A,1.889575,1.88
114,4,1JTG,A:S130A,0.12365559,0.5
140,4,1MHP,H:F99Y,1.7509879,0.76
145,4,1MHP,H:G100S,2.3568234,0.56
151,4,1MHP,H:G53S,2.0874553,0.68
156,4,1MHP,H:G54T,1.8483633,1.17
158,4,1MHP,H:H56Y,2.1292338,8.0
170,4,1MHP,H:T33N,2.272023,2.73
175,4,1MHP,H:T50V,3.0187354,-0.26
179,4,1MHP,H:Y59E,2.617989,0.54
203,4,1MHP,L:S91R,2.3281403,2.73
205,4,1MHP,L:S91W,2.4889421,8.0
213,4,1MLC,H:T31W,0.5337143,0.13
245,4,1N8Z,L:T31A,0.30565536,0.8
252,4,1VFB,C:D119A,0.87978065,1.0
263,4,1VFB,C:Y23A,1.4824337,0.4
291,4,1VFB,L:Y50K,1.0891578,1.67
297,4,1YY9,L:T31E,-0.4403451,-0.52
298,4,2JEL,P:A82S,0.3998525,0.0
302,4,2JEL,P:E66K,-0.056286752,4.13
305,4,2JEL,P:E70K,0.2226229,4.13
315,4,2JEL,P:H76D,-0.036077976,-0.66
328,4,2JEL,P:R17G,-0.057083666,0.0
335,4,2JEL,P:T36Q,0.022287548,0.41
339,4,2JEL,P:T7S,-0.086572826,0.0
344,4,2NYY,A:F917A,1.0468185,0.42
351,4,2NYY,A:L919A,2.7111695,2.59
352,4,2NYY,A:N918A,0.15759665,0.89
357,4,2NYY,A:S902A,0.12256856,-0.23
369,4,2NZ9,A:D1058A,-0.04583817,-0.03
381,4,2NZ9,A:N954A,0.21038073,-0.15
406,4,3BDY,L:G31A,0.27931845,1.2
408,4,3BDY,L:H91A,1.0369166,2.0
423,4,3BE1,H:D98A,-0.038244158,-0.1
427,4,3BE1,H:G99A,0.288377,1.8
429,4,3BE1,H:N54A,-0.00015749037,-0.8
443,4,3BE1,L:I27bA,-0.06208664,-0.2
454,4,3BE1,L:Y53A,-0.026092976,0.9
497,4,3HFM,H:Y50A,4.9319153,8.0
510,4,3HFM,Y:K97M,2.84788,1.09
511,4,3HFM,Y:R21A,3.5729425,1.03
516,4,3K2M,D:W80A,3.7335796,4.0
536,4,3NPS,A:F50A,0.2613644,0.22
541,4,3NPS,A:I45A,0.29731244,-0.34
550,4,3NPS,A:R219A,0.3715451,-0.08
568,4,HM_1KTZ,B:I125A,0.7259015,0.5
584,4,HM_1YY9,H:T100Y,-1.1211555,-0.45
598,4,HM_2NYY,A:E920A,0.23338851,0.5
605,4,HM_2NYY,A:N957A,0.064216435,0.01
607,4,HM_2NYY,A:R1061A,1.5585737,0.58
625,4,HM_2NZ9,A:I917A,0.11013188,0.95
627,4,HM_2NZ9,A:K955A,-0.2672323,-0.5
