index,fold,pdbid,mutation,predicted_value,true_value
1,5,1AK4,D:A488V,1.2074848,0.6
18,5,1BJ1,W:E93A,0.4944368,0.82
21,5,1BJ1,W:H86A,0.46060607,0.0
28,5,1BJ1,W:M81A,3.9650257,3.69
31,5,1BJ1,W:Q87A,0.6051429,0.0
46,5,1CZ8,W:K84A,0.68095404,1.36
55,5,1DQJ,C:K96A,1.3581343,6.1
71,5,1DQJ,L:N32A,0.7725111,4.1
72,5,1DQJ,L:S91A,1.5875163,1.4
82,5,1DVF,B:D100A,1.7560105,2.82
90,5,1DVF,B:Y101F,1.7199888,2.03
131,5,1KTZ,B:M112A,0.62379265,0.8
162,5,1MHP,H:K64Q,0.4744376,-0.16
173,5,1MHP,H:T50E,2.903371,8.0
182,5,1MHP,L:H31K,1.6171703,1.17
192,5,1MHP,L:N30Y,0.6283719,1.91
199,5,1MHP,L:S24R,1.1354811,-0.07
200,5,1MHP,L:S28Q,3.2130055,-0.67
208,5,1MLC,H:S57A,-0.17845452,-0.38
218,5,1N8Z,H:D31A,0.8260647,0.25
227,5,1N8Z,H:W95A,1.9648364,8.0
242,5,1N8Z,L:R66G,0.29889858,0.22
266,5,1VFB,H:D58E,0.5653791,0.08
269,5,1VFB,H:G31E,0.68028647,-0.51
272,5,1VFB,H:R99Y,0.58680147,1.26
273,5,1VFB,H:S28D,0.71127313,0.0
285,5,1VFB,L:T52F,2.8974485,0.47
288,5,1VFB,L:Y32A,4.182889,1.7
301,5,2JEL,P:E5Q,1.0035595,0.72
319,5,2JEL,P:K72R,0.8299103,0.0
322,5,2JEL,P:N38T,0.24880698,0.0
336,5,2JEL,P:T62A,-0.05432272,0.0
337,5,2JEL,P:T62N,0.253412,0.0
367,5,2NYY,L:S28Q,0.40744585,0.42
368,5,2NYY,L:S31N,0.12154618,-0.36
370,5,2NZ9,A:D1062A,1.5359886,2.34
383,5,2NZ9,A:R1061A,0.46843863,0.29
390,5,3BDY,H:F100A,0.20258394,0.7
401,5,3BDY,H:Y100aA,0.39631474,0.5
414,5,3BDY,L:S30A,0.84993696,1.3
419,5,3BDY,L:Y32A,0.24026868,1.7
426,5,3BE1,H:G97A,0.30502865,0.3
430,5,3BE1,H:R50A,0.45100632,2.4
431,5,3BE1,H:R58A,0.45333377,2.5
433,5,3BE1,H:T53A,0.032705963,0.1
441,5,3BE1,L:G51A,0.063029766,-0.3
450,5,3BE1,L:T93A,0.24137834,-0.4
461,5,3BN9,A:F60eA,0.063933134,-0.05
464,5,3BN9,A:H143A,0.993454,0.09
469,5,3BN9,A:N95A,0.15279713,0.77
470,5,3BN9,A:Q145A,0.07187152,0.13
474,5,3BN9,A:Q38A,0.15717286,-0.42
481,5,3BN9,A:Y146A,0.590917,1.09
521,5,3NGB,H:G54S,0.11349502,0.73
527,5,3NGB,H:T33Y,0.102228045,0.08
535,5,3NPS,A:E163A,0.26845202,0.62
545,5,3NPS,A:Q140A,0.08599162,0.3
559,5,HM_1KTZ,B:D32A,1.2553366,1.5
573,5,HM_1KTZ,B:N47A,0.33445236,0.3
575,5,HM_1KTZ,B:S52A,0.7125631,0.2
581,5,HM_1YY9,H:G33D,-0.41917908,-0.89
617,5,HM_2NYY,L:D30Y,0.06398544,0.6
620,5,HM_2NYY,L:S31N,-0.07281941,1.2
622,5,HM_2NZ9,A:D902A,0.16050197,-0.49
635,5,HM_2NZ9,A:S954A,0.020324916,-0.66
