index,fold,pdbid,mutation,predicted_value,true_value
2,8,1AK4,D:A492G,1.8793479,0.41
16,8,1BJ1,V:F17A,0.5591139,0.0
17,8,1BJ1,V:Y21A,0.56892204,0.0
37,8,1CZ8,W:E93A,0.34686664,1.15
59,8,1DQJ,C:R21A,1.997854,1.3
60,8,1DQJ,C:S100A,1.7799318,0.8
81,8,1DVF,A:Y50A,1.4455758,0.69
107,8,1FFW,A:T87I,0.4623858,-0.32
111,8,1JRH,I:T14V,1.0772264,-0.02
125,8,1KTZ,B:F30A,2.8968842,2.9
126,8,1KTZ,B:H79A,0.51513064,0.4
129,8,1KTZ,B:I53A,0.8964776,1.2
132,8,1KTZ,B:N47A,0.5094419,0.3
148,8,1MHP,H:G53A,0.93185866,0.51
157,8,1MHP,H:G54Y,2.068076,0.0
163,8,1MHP,H:L60D,1.3937597,-0.12
168,8,1MHP,H:S52M,1.9999099,2.08
181,8,1MHP,L:G92S,1.89877,0.51
190,8,1MHP,L:N30V,2.4088128,1.05
194,8,1MHP,L:N52E,2.3829014,-0.18
240,8,1N8Z,L:N30A,0.71723926,1.12
283,8,1VFB,L:L46E,7.431948,8.0
286,8,1VFB,L:T53R,0.9073725,1.67
293,8,1YY9,H:N56A,-0.2709981,-0.06
295,8,1YY9,L:N93A,-0.1533539,-0.74
296,8,1YY9,L:S26D,0.06468403,-0.2
299,8,2JEL,P:D69E,0.8040427,0.96
303,8,2JEL,P:E68A,1.216664,0.41
309,8,2JEL,P:E85D,1.8596115,0.0
313,8,2JEL,P:F2Y,0.20429525,0.0
327,8,2JEL,P:Q71E,0.24687937,2.75
332,8,2JEL,P:S46C,0.23607755,0.0
343,8,2NYY,A:E920A,0.5530425,2.84
356,8,2NYY,A:R1294A,0.40152797,0.3
378,8,2NZ9,A:K923A,0.45172226,-0.3
386,8,2NZ9,A:S955A,0.17166501,-0.08
389,8,3BDY,H:D98A,0.17566656,0.0
398,8,3BDY,H:T32A,0.005341321,-0.4
399,8,3BDY,H:T53A,-0.09451121,-0.5
404,8,3BDY,H:Y56A,-0.010927692,0.2
411,8,3BDY,L:P27cA,0.57506675,0.2
428,8,3BE1,H:K30A,0.3688308,-0.3
451,8,3BE1,L:T94A,0.17971891,1.4
457,8,3BN9,A:D60aA,0.43463615,0.42
466,8,3BN9,A:I60A,0.46061966,0.84
472,8,3BN9,A:Q175A,0.5297364,2.51
476,8,3BN9,A:R60cA,0.42699012,-0.05
477,8,3BN9,A:R60fA,0.43193188,-0.07
480,8,3BN9,A:T98A,0.48029038,1.13
482,8,3BN9,A:Y60gA,0.44621786,0.02
489,8,3BN9,H:T98R,2.3105183,-0.06
491,8,3HFM,H:C95A,2.9525638,5.52
531,8,3NPS,A:D214A,0.33925438,1.48
549,8,3NPS,A:Q23A,0.3595607,0.03
555,8,3NPS,A:T93A,0.3933025,0.73
557,8,3NPS,A:Y52A,0.7717701,0.46
571,8,HM_1KTZ,B:L27A,1.4339042,1.8
576,8,HM_1KTZ,B:S52L,3.7439184,4.0
583,8,HM_1YY9,H:R97D,-0.1594593,-0.99
589,8,HM_1YY9,H:Y32R,-0.40801686,-0.13
613,8,HM_2NYY,H:M34Q,0.46280584,-0.01
618,8,HM_2NYY,L:H34R,0.4650075,0.63
626,8,HM_2NZ9,A:K915A,0.47681743,-0.31
642,8,HM_3BN9,H:T98Q,0.25134838,-0.16
