index,fold,pdbid,mutation,predicted_value,true_value
8,1,1AK4,D:H487R,1.2075378,1.48
10,1,1AK4,D:I491V,1.1639421,-0.17
19,1,1BJ1,W:G88A,0.79361343,2.76
26,1,1BJ1,W:K48A,0.78916323,0.41
27,1,1BJ1,W:K84A,0.79673284,0.65
33,1,1BJ1,W:R82A,0.76154304,3.69
45,1,1CZ8,W:K48A,0.81357527,0.0
61,1,1DQJ,C:T89A,2.9719644,0.8
74,1,1DQJ,L:Y96A,3.2532787,1.1
84,1,1DVF,B:D58A,2.2868197,1.62
99,1,1DVF,D:R106A,2.2731214,4.13
101,1,1FFW,A:A90V,0.6101159,0.09
104,1,1FFW,A:E93K,0.58166444,0.82
110,1,1JRH,I:E45Q,0.6716757,0.11
117,1,1KTZ,B:D118A,1.1419777,0.9
122,1,1KTZ,B:E55A,1.0933999,1.3
147,1,1MHP,H:G102S,3.1145406,8.0
150,1,1MHP,H:G53Q,3.1163454,8.0
160,1,1MHP,H:K64E,3.1387253,-0.16
172,1,1MHP,H:T33V,3.1505547,0.43
189,1,1MHP,L:N30K,3.1477575,8.0
211,1,1MLC,H:T31A,0.82352227,0.45
214,1,1MLC,H:T58D,0.84848964,-0.56
226,1,1N8Z,H:T53A,0.6089661,0.78
233,1,1N8Z,H:Y52A,0.6121447,0.23
235,1,1N8Z,L:D28N,0.6325487,-0.28
244,1,1N8Z,L:S52A,0.6321807,-0.31
250,1,1N8Z,L:Y92A,0.6412778,1.36
257,1,1VFB,C:N19A,1.2527611,0.3
264,1,1VFB,H:D100A,1.2257408,2.9
290,1,1VFB,L:Y50A,1.2768474,0.5
318,1,2JEL,P:K72E,0.58675206,0.41
325,1,2JEL,P:Q4K,0.5813599,1.38
354,1,2NYY,A:Q915A,0.7325485,0.52
355,1,2NYY,A:R1061A,0.72947574,0.82
360,1,2NYY,H:K30R,0.7482743,0.07
364,1,2NYY,H:Y57Q,0.74670774,0.52
372,1,2NZ9,A:F917A,0.7705733,-0.05
384,1,2NZ9,A:R1294A,0.7459774,0.39
388,1,3BDY,H:D31A,0.74092275,0.2
397,1,3BDY,H:R58A,0.74138474,-0.2
403,1,3BDY,H:Y52A,0.7764276,0.4
410,1,3BDY,L:I29A,0.7306634,0.8
424,1,3BE1,H:F100A,0.6317146,1.9
438,1,3BE1,H:Y56A,0.60753936,1.8
448,1,3BE1,L:S30A,0.6312197,-0.2
458,1,3BN9,A:D60bA,0.49926856,0.31
485,1,3BN9,H:S30G,0.50581884,1.36
495,1,3HFM,H:S31A,3.4414675,0.17
502,1,3HFM,L:Q53A,3.4493713,0.95
512,1,3HFM,Y:Y20A,3.151632,4.87
517,1,3K2M,D:Y35A,3.3556657,1.0
522,1,3NGB,H:I30T,0.45958194,0.08
525,1,3NGB,H:R53N,0.46165052,0.05
533,1,3NPS,A:D47A,0.45933384,1.08
534,1,3NPS,A:D91A,0.47828424,1.52
560,1,HM_1KTZ,B:D32N,1.359096,2.0
574,1,HM_1KTZ,B:S49A,1.3492953,0.3
592,1,HM_1YY9,L:Q27Y,-0.23651373,-0.83
600,1,HM_2NYY,A:I917A,0.67065287,0.95
609,1,HM_2NYY,A:R903A,0.673035,-0.02
611,1,HM_2NYY,A:T923A,0.70936435,0.62
619,1,HM_2NYY,L:S28Q,0.710513,0.7
621,1,HM_2NZ9,A:D1062A,0.7048929,-0.14
624,1,HM_2NZ9,A:F953A,0.7106297,1.53
