index,fold,pdbid,mutation,predicted_value,true_value
5,6,1AK4,D:G489V,0.91930413,2.86
9,6,1AK4,D:I491A,0.75219554,0.07
43,6,1CZ8,W:I83A,1.0212203,1.3
44,6,1CZ8,W:I91A,1.2726915,1.06
47,6,1CZ8,W:M81A,1.3306133,4.1
49,6,1CZ8,W:Q79A,1.0791624,0.65
51,6,1CZ8,W:Q89A,1.1054667,1.06
52,6,1CZ8,W:R82A,1.2373263,0.82
62,6,1DQJ,C:W62A,2.1813054,0.8
68,6,1DQJ,H:Y50A,2.679606,6.9
89,6,1DVF,B:W52A,2.6551375,4.17
106,6,1FFW,A:T112I,0.57351595,0.56
113,6,1JTG,A:R243A,1.0449945,0.56
115,6,1JTG,A:S235A,0.9589192,1.32
119,6,1KTZ,B:D32N,1.5895841,1.7
133,6,1KTZ,B:S49A,0.9874504,0.5
171,6,1MHP,H:T33Q,2.6819108,8.0
176,6,1MHP,H:Y58E,3.0969162,2.08
178,6,1MHP,H:Y58W,2.345784,0.82
186,6,1MHP,L:L49K,1.7658565,0.93
191,6,1MHP,L:N30W,2.0265903,1.58
195,6,1MHP,L:N52K,1.5586205,0.66
201,6,1MHP,L:S91K,2.0935726,8.0
202,6,1MHP,L:S91Q,2.1791253,1.78
207,6,1MLC,H:K65D,0.4586047,0.02
216,6,1MLC,L:N32Y,0.08563417,0.0
225,6,1N8Z,H:T32A,0.36707854,0.38
241,6,1N8Z,L:N30S,0.6338918,0.06
247,6,1N8Z,L:T94A,0.5757661,-0.12
251,6,1N8Z,L:Y92F,0.45469582,-0.21
259,6,1VFB,C:R125A,1.2214868,1.8
267,6,1VFB,H:D58N,0.86418515,-0.13
276,6,1VFB,H:S28Q,1.0419701,0.08
280,6,1VFB,H:Y32A,1.3127191,1.1
284,6,1VFB,L:N31W,1.6651702,0.17
308,6,2JEL,P:E85A,0.19175684,0.0
330,6,2JEL,P:S41C,0.9242774,1.51
331,6,2JEL,P:S43C,0.9474736,0.0
333,6,2JEL,P:S64T,1.259388,4.13
349,6,2NYY,A:K903A,0.57352096,0.29
359,6,2NYY,A:T1063A,1.39443,1.62
366,6,2NYY,L:H34R,0.93954813,0.1
392,6,3BDY,H:G97A,0.38077277,-0.1
400,6,3BDY,H:W95A,0.4600249,2.0
412,6,3BDY,L:R27dA,1.576026,-0.2
417,6,3BDY,L:T94A,1.1732981,0.0
446,6,3BE1,L:R27dA,0.28033698,-0.2
449,6,3BE1,L:S52A,0.07660025,0.3
471,6,3BN9,A:Q174A,0.32088667,-0.03
478,6,3BN9,A:R87A,0.21272361,-0.16
484,6,3BN9,H:Q100aV,1.8901777,1.36
498,6,3HFM,L:N31A,3.4736555,5.22
509,6,3HFM,Y:K97A,3.2648878,6.18
546,6,3NPS,A:Q168A,0.275887,-0.06
558,6,HM_1KTZ,B:D118A,0.81888825,0.8
561,6,HM_1KTZ,B:E119A,1.1562283,1.5
570,6,HM_1KTZ,B:I53A,1.7356185,1.4
596,6,HM_2NYY,A:D1062A,0.6753408,-0.14
603,6,HM_2NYY,A:L919A,0.15007603,0.41
604,6,HM_2NYY,A:N918A,0.3973146,0.3
606,6,HM_2NYY,A:P1063A,0.6842446,0.24
630,6,HM_2NZ9,A:N957A,0.3791159,0.01
631,6,HM_2NZ9,A:P1063A,0.63929975,0.24
639,6,HM_3BN9,H:S30G,0.19726032,0.71
