index,fold,pdbid,mutation,predicted_value,true_value
6,7,1AK4,D:H487A,1.0929737,0.84
15,7,1AK4,D:V486A,1.0465983,0.82
63,7,1DQJ,C:W63A,0.9053545,1.3
66,7,1DQJ,H:W98A,5.450635,4.9
78,7,1DVF,A:Y32A,0.97227025,2.05
91,7,1DVF,B:Y32A,1.0768948,1.85
94,7,1DVF,D:H33A,4.0623713,1.88
98,7,1DVF,D:Q104A,2.494174,1.64
112,7,1JTG,A:K234A,0.39621818,0.82
124,7,1KTZ,B:F110A,1.1485217,0.9
127,7,1KTZ,B:I125A,0.6451523,0.5
135,7,1KTZ,B:S52L,3.8484583,3.7
139,7,1MHP,H:F99W,1.1450584,0.0
146,7,1MHP,H:G100V,2.6742582,8.0
154,7,1MHP,H:G54M,1.9929197,8.0
155,7,1MHP,H:G54N,2.4239542,8.0
167,7,1MHP,H:S35V,2.3576152,8.0
169,7,1MHP,H:S52T,8.751735,8.0
174,7,1MHP,H:T50Q,6.2872305,8.0
177,7,1MHP,H:Y58Q,4.0320697,2.08
183,7,1MHP,L:H31R,1.1727844,1.12
198,7,1MHP,L:N93D,1.3653225,8.0
219,7,1N8Z,H:D98A,0.12171316,1.21
221,7,1N8Z,H:F100A,1.6521726,1.17
234,7,1N8Z,H:Y56A,2.0427115,0.87
260,7,1VFB,C:S24A,1.2907047,0.8
261,7,1VFB,C:T118A,0.8709421,0.8
274,7,1VFB,H:S28E,0.11480856,-0.1
292,7,1VFB,L:Y50R,0.6832255,0.85
307,7,2JEL,P:E83A,-0.041458786,0.0
311,7,2JEL,P:E85Q,-0.08423358,0.0
312,7,2JEL,P:F2W,1.2536259,2.64
317,7,2JEL,P:K27E,-0.4604841,0.0
320,7,2JEL,P:K79E,0.6203292,0.41
321,7,2JEL,P:N12D,1.638013,0.0
334,7,2JEL,P:T34Q,0.5528923,0.0
345,7,2NYY,A:F953A,1.9054111,4.06
361,7,2NYY,H:M34Q,-0.08459741,-0.06
377,7,2NZ9,A:K903A,0.2536292,0.54
379,7,2NZ9,A:L919A,1.7434384,2.28
393,7,3BDY,H:G99A,1.2610188,0.8
435,7,3BE1,H:Y100aA,4.4284463,1.2
440,7,3BE1,L:G31A,0.43743357,0.3
459,7,3BN9,A:D96A,0.603719,6.7
460,7,3BN9,A:E169A,0.23366702,0.37
463,7,3BN9,A:F97A,2.8624797,6.7
473,7,3BN9,A:Q221aA,0.15743428,0.71
479,7,3BN9,A:T150A,0.16058907,0.29
488,7,3BN9,H:T98Q,1.1978054,0.0
508,7,3HFM,Y:K96A,5.4720774,6.83
515,7,3K2M,D:R38A,2.576883,2.5
520,7,3NGB,H:A56G,0.36627576,-0.06
529,7,3NGB,H:V73T,0.27157605,0.16
564,7,HM_1KTZ,B:E75A,1.0029097,1.1
566,7,HM_1KTZ,B:F30A,3.0455065,3.0
572,7,HM_1KTZ,B:M112A,0.76881737,0.9
585,7,HM_1YY9,H:T57G,-1.2482446,-0.46
590,7,HM_1YY9,L:A25V,-0.9015387,-0.62
591,7,HM_1YY9,L:G30Y,-0.5584463,-0.92
602,7,HM_2NYY,A:K955A,-0.2607602,-0.5
608,7,HM_2NYY,A:R1064A,5.4750357,4.44
616,7,HM_2NYY,H:Y57Q,0.25290522,1.19
638,7,HM_3BN9,H:Q100aV,0.27542186,0.41
640,7,HM_3BN9,H:S30N,0.33151007,0.71
