index,fold,pdbid,mutation,predicted_value,true_value
7,3,1AK4,D:H487Q,1.3127588,0.8
20,3,1BJ1,W:G92A,2.928649,3.69
22,3,1BJ1,W:H90A,1.5326817,0.0
23,3,1BJ1,W:I80A,0.94872034,0.82
30,3,1BJ1,W:Q79A,0.9964524,0.0
34,3,1BJ1,W:Y45A,1.2856655,0.82
35,3,1CZ8,V:F17A,0.41495925,0.0
36,3,1CZ8,V:Y21A,0.48737293,0.0
50,3,1CZ8,W:Q87A,0.29995796,0.0
65,3,1DQJ,H:D32A,0.95368564,2.0
67,3,1DQJ,H:Y33A,5.1815434,5.5
85,3,1DVF,B:E98A,2.0807734,4.23
105,3,1FFW,A:F111V,0.5597998,1.26
120,3,1KTZ,B:E119A,1.4939274,1.4
136,3,1KTZ,B:T51A,1.4336622,1.3
153,3,1MHP,H:G54I,5.3302755,1.36
184,3,1MHP,L:H31W,0.98861235,1.26
193,3,1MHP,L:N52D,0.100676954,0.5
206,3,1MHP,L:W90Q,2.6393647,2.08
209,3,1MLC,H:S57V,0.06805822,-0.49
223,3,1N8Z,H:N54A,0.20958033,-0.15
229,3,1N8Z,H:Y100aF,0.7763877,-0.05
236,3,1N8Z,L:F53N,-0.05378893,1.21
237,3,1N8Z,L:H91A,1.9330328,8.0
248,3,1N8Z,L:T94S,1.3471082,0.31
254,3,1VFB,C:I124A,0.7779664,1.2
255,3,1VFB,C:K116A,1.2090696,0.7
282,3,1VFB,L:L46D,5.976632,8.0
300,3,2JEL,P:E5D,-0.017937273,0.41
306,3,2JEL,P:E75R,1.2428513,2.75
338,3,2JEL,P:T7N,-0.34414688,0.41
341,3,2NYY,A:D1058A,-0.15473816,0.01
346,3,2NYY,A:H1064A,7.7040386,7.32
353,3,2NYY,A:N954A,0.11888623,0.1
373,3,2NZ9,A:F953A,3.8712554,3.34
376,3,2NZ9,A:K1056A,0.19449446,-0.01
385,3,2NZ9,A:S902A,-0.284913,-0.12
395,3,3BDY,H:N54A,0.035958767,-0.2
425,3,3BE1,H:G96A,0.94938165,0.1
436,3,3BE1,H:Y33A,0.3822392,2.4
439,3,3BE1,L:D27aA,-0.25967962,0.0
452,3,3BE1,L:W50A,0.22498244,1.4
455,3,3BE1,L:Y92A,0.6702044,0.5
462,3,3BN9,A:F94A,-0.055728793,0.64
475,3,3BN9,A:R222A,0.15566574,-0.09
486,3,3BN9,H:S30N,0.5572982,1.36
492,3,3HFM,H:C95F,1.9483767,3.25
503,3,3HFM,L:Y50A,3.02814,4.57
507,3,3HFM,L:Y96F,2.5167546,1.4
513,3,3K2M,D:E52A,3.2517865,2.5
537,3,3NPS,A:F89A,-0.14505565,1.61
542,3,3NPS,A:K221A,0.64587927,-0.1
544,3,3NPS,A:N90A,0.3917417,0.26
547,3,3NPS,A:Q169A,0.6580999,0.75
551,3,3NPS,A:R48A,0.7704741,-1.07
578,3,HM_1KTZ,B:V62A,0.4905404,0.7
579,3,HM_1KTZ,B:V77A,0.59187394,0.4
587,3,HM_1YY9,H:V50L,-0.4587892,-0.6
593,3,HM_1YY9,L:T97C,-0.45851988,-0.51
599,3,HM_2NYY,A:F953A,1.1162088,1.53
615,3,HM_2NYY,H:Y31Q,0.7106696,1.33
628,3,HM_2NZ9,A:L919A,0.9273858,0.41
632,3,HM_2NZ9,A:R1061A,0.10386914,0.58
633,3,HM_2NZ9,A:R1064A,3.0429382,4.44
637,3,HM_3BN9,H:P100H,2.4114447,1.36
