index,fold,pdbid,mutation,predicted_value,true_value
5,6,1AK4,D:G489V,1.2430239,2.86
9,6,1AK4,D:I491A,1.1315064,0.07
43,6,1CZ8,W:I83A,2.716231,1.3
44,6,1CZ8,W:I91A,2.1836064,1.06
47,6,1CZ8,W:M81A,2.563286,4.1
49,6,1CZ8,W:Q79A,0.8389393,0.65
51,6,1CZ8,W:Q89A,0.49707076,1.06
52,6,1CZ8,W:R82A,1.218792,0.82
62,6,1DQJ,C:W62A,1.0289066,0.8
68,6,1DQJ,H:Y50A,5.6189914,6.9
89,6,1DVF,B:W52A,3.7536435,4.17
106,6,1FFW,A:T112I,0.07728729,0.56
113,6,1JTG,A:R243A,0.048939705,0.56
115,6,1JTG,A:S235A,0.3699652,1.32
119,6,1KTZ,B:D32N,1.6091781,1.7
133,6,1KTZ,B:S49A,0.49804723,0.5
171,6,1MHP,H:T33Q,3.9231124,8.0
176,6,1MHP,H:Y58E,3.0802274,2.08
178,6,1MHP,H:Y58W,3.6678114,0.82
186,6,1MHP,L:L49K,1.8710666,0.93
191,6,1MHP,L:N30W,1.5107236,1.58
195,6,1MHP,L:N52K,0.63736,0.66
201,6,1MHP,L:S91K,3.9196284,8.0
202,6,1MHP,L:S91Q,3.5959482,1.78
207,6,1MLC,H:K65D,-0.81607723,0.02
216,6,1MLC,L:N32Y,0.16865122,0.0
225,6,1N8Z,H:T32A,0.074426256,0.38
241,6,1N8Z,L:N30S,0.37586275,0.06
247,6,1N8Z,L:T94A,1.5529157,-0.12
251,6,1N8Z,L:Y92F,1.462052,-0.21
259,6,1VFB,C:R125A,1.2269846,1.8
267,6,1VFB,H:D58N,0.9045565,-0.13
276,6,1VFB,H:S28Q,0.33788198,0.08
280,6,1VFB,H:Y32A,1.3762455,1.1
284,6,1VFB,L:N31W,1.4816773,0.17
308,6,2JEL,P:E85A,-0.1693694,0.0
330,6,2JEL,P:S41C,0.24234158,1.51
331,6,2JEL,P:S43C,0.1489914,0.0
333,6,2JEL,P:S64T,1.1639205,4.13
349,6,2NYY,A:K903A,0.108686656,0.29
359,6,2NYY,A:T1063A,2.909036,1.62
366,6,2NYY,L:H34R,0.7331641,0.1
392,6,3BDY,H:G97A,0.5468801,-0.1
400,6,3BDY,H:W95A,4.056654,2.0
412,6,3BDY,L:R27dA,0.1661341,-0.2
417,6,3BDY,L:T94A,0.062409487,0.0
446,6,3BE1,L:R27dA,-0.2033121,-0.2
449,6,3BE1,L:S52A,-0.66167533,0.3
471,6,3BN9,A:Q174A,0.47135037,-0.03
478,6,3BN9,A:R87A,-0.435478,-0.16
484,6,3BN9,H:Q100aV,1.2958177,1.36
498,6,3HFM,L:N31A,2.7723033,5.22
509,6,3HFM,Y:K97A,2.6266975,6.18
546,6,3NPS,A:Q168A,0.12703675,-0.06
558,6,HM_1KTZ,B:D118A,0.7342189,0.8
561,6,HM_1KTZ,B:E119A,1.4802939,1.5
570,6,HM_1KTZ,B:I53A,1.4764706,1.4
596,6,HM_2NYY,A:D1062A,0.3081222,-0.14
603,6,HM_2NYY,A:L919A,0.37964913,0.41
604,6,HM_2NYY,A:N918A,-0.1635063,0.3
606,6,HM_2NYY,A:P1063A,2.4061449,0.24
630,6,HM_2NZ9,A:N957A,-0.25248256,0.01
631,6,HM_2NZ9,A:P1063A,1.5505922,0.24
639,6,HM_3BN9,H:S30G,0.22414613,0.71
