index,fold,pdbid,mutation,predicted_value,true_value
11,9,1AK4,D:P485A,1.3378005,0.92
29,9,1BJ1,W:M94A,1.2122735,1.42
32,9,1BJ1,W:Q89A,1.3255782,1.75
57,9,1DQJ,C:L75A,-0.050963968,1.5
69,9,1DQJ,H:Y53A,1.8205132,1.2
80,9,1DVF,A:Y49A,1.7084925,1.75
83,9,1DVF,B:D54A,2.4446027,4.32
87,9,1DVF,B:R99A,2.5607667,1.89
93,9,1DVF,D:D52A,1.5049186,1.7
103,9,1FFW,A:E117K,0.38533923,0.71
109,9,1FFW,A:Y106W,1.6137396,0.71
121,9,1KTZ,B:E119Q,1.277806,1.7
130,9,1KTZ,B:L27A,1.3991284,1.9
141,9,1MHP,H:G100F,2.3478012,0.57
166,9,1MHP,H:S35Q,3.037567,2.73
204,9,1MHP,L:S91T,4.3532224,2.32
215,9,1MLC,L:N32G,0.12480737,-0.85
220,9,1N8Z,H:D98W,1.2541797,-0.69
228,9,1N8Z,H:Y100aA,4.3889365,8.0
231,9,1N8Z,H:Y102V,1.1382222,0.22
232,9,1N8Z,H:Y33A,2.6048763,-0.09
246,9,1N8Z,L:T93A,0.85194826,0.82
256,9,1VFB,C:L129A,-0.17929846,0.2
262,9,1VFB,C:V120A,1.2642137,0.9
275,9,1VFB,H:S28N,-0.08062726,0.15
281,9,1VFB,H:Y32E,0.3983903,1.91
304,9,2JEL,P:E70A,1.3951973,2.75
324,9,2JEL,P:Q3K,2.7159333,4.13
350,9,2NYY,A:K923A,0.31430548,-0.14
371,9,2NZ9,A:E920A,2.7866526,2.77
375,9,2NZ9,A:I956A,0.11188528,0.07
402,9,3BDY,H:Y33A,0.7047845,0.3
407,9,3BDY,L:G51A,0.49276534,1.0
415,9,3BDY,L:S52A,-0.41725257,0.1
437,9,3BE1,H:Y52A,-0.20635834,-0.8
444,9,3BE1,L:I29A,-0.2786041,0.9
453,9,3BE1,L:Y32A,2.6909947,-0.8
465,9,3BN9,A:I41A,0.5927891,0.0
468,9,3BN9,A:L153A,-0.52097785,0.34
487,9,3BN9,H:T28R,0.4790163,0.3
490,9,3BN9,H:Y99S,1.0273964,0.41
493,9,3HFM,H:D32A,0.42047936,1.9
494,9,3HFM,H:D32N,1.2015622,0.17
496,9,3HFM,H:Y33A,3.1984918,6.0
500,9,3HFM,L:N31E,3.3875337,5.67
501,9,3HFM,L:N32A,3.6462438,5.11
506,9,3HFM,L:Y96A,2.5663702,2.71
519,9,3K2M,D:Y87A,2.252593,4.0
530,9,3NGB,H:Y74S,-0.12581399,0.33
532,9,3NPS,A:D46A,-0.0001219213,0.34
538,9,3NPS,A:F92A,3.5447924,0.47
543,9,3NPS,A:L147A,-0.22186965,0.3
553,9,3NPS,A:R82A,-0.27832702,-0.15
556,9,3NPS,A:Y141A,3.0798676,1.79
562,9,HM_1KTZ,B:E119Q,1.1694953,1.6
563,9,HM_1KTZ,B:E55A,1.0216563,1.2
565,9,HM_1KTZ,B:F110A,0.834363,0.9
582,9,HM_1YY9,H:I51G,-0.7413146,-0.51
588,9,HM_1YY9,H:V50Q,0.8041471,-0.64
597,9,HM_2NYY,A:D902A,-0.2199717,-0.49
610,9,HM_2NYY,A:S954A,-0.34134352,-0.66
629,9,HM_2NZ9,A:N918A,0.35496604,0.3
636,9,HM_2NZ9,A:T923A,0.53930676,0.62
