index,fold,pdbid,mutation,predicted_value,true_value
1,5,1AK4,D:A488V,2.0909002,0.6
18,5,1BJ1,W:E93A,0.9479654,0.82
21,5,1BJ1,W:H86A,0.09064493,0.0
28,5,1BJ1,W:M81A,3.3135095,3.69
31,5,1BJ1,W:Q87A,0.0313527,0.0
46,5,1CZ8,W:K84A,0.787782,1.36
55,5,1DQJ,C:K96A,4.222775,6.1
71,5,1DQJ,L:N32A,1.9954824,4.1
72,5,1DQJ,L:S91A,2.1489375,1.4
82,5,1DVF,B:D100A,1.6537199,2.82
90,5,1DVF,B:Y101F,1.7572554,2.03
131,5,1KTZ,B:M112A,0.49590117,0.8
162,5,1MHP,H:K64Q,-0.76334465,-0.16
173,5,1MHP,H:T50E,3.614421,8.0
182,5,1MHP,L:H31K,0.7149544,1.17
192,5,1MHP,L:N30Y,0.56130517,1.91
199,5,1MHP,L:S24R,1.5477481,-0.07
200,5,1MHP,L:S28Q,0.77625346,-0.67
208,5,1MLC,H:S57A,0.40227026,-0.38
218,5,1N8Z,H:D31A,0.20318682,0.25
227,5,1N8Z,H:W95A,5.382116,8.0
242,5,1N8Z,L:R66G,-0.30436635,0.22
266,5,1VFB,H:D58E,0.27722397,0.08
269,5,1VFB,H:G31E,0.110604584,-0.51
272,5,1VFB,H:R99Y,1.4708444,1.26
273,5,1VFB,H:S28D,-0.07791251,0.0
285,5,1VFB,L:T52F,2.4283533,0.47
288,5,1VFB,L:Y32A,5.946957,1.7
301,5,2JEL,P:E5Q,1.2865884,0.72
319,5,2JEL,P:K72R,0.33705038,0.0
322,5,2JEL,P:N38T,0.5701639,0.0
336,5,2JEL,P:T62A,0.06526309,0.0
337,5,2JEL,P:T62N,0.4640845,0.0
367,5,2NYY,L:S28Q,0.26552278,0.42
368,5,2NYY,L:S31N,0.9856113,-0.36
370,5,2NZ9,A:D1062A,1.3905829,2.34
383,5,2NZ9,A:R1061A,0.26776153,0.29
390,5,3BDY,H:F100A,0.8232825,0.7
401,5,3BDY,H:Y100aA,2.7392864,0.5
414,5,3BDY,L:S30A,0.3941923,1.3
419,5,3BDY,L:Y32A,0.5836563,1.7
426,5,3BE1,H:G97A,0.19856341,0.3
430,5,3BE1,H:R50A,6.3004246,2.4
431,5,3BE1,H:R58A,0.27856365,2.5
433,5,3BE1,H:T53A,0.11650188,0.1
441,5,3BE1,L:G51A,0.20386513,-0.3
450,5,3BE1,L:T93A,0.40137595,-0.4
461,5,3BN9,A:F60eA,0.011079043,-0.05
464,5,3BN9,A:H143A,0.95224833,0.09
469,5,3BN9,A:N95A,1.6026062,0.77
470,5,3BN9,A:Q145A,-0.08586782,0.13
474,5,3BN9,A:Q38A,0.3745882,-0.42
481,5,3BN9,A:Y146A,-0.14264077,1.09
521,5,3NGB,H:G54S,0.1669693,0.73
527,5,3NGB,H:T33Y,0.8919245,0.08
535,5,3NPS,A:E163A,0.1443016,0.62
545,5,3NPS,A:Q140A,-0.19078076,0.3
559,5,HM_1KTZ,B:D32A,1.008908,1.5
573,5,HM_1KTZ,B:N47A,0.3610629,0.3
575,5,HM_1KTZ,B:S52A,0.34839913,0.2
581,5,HM_1YY9,H:G33D,-0.58426994,-0.89
617,5,HM_2NYY,L:D30Y,0.27441257,0.6
620,5,HM_2NYY,L:S31N,0.628279,1.2
622,5,HM_2NZ9,A:D902A,-0.1739487,-0.49
635,5,HM_2NZ9,A:S954A,-0.21734631,-0.66
