index,fold,pdbid,mutation,predicted_value,true_value
2,8,1AK4,D:A492G,1.0418799,0.41
16,8,1BJ1,V:F17A,0.17848073,0.0
17,8,1BJ1,V:Y21A,-0.03427781,0.0
37,8,1CZ8,W:E93A,1.3683218,1.15
59,8,1DQJ,C:R21A,3.1834013,1.3
60,8,1DQJ,C:S100A,1.7817633,0.8
81,8,1DVF,A:Y50A,1.1343849,0.69
107,8,1FFW,A:T87I,0.36105448,-0.32
111,8,1JRH,I:T14V,-0.20415792,-0.02
125,8,1KTZ,B:F30A,2.8213797,2.9
126,8,1KTZ,B:H79A,0.6793256,0.4
129,8,1KTZ,B:I53A,1.2444017,1.2
132,8,1KTZ,B:N47A,0.38544288,0.3
148,8,1MHP,H:G53A,4.6819186,0.51
157,8,1MHP,H:G54Y,1.7396634,0.0
163,8,1MHP,H:L60D,0.9201899,-0.12
168,8,1MHP,H:S52M,2.3992777,2.08
181,8,1MHP,L:G92S,1.6326759,0.51
190,8,1MHP,L:N30V,1.5358207,1.05
194,8,1MHP,L:N52E,0.5445602,-0.18
240,8,1N8Z,L:N30A,0.21463884,1.12
283,8,1VFB,L:L46E,4.8844347,8.0
286,8,1VFB,L:T53R,0.5494618,1.67
293,8,1YY9,H:N56A,-0.37464514,-0.06
295,8,1YY9,L:N93A,0.072356164,-0.74
296,8,1YY9,L:S26D,-0.2893562,-0.2
299,8,2JEL,P:D69E,0.64439493,0.96
303,8,2JEL,P:E68A,0.62974757,0.41
309,8,2JEL,P:E85D,0.67746925,0.0
313,8,2JEL,P:F2Y,2.755001,0.0
327,8,2JEL,P:Q71E,0.5077267,2.75
332,8,2JEL,P:S46C,-0.24296778,0.0
343,8,2NYY,A:E920A,2.124467,2.84
356,8,2NYY,A:R1294A,0.6347291,0.3
378,8,2NZ9,A:K923A,-0.16011155,-0.3
386,8,2NZ9,A:S955A,-0.25939053,-0.08
389,8,3BDY,H:D98A,0.19975126,0.0
398,8,3BDY,H:T32A,-0.0966855,-0.4
399,8,3BDY,H:T53A,-0.21342011,-0.5
404,8,3BDY,H:Y56A,-0.090422675,0.2
411,8,3BDY,L:P27cA,0.12815207,0.2
428,8,3BE1,H:K30A,0.054152012,-0.3
451,8,3BE1,L:T94A,0.020031601,1.4
457,8,3BN9,A:D60aA,-0.18349576,0.42
466,8,3BN9,A:I60A,-0.1006093,0.84
472,8,3BN9,A:Q175A,2.8774753,2.51
476,8,3BN9,A:R60cA,1.1278617,-0.05
477,8,3BN9,A:R60fA,-0.42222375,-0.07
480,8,3BN9,A:T98A,1.9305484,1.13
482,8,3BN9,A:Y60gA,-0.002916634,0.02
489,8,3BN9,H:T98R,0.1093837,-0.06
491,8,3HFM,H:C95A,2.5667164,5.52
531,8,3NPS,A:D214A,0.4128234,1.48
549,8,3NPS,A:Q23A,-0.22330087,0.03
555,8,3NPS,A:T93A,-0.3275363,0.73
557,8,3NPS,A:Y52A,0.29221925,0.46
571,8,HM_1KTZ,B:L27A,1.8892815,1.8
576,8,HM_1KTZ,B:S52L,3.0513892,4.0
583,8,HM_1YY9,H:R97D,0.79418784,-0.99
589,8,HM_1YY9,H:Y32R,-0.9736929,-0.13
613,8,HM_2NYY,H:M34Q,0.24462694,-0.01
618,8,HM_2NYY,L:H34R,0.57998884,0.63
626,8,HM_2NZ9,A:K915A,-0.10549104,-0.31
642,8,HM_3BN9,H:T98Q,-0.903211,-0.16
