index,fold,pdbid,mutation,predicted_value,true_value
3,4,1AK4,D:A492V,0.47919798,0.19
12,4,1AK4,D:P490A,1.5240669,2.0
24,4,1BJ1,W:I83A,0.9227908,3.69
42,4,1CZ8,W:I80A,1.6544219,0.95
53,4,1CZ8,W:Y45A,0.004156936,1.94
54,4,1DQJ,C:D101A,0.7918143,1.3
58,4,1DQJ,C:N93A,3.0553837,0.6
76,4,1DVF,A:S93A,1.489192,1.17
79,4,1DVF,A:Y49A,2.190771,1.64
88,4,1DVF,B:T30A,1.7805078,0.92
92,4,1DVF,C:Y49A,1.016555,1.88
95,4,1DVF,D:I101A,2.8562348,2.71
97,4,1DVF,D:N55A,1.200946,1.88
114,4,1JTG,A:S130A,0.51576126,0.5
140,4,1MHP,H:F99Y,2.3606882,0.76
145,4,1MHP,H:G100S,3.34782,0.56
151,4,1MHP,H:G53S,2.055111,0.68
156,4,1MHP,H:G54T,3.5718484,1.17
158,4,1MHP,H:H56Y,3.1791253,8.0
170,4,1MHP,H:T33N,3.3088999,2.73
175,4,1MHP,H:T50V,3.1827383,-0.26
179,4,1MHP,H:Y59E,0.51789904,0.54
203,4,1MHP,L:S91R,1.8010678,2.73
205,4,1MHP,L:S91W,3.1864161,8.0
213,4,1MLC,H:T31W,-0.29879054,0.13
245,4,1N8Z,L:T31A,0.31705564,0.8
252,4,1VFB,C:D119A,0.6824155,1.0
263,4,1VFB,C:Y23A,0.75474435,0.4
291,4,1VFB,L:Y50K,1.4437664,1.67
297,4,1YY9,L:T31E,-0.019607395,-0.52
298,4,2JEL,P:A82S,0.12965411,0.0
302,4,2JEL,P:E66K,1.6468692,4.13
305,4,2JEL,P:E70K,1.430765,4.13
315,4,2JEL,P:H76D,0.07412107,-0.66
328,4,2JEL,P:R17G,-0.17142971,0.0
335,4,2JEL,P:T36Q,0.2506398,0.41
339,4,2JEL,P:T7S,0.0025775135,0.0
344,4,2NYY,A:F917A,0.67431986,0.42
351,4,2NYY,A:L919A,1.3798174,2.59
352,4,2NYY,A:N918A,0.4103596,0.89
357,4,2NYY,A:S902A,0.10045403,-0.23
369,4,2NZ9,A:D1058A,0.33966345,-0.03
381,4,2NZ9,A:N954A,0.20916873,-0.15
406,4,3BDY,L:G31A,1.2493871,1.2
408,4,3BDY,L:H91A,1.4346969,2.0
423,4,3BE1,H:D98A,-0.5374101,-0.1
427,4,3BE1,H:G99A,-0.17614605,1.8
429,4,3BE1,H:N54A,0.21398059,-0.8
443,4,3BE1,L:I27bA,0.13556902,-0.2
454,4,3BE1,L:Y53A,-0.5717428,0.9
497,4,3HFM,H:Y50A,4.0018816,8.0
510,4,3HFM,Y:K97M,1.7960606,1.09
511,4,3HFM,Y:R21A,0.848092,1.03
516,4,3K2M,D:W80A,3.1721914,4.0
536,4,3NPS,A:F50A,-0.65635407,0.22
541,4,3NPS,A:I45A,0.7989085,-0.34
550,4,3NPS,A:R219A,-0.07856408,-0.08
568,4,HM_1KTZ,B:I125A,0.73396856,0.5
584,4,HM_1YY9,H:T100Y,-0.21882495,-0.45
598,4,HM_2NYY,A:E920A,0.34888935,0.5
605,4,HM_2NYY,A:N957A,-0.17112738,0.01
607,4,HM_2NYY,A:R1061A,0.071249515,0.58
625,4,HM_2NZ9,A:I917A,0.5407223,0.95
627,4,HM_2NZ9,A:K955A,-0.49745163,-0.5
