index,fold,pdbid,mutation,predicted_value,true_value
8,1,1AK4,D:H487R,1.282775,1.48
10,1,1AK4,D:I491V,0.8017944,-0.17
19,1,1BJ1,W:G88A,1.0204985,2.76
26,1,1BJ1,W:K48A,-0.08742806,0.41
27,1,1BJ1,W:K84A,0.68543243,0.65
33,1,1BJ1,W:R82A,1.2392958,3.69
45,1,1CZ8,W:K48A,-0.029653132,0.0
61,1,1DQJ,C:T89A,1.1462641,0.8
74,1,1DQJ,L:Y96A,3.2007215,1.1
84,1,1DVF,B:D58A,2.1427412,1.62
99,1,1DVF,D:R106A,1.7713364,4.13
101,1,1FFW,A:A90V,0.16348028,0.09
104,1,1FFW,A:E93K,0.04780686,0.82
110,1,1JRH,I:E45Q,0.22993788,0.11
117,1,1KTZ,B:D118A,0.49627358,0.9
122,1,1KTZ,B:E55A,0.81257427,1.3
147,1,1MHP,H:G102S,3.554822,8.0
150,1,1MHP,H:G53Q,2.8782446,8.0
160,1,1MHP,H:K64E,0.84222424,-0.16
172,1,1MHP,H:T33V,3.8870187,0.43
189,1,1MHP,L:N30K,2.3178778,8.0
211,1,1MLC,H:T31A,0.16338158,0.45
214,1,1MLC,H:T58D,0.1276359,-0.56
226,1,1N8Z,H:T53A,-0.01368776,0.78
233,1,1N8Z,H:Y52A,0.3774423,0.23
235,1,1N8Z,L:D28N,-0.4314996,-0.28
244,1,1N8Z,L:S52A,-0.4845442,-0.31
250,1,1N8Z,L:Y92A,1.1330693,1.36
257,1,1VFB,C:N19A,1.6509311,0.3
264,1,1VFB,H:D100A,2.6154513,2.9
290,1,1VFB,L:Y50A,2.1164775,0.5
318,1,2JEL,P:K72E,1.1521581,0.41
325,1,2JEL,P:Q4K,0.5900094,1.38
354,1,2NYY,A:Q915A,0.29308894,0.52
355,1,2NYY,A:R1061A,0.6757941,0.82
360,1,2NYY,H:K30R,0.20222354,0.07
364,1,2NYY,H:Y57Q,0.45417863,0.52
372,1,2NZ9,A:F917A,0.505349,-0.05
384,1,2NZ9,A:R1294A,1.6421154,0.39
388,1,3BDY,H:D31A,-0.7104935,0.2
397,1,3BDY,H:R58A,-0.9077033,-0.2
403,1,3BDY,H:Y52A,1.2924205,0.4
410,1,3BDY,L:I29A,-0.09733552,0.8
424,1,3BE1,H:F100A,0.3477984,1.9
438,1,3BE1,H:Y56A,-0.44708133,1.8
448,1,3BE1,L:S30A,-0.39478922,-0.2
458,1,3BN9,A:D60bA,0.48036468,0.31
485,1,3BN9,H:S30G,0.5531895,1.36
495,1,3HFM,H:S31A,1.5323031,0.17
502,1,3HFM,L:Q53A,2.6537728,0.95
512,1,3HFM,Y:Y20A,2.5069177,4.87
517,1,3K2M,D:Y35A,3.2074342,1.0
522,1,3NGB,H:I30T,-0.04702416,0.08
525,1,3NGB,H:R53N,0.018193364,0.05
533,1,3NPS,A:D47A,0.351295,1.08
534,1,3NPS,A:D91A,0.29319268,1.52
560,1,HM_1KTZ,B:D32N,0.6875049,2.0
574,1,HM_1KTZ,B:S49A,0.3122369,0.3
592,1,HM_1YY9,L:Q27Y,-1.058553,-0.83
600,1,HM_2NYY,A:I917A,0.53088593,0.95
609,1,HM_2NYY,A:R903A,0.65937454,-0.02
611,1,HM_2NYY,A:T923A,0.18223953,0.62
619,1,HM_2NYY,L:S28Q,0.3901599,0.7
621,1,HM_2NZ9,A:D1062A,0.6544194,-0.14
624,1,HM_2NZ9,A:F953A,0.5238028,1.53
