index,fold,pdbid,mutation,predicted_value,true_value
0,2,1AK4,D:A488G,0.9040127,2.49
4,2,1AK4,D:G489A,2.9450755,1.91
13,2,1AK4,D:P490V,3.3154917,2.86
25,2,1BJ1,W:I91A,2.157627,0.41
38,2,1CZ8,W:G88A,1.3011763,2.67
39,2,1CZ8,W:G92A,2.3980637,4.1
40,2,1CZ8,W:H86A,0.70631146,0.0
41,2,1CZ8,W:H90A,0.61762464,0.0
56,2,1DQJ,C:K97A,3.5314932,3.5
64,2,1DQJ,C:Y20A,3.5028653,3.3
73,2,1DQJ,L:Y50A,2.3710873,2.7
75,2,1DVF,A:H30A,1.9152981,1.67
77,2,1DVF,A:W92A,3.2261355,0.34
100,2,1DVF,D:Y102A,2.545108,4.79
108,2,1FFW,A:V108M,0.1688804,1.13
128,2,1KTZ,B:I50A,1.7331498,1.9
134,2,1KTZ,B:S52A,0.39445114,0.4
144,2,1MHP,H:G100M,2.1725054,0.1
149,2,1MHP,H:G53N,1.8349999,1.26
164,2,1MHP,H:R31Q,0.68290067,1.31
165,2,1MHP,H:S35A,3.2809532,1.58
185,2,1MHP,L:L49F,4.280253,0.71
187,2,1MHP,L:L49W,2.6191926,1.91
188,2,1MHP,L:L49Y,5.441403,8.0
197,2,1MHP,L:N52Y,0.50660914,-0.1
217,2,1MLC,L:N92A,-0.012095332,-1.25
222,2,1N8Z,H:K30A,0.30899417,0.61
224,2,1N8Z,H:R50A,0.9282644,8.0
238,2,1N8Z,L:H91F,1.2023693,-0.43
239,2,1N8Z,L:H91F,1.2171844,0.03
258,2,1VFB,C:Q121A,1.9244475,2.9
287,2,1VFB,L:W92A,1.4612287,3.3
289,2,1VFB,L:Y32W,2.1612673,8.0
294,2,1YY9,H:T61E,-0.91053885,-0.06
326,2,2JEL,P:Q57E,0.22127676,-0.41
329,2,2JEL,P:R17K,0.02919197,0.0
342,2,2NYY,A:D1062A,1.6949673,2.53
348,2,2NYY,A:K1056A,0.6492909,-0.03
358,2,2NYY,A:S955A,-0.11609763,0.0
365,2,2NYY,L:D30Y,-0.11662924,0.65
382,2,2NZ9,A:Q915A,0.21241549,0.1
391,2,3BDY,H:G96A,0.15387198,0.2
394,2,3BDY,H:K30A,-0.26625615,0.2
405,2,3BDY,L:D27aA,-0.6601493,0.0
409,2,3BDY,L:I27bA,0.04583931,1.1
416,2,3BDY,L:T93A,-0.12662709,-0.3
422,2,3BE1,H:D31A,0.60123,0.4
432,2,3BE1,H:T32A,0.32795855,-0.4
434,2,3BE1,H:W95A,4.616858,1.8
442,2,3BE1,L:H91A,4.1701403,0.9
499,2,3HFM,L:N31D,3.91558,1.34
504,2,3HFM,L:Y50F,3.2323546,2.36
514,2,3K2M,D:M88A,2.5218587,4.0
518,2,3K2M,D:Y36A,3.9790227,3.7
524,2,3NGB,H:P62K,-0.17315817,0.23
528,2,3NGB,H:V57T,0.6335676,0.14
548,2,3NPS,A:Q218A,0.42456797,-0.04
552,2,3NPS,A:R51A,-0.3234263,0.14
594,2,HM_1YY9,L:T97D,-0.2807911,-0.66
595,2,HM_1YY9,L:T97S,-0.13493049,-0.7
612,2,HM_2NYY,H:K30R,-0.0026738048,0.51
623,2,HM_2NZ9,A:E920A,0.5169159,0.5
634,2,HM_2NZ9,A:R903A,0.08062512,-0.02
641,2,HM_3BN9,H:T28R,0.17000401,-0.24
643,2,HM_3BN9,H:T98R,-0.22811073,-1.57
