index,fold,pdbid,mutation,predicted_value,true_value
14,10,1AK4,D:P493A,0.8847842,0.51
48,10,1CZ8,W:M94A,2.0748968,1.91
70,10,1DQJ,L:N31A,2.7559097,2.0
86,10,1DVF,B:N56A,2.3984804,1.17
96,10,1DVF,D:K30A,1.4550023,1.01
102,10,1FFW,A:D13K,0.62962025,0.05
116,10,1JTG,B:D49A,1.4493477,1.98
118,10,1KTZ,B:D32A,1.0412526,1.4
123,10,1KTZ,B:E75A,1.0012286,1.0
137,10,1KTZ,B:V62A,0.45248133,0.7
138,10,1KTZ,B:V77A,0.7578505,0.5
142,10,1MHP,H:G100I,3.165906,8.0
143,10,1MHP,H:G100L,3.037202,2.73
152,10,1MHP,H:G53W,5.4361587,8.0
159,10,1MHP,H:K64D,1.0180528,-0.12
161,10,1MHP,H:K64N,0.7099827,-0.07
180,10,1MHP,L:G92Q,2.927006,1.58
196,10,1MHP,L:N52R,0.9570314,0.85
210,10,1MLC,H:T28D,0.44269377,-0.15
212,10,1MLC,H:T31V,0.45164603,0.53
230,10,1N8Z,H:Y100aF,1.1333439,0.82
243,10,1N8Z,L:S50A,1.0155537,-0.07
249,10,1N8Z,L:Y49A,0.69501376,1.05
253,10,1VFB,C:D18A,0.7503988,0.3
265,10,1VFB,H:D54A,1.2987071,1.0
268,10,1VFB,H:G31A,0.61784565,0.3
270,10,1VFB,H:G31W,0.20553267,0.01
271,10,1VFB,H:R99W,2.6993115,0.71
277,10,1VFB,H:W52A,1.9479761,0.9
278,10,1VFB,H:Y101A,2.6899362,4.0
279,10,1VFB,H:Y101F,2.082632,1.6
310,10,2JEL,P:E85K,0.54332733,0.0
314,10,2JEL,P:H76A,0.6324017,-0.41
316,10,2JEL,P:K24E,0.07682747,0.0
323,10,2JEL,P:P11E,-0.08372474,0.0
340,10,2JEL,P:V6F,0.25871032,0.0
347,10,2NYY,A:I956A,1.1771488,-0.01
362,10,2NYY,H:Y31D,0.3946466,0.07
363,10,2NYY,H:Y31Q,0.51549685,0.13
374,10,2NZ9,A:H1064A,7.0504627,7.42
387,10,2NZ9,A:T1063A,2.0932431,2.37
396,10,3BDY,H:R50A,2.0702298,-0.3
413,10,3BDY,L:S28A,0.395134,1.0
418,10,3BDY,L:W50A,2.9017,1.3
420,10,3BDY,L:Y53A,1.0322881,0.7
421,10,3BDY,L:Y92A,0.14967021,1.4
445,10,3BE1,L:P27cA,0.25266945,0.1
447,10,3BE1,L:S28A,0.5816719,0.3
456,10,3BN9,A:D217A,1.083369,0.57
467,10,3BN9,A:K224A,0.67884326,0.79
483,10,3BN9,H:P100H,1.3462858,8.0
505,10,3HFM,L:Y50L,3.9040804,4.4
526,10,3NGB,H:R61Q,-0.40463933,0.1
539,10,3NPS,A:H138A,0.8978133,1.89
540,10,3NPS,A:I26A,0.4187159,0.65
554,10,3NPS,A:T144A,0.26479822,0.18
567,10,HM_1KTZ,B:H79A,1.4823178,0.3
569,10,HM_1KTZ,B:I50A,0.6966679,1.9
577,10,HM_1KTZ,B:T51A,0.49591076,1.5
580,10,HM_1YY9,H:A98W,-0.2622867,-0.23
586,10,HM_1YY9,H:T57P,-1.213948,-0.48
601,10,HM_2NYY,A:K915A,0.10653144,-0.31
614,10,HM_2NYY,H:Y31D,0.416552,0.97
644,10,HM_3BN9,H:Y99S,0.4170516,0.54
