index,fold,pdbid,mutation,predicted_value,true_value
8,1,1AK4,D:H487R,0.95020586,1.48
10,1,1AK4,D:I491V,0.9567827,-0.17
19,1,1BJ1,W:G88A,1.0720404,2.76
26,1,1BJ1,W:K48A,1.0337327,0.41
27,1,1BJ1,W:K84A,1.0658854,0.65
33,1,1BJ1,W:R82A,1.0161992,3.69
45,1,1CZ8,W:K48A,1.0541866,0.0
61,1,1DQJ,C:T89A,3.074575,0.8
74,1,1DQJ,L:Y96A,2.9732325,1.1
84,1,1DVF,B:D58A,1.8722961,1.62
99,1,1DVF,D:R106A,1.9472268,4.13
101,1,1FFW,A:A90V,0.70538473,0.09
104,1,1FFW,A:E93K,0.7116974,0.82
110,1,1JRH,I:E45Q,1.4385216,0.11
117,1,1KTZ,B:D118A,1.1276428,0.9
122,1,1KTZ,B:E55A,1.1403334,1.3
147,1,1MHP,H:G102S,2.7746673,8.0
150,1,1MHP,H:G53Q,2.7781668,8.0
160,1,1MHP,H:K64E,2.6770933,-0.16
172,1,1MHP,H:T33V,2.638852,0.43
189,1,1MHP,L:N30K,2.5729992,8.0
211,1,1MLC,H:T31A,0.36644688,0.45
214,1,1MLC,H:T58D,0.27551413,-0.56
226,1,1N8Z,H:T53A,1.0179299,0.78
233,1,1N8Z,H:Y52A,1.2998663,0.23
235,1,1N8Z,L:D28N,1.1841605,-0.28
244,1,1N8Z,L:S52A,1.068784,-0.31
250,1,1N8Z,L:Y92A,1.6415527,1.36
257,1,1VFB,C:N19A,1.5360337,0.3
264,1,1VFB,H:D100A,1.4180682,2.9
290,1,1VFB,L:Y50A,1.5953038,0.5
318,1,2JEL,P:K72E,0.6512555,0.41
325,1,2JEL,P:Q4K,0.6384283,1.38
354,1,2NYY,A:Q915A,1.1386703,0.52
355,1,2NYY,A:R1061A,0.95355135,0.82
360,1,2NYY,H:K30R,1.023785,0.07
364,1,2NYY,H:Y57Q,1.0988991,0.52
372,1,2NZ9,A:F917A,1.1546326,-0.05
384,1,2NZ9,A:R1294A,0.73247516,0.39
388,1,3BDY,H:D31A,0.5492419,0.2
397,1,3BDY,H:R58A,0.54726046,-0.2
403,1,3BDY,H:Y52A,0.56664866,0.4
410,1,3BDY,L:I29A,0.5294603,0.8
424,1,3BE1,H:F100A,0.555699,1.9
438,1,3BE1,H:Y56A,0.11164582,1.8
448,1,3BE1,L:S30A,0.31564924,-0.2
458,1,3BN9,A:D60bA,0.81193054,0.31
485,1,3BN9,H:S30G,0.8288919,1.36
495,1,3HFM,H:S31A,3.4489088,0.17
502,1,3HFM,L:Q53A,3.4878113,0.95
512,1,3HFM,Y:Y20A,2.989727,4.87
517,1,3K2M,D:Y35A,2.9982247,1.0
522,1,3NGB,H:I30T,0.4831913,0.08
525,1,3NGB,H:R53N,0.5185003,0.05
533,1,3NPS,A:D47A,0.5157875,1.08
534,1,3NPS,A:D91A,0.54822755,1.52
560,1,HM_1KTZ,B:D32N,1.4082264,2.0
574,1,HM_1KTZ,B:S49A,1.4054372,0.3
592,1,HM_1YY9,L:Q27Y,-0.74923456,-0.83
600,1,HM_2NYY,A:I917A,0.63356036,0.95
609,1,HM_2NYY,A:R903A,0.4615869,-0.02
611,1,HM_2NYY,A:T923A,1.3614694,0.62
619,1,HM_2NYY,L:S28Q,1.2963908,0.7
621,1,HM_2NZ9,A:D1062A,-0.0021417802,-0.14
624,1,HM_2NZ9,A:F953A,0.3295668,1.53
