index,fold,pdbid,mutation,predicted_value,true_value
1,5,1AK4,D:A488V,0.8759349,0.6
18,5,1BJ1,W:E93A,0.87002397,0.82
21,5,1BJ1,W:H86A,1.1680857,0.0
28,5,1BJ1,W:M81A,1.8791778,3.69
31,5,1BJ1,W:Q87A,1.2967553,0.0
46,5,1CZ8,W:K84A,0.5868048,1.36
55,5,1DQJ,C:K96A,2.406071,6.1
71,5,1DQJ,L:N32A,1.7791122,4.1
72,5,1DQJ,L:S91A,2.0719323,1.4
82,5,1DVF,B:D100A,2.4625876,2.82
90,5,1DVF,B:Y101F,1.7977794,2.03
131,5,1KTZ,B:M112A,1.0642998,0.8
162,5,1MHP,H:K64Q,2.0488355,-0.16
173,5,1MHP,H:T50E,1.8457478,8.0
182,5,1MHP,L:H31K,2.0429666,1.17
192,5,1MHP,L:N30Y,2.6854012,1.91
199,5,1MHP,L:S24R,2.1993835,-0.07
200,5,1MHP,L:S28Q,1.9549577,-0.67
208,5,1MLC,H:S57A,-0.16862452,-0.38
218,5,1N8Z,H:D31A,0.485232,0.25
227,5,1N8Z,H:W95A,2.689398,8.0
242,5,1N8Z,L:R66G,0.6769528,0.22
266,5,1VFB,H:D58E,0.7098742,0.08
269,5,1VFB,H:G31E,0.36811098,-0.51
272,5,1VFB,H:R99Y,0.77481526,1.26
273,5,1VFB,H:S28D,0.8589459,0.0
285,5,1VFB,L:T52F,0.93880916,0.47
288,5,1VFB,L:Y32A,1.0047685,1.7
301,5,2JEL,P:E5Q,0.8952372,0.72
319,5,2JEL,P:K72R,0.856874,0.0
322,5,2JEL,P:N38T,0.7826125,0.0
336,5,2JEL,P:T62A,0.8602267,0.0
337,5,2JEL,P:T62N,0.9651962,0.0
367,5,2NYY,L:S28Q,0.7899501,0.42
368,5,2NYY,L:S31N,1.3268061,-0.36
370,5,2NZ9,A:D1062A,3.6318574,2.34
383,5,2NZ9,A:R1061A,0.52756995,0.29
390,5,3BDY,H:F100A,0.28333783,0.7
401,5,3BDY,H:Y100aA,1.8638265,0.5
414,5,3BDY,L:S30A,0.19811584,1.3
419,5,3BDY,L:Y32A,-0.020558264,1.7
426,5,3BE1,H:G97A,0.94345146,0.3
430,5,3BE1,H:R50A,2.39192,2.4
431,5,3BE1,H:R58A,1.9006035,2.5
433,5,3BE1,H:T53A,0.76505107,0.1
441,5,3BE1,L:G51A,0.5732029,-0.3
450,5,3BE1,L:T93A,0.9280487,-0.4
461,5,3BN9,A:F60eA,0.8519445,-0.05
464,5,3BN9,A:H143A,0.81455314,0.09
469,5,3BN9,A:N95A,0.7809028,0.77
470,5,3BN9,A:Q145A,0.7535479,0.13
474,5,3BN9,A:Q38A,0.8165783,-0.42
481,5,3BN9,A:Y146A,1.0596862,1.09
521,5,3NGB,H:G54S,0.15488088,0.73
527,5,3NGB,H:T33Y,0.23355167,0.08
535,5,3NPS,A:E163A,0.52254,0.62
545,5,3NPS,A:Q140A,0.48533186,0.3
559,5,HM_1KTZ,B:D32A,1.2282201,1.5
573,5,HM_1KTZ,B:N47A,1.2182974,0.3
575,5,HM_1KTZ,B:S52A,1.1510007,0.2
581,5,HM_1YY9,H:G33D,-0.18899338,-0.89
617,5,HM_2NYY,L:D30Y,0.70954853,0.6
620,5,HM_2NYY,L:S31N,1.1721568,1.2
622,5,HM_2NZ9,A:D902A,-0.0134673305,-0.49
635,5,HM_2NZ9,A:S954A,0.3078203,-0.66
