index,fold,pdbid,mutation,predicted_value,true_value
5,6,1AK4,D:G489V,0.79591733,2.86
9,6,1AK4,D:I491A,0.8074483,0.07
43,6,1CZ8,W:I83A,1.6640545,1.3
44,6,1CZ8,W:I91A,1.7846912,1.06
47,6,1CZ8,W:M81A,1.5682613,4.1
49,6,1CZ8,W:Q79A,1.526138,0.65
51,6,1CZ8,W:Q89A,1.3921967,1.06
52,6,1CZ8,W:R82A,1.5185393,0.82
62,6,1DQJ,C:W62A,2.6701238,0.8
68,6,1DQJ,H:Y50A,2.680659,6.9
89,6,1DVF,B:W52A,2.8096545,4.17
106,6,1FFW,A:T112I,0.6804811,0.56
113,6,1JTG,A:R243A,1.1088316,0.56
115,6,1JTG,A:S235A,1.1197995,1.32
119,6,1KTZ,B:D32N,1.0914735,1.7
133,6,1KTZ,B:S49A,1.0969712,0.5
171,6,1MHP,H:T33Q,2.90612,8.0
176,6,1MHP,H:Y58E,2.8749173,2.08
178,6,1MHP,H:Y58W,2.8956175,0.82
186,6,1MHP,L:L49K,2.898698,0.93
191,6,1MHP,L:N30W,2.9143083,1.58
195,6,1MHP,L:N52K,2.8962045,0.66
201,6,1MHP,L:S91K,2.918155,8.0
202,6,1MHP,L:S91Q,2.8740332,1.78
207,6,1MLC,H:K65D,-0.2961507,0.02
216,6,1MLC,L:N32Y,-0.20641668,0.0
225,6,1N8Z,H:T32A,0.82998174,0.38
241,6,1N8Z,L:N30S,0.23492633,0.06
247,6,1N8Z,L:T94A,1.2685715,-0.12
251,6,1N8Z,L:Y92F,1.0138638,-0.21
259,6,1VFB,C:R125A,1.4635314,1.8
267,6,1VFB,H:D58N,1.3776842,-0.13
276,6,1VFB,H:S28Q,1.3944124,0.08
280,6,1VFB,H:Y32A,1.3848084,1.1
284,6,1VFB,L:N31W,1.4665872,0.17
308,6,2JEL,P:E85A,0.5528268,0.0
330,6,2JEL,P:S41C,0.56295055,1.51
331,6,2JEL,P:S43C,0.56858134,0.0
333,6,2JEL,P:S64T,0.56063944,4.13
349,6,2NYY,A:K903A,0.7388344,0.29
359,6,2NYY,A:T1063A,0.6693934,1.62
366,6,2NYY,L:H34R,0.8790543,0.1
392,6,3BDY,H:G97A,0.87902105,-0.1
400,6,3BDY,H:W95A,1.0608691,2.0
412,6,3BDY,L:R27dA,0.96167606,-0.2
417,6,3BDY,L:T94A,0.92842865,0.0
446,6,3BE1,L:R27dA,0.25560462,-0.2
449,6,3BE1,L:S52A,0.1650954,0.3
471,6,3BN9,A:Q174A,0.85859454,-0.03
478,6,3BN9,A:R87A,0.8554344,-0.16
484,6,3BN9,H:Q100aV,0.8532987,1.36
498,6,3HFM,L:N31A,3.2102816,5.22
509,6,3HFM,Y:K97A,3.2463844,6.18
546,6,3NPS,A:Q168A,0.61880493,-0.06
558,6,HM_1KTZ,B:D118A,1.190992,0.8
561,6,HM_1KTZ,B:E119A,1.180939,1.5
570,6,HM_1KTZ,B:I53A,1.3446261,1.4
596,6,HM_2NYY,A:D1062A,-0.08472153,-0.14
603,6,HM_2NYY,A:L919A,0.17812477,0.41
604,6,HM_2NYY,A:N918A,0.307093,0.3
606,6,HM_2NYY,A:P1063A,0.15516709,0.24
630,6,HM_2NZ9,A:N957A,0.0015099887,0.01
631,6,HM_2NZ9,A:P1063A,0.34862027,0.24
639,6,HM_3BN9,H:S30G,0.79574627,0.71
