index,fold,pdbid,mutation,predicted_value,true_value
14,10,1AK4,D:P493A,1.1733066,0.51
48,10,1CZ8,W:M94A,1.14608,1.91
70,10,1DQJ,L:N31A,2.9113038,2.0
86,10,1DVF,B:N56A,1.8536826,1.17
96,10,1DVF,D:K30A,2.3297288,1.01
102,10,1FFW,A:D13K,0.97371227,0.05
116,10,1JTG,B:D49A,2.115297,1.98
118,10,1KTZ,B:D32A,0.9689383,1.4
123,10,1KTZ,B:E75A,1.0274475,1.0
137,10,1KTZ,B:V62A,0.90007097,0.7
138,10,1KTZ,B:V77A,1.0992876,0.5
142,10,1MHP,H:G100I,3.402563,8.0
143,10,1MHP,H:G100L,3.786334,2.73
152,10,1MHP,H:G53W,3.5870636,8.0
159,10,1MHP,H:K64D,1.8408073,-0.12
161,10,1MHP,H:K64N,2.3504193,-0.07
180,10,1MHP,L:G92Q,3.211013,1.58
196,10,1MHP,L:N52R,2.0039217,0.85
210,10,1MLC,H:T28D,-1.0180959,-0.15
212,10,1MLC,H:T31V,-0.9137137,0.53
230,10,1N8Z,H:Y100aF,0.35700622,0.82
243,10,1N8Z,L:S50A,0.7554499,-0.07
249,10,1N8Z,L:Y49A,0.43100306,1.05
253,10,1VFB,C:D18A,1.1780553,0.3
265,10,1VFB,H:D54A,2.2061274,1.0
268,10,1VFB,H:G31A,1.0924072,0.3
270,10,1VFB,H:G31W,0.38070777,0.01
271,10,1VFB,H:R99W,2.456339,0.71
277,10,1VFB,H:W52A,0.4865338,0.9
278,10,1VFB,H:Y101A,1.1353775,4.0
279,10,1VFB,H:Y101F,0.8185386,1.6
310,10,2JEL,P:E85K,0.8246283,0.0
314,10,2JEL,P:H76A,0.7118551,-0.41
316,10,2JEL,P:K24E,0.71222895,0.0
323,10,2JEL,P:P11E,0.7201565,0.0
340,10,2JEL,P:V6F,0.88143665,0.0
347,10,2NYY,A:I956A,0.43230608,-0.01
362,10,2NYY,H:Y31D,0.0759037,0.07
363,10,2NYY,H:Y31Q,0.17715067,0.13
374,10,2NZ9,A:H1064A,6.027896,7.42
387,10,2NZ9,A:T1063A,2.13119,2.37
396,10,3BDY,H:R50A,0.4997116,-0.3
413,10,3BDY,L:S28A,0.49625665,1.0
418,10,3BDY,L:W50A,0.3679485,1.3
420,10,3BDY,L:Y53A,0.5457128,0.7
421,10,3BDY,L:Y92A,0.7285512,1.4
445,10,3BE1,L:P27cA,0.67942935,0.1
447,10,3BE1,L:S28A,0.5264929,0.3
456,10,3BN9,A:D217A,0.63038224,0.57
467,10,3BN9,A:K224A,0.63751405,0.79
483,10,3BN9,H:P100H,0.6331452,8.0
505,10,3HFM,L:Y50L,4.371102,4.4
526,10,3NGB,H:R61Q,0.23109812,0.1
539,10,3NPS,A:H138A,0.4237914,1.89
540,10,3NPS,A:I26A,0.46168876,0.65
554,10,3NPS,A:T144A,0.37369856,0.18
567,10,HM_1KTZ,B:H79A,0.89478934,0.3
569,10,HM_1KTZ,B:I50A,0.9613196,1.9
577,10,HM_1KTZ,B:T51A,0.56119454,1.5
580,10,HM_1YY9,H:A98W,-0.5689714,-0.23
586,10,HM_1YY9,H:T57P,-0.86622566,-0.48
601,10,HM_2NYY,A:K915A,0.33595023,-0.31
614,10,HM_2NYY,H:Y31D,0.47862014,0.97
644,10,HM_3BN9,H:Y99S,0.30580792,0.54
