index,fold,pdbid,mutation,predicted_value,true_value
11,9,1AK4,D:P485A,0.96802974,0.92
29,9,1BJ1,W:M94A,0.98702765,1.42
32,9,1BJ1,W:Q89A,1.1253523,1.75
57,9,1DQJ,C:L75A,2.7853544,1.5
69,9,1DQJ,H:Y53A,2.7730246,1.2
80,9,1DVF,A:Y49A,1.8119072,1.75
83,9,1DVF,B:D54A,1.7765366,4.32
87,9,1DVF,B:R99A,1.6479536,1.89
93,9,1DVF,D:D52A,1.7737669,1.7
103,9,1FFW,A:E117K,0.8746982,0.71
109,9,1FFW,A:Y106W,0.87203443,0.71
121,9,1KTZ,B:E119Q,1.2031243,1.7
130,9,1KTZ,B:L27A,1.1850954,1.9
141,9,1MHP,H:G100F,3.112506,0.57
166,9,1MHP,H:S35Q,2.8809862,2.73
204,9,1MHP,L:S91T,2.7430797,2.32
215,9,1MLC,L:N32G,-0.06547047,-0.85
220,9,1N8Z,H:D98W,0.7370667,-0.69
228,9,1N8Z,H:Y100aA,3.1119113,8.0
231,9,1N8Z,H:Y102V,0.74977946,0.22
232,9,1N8Z,H:Y33A,3.4394805,-0.09
246,9,1N8Z,L:T93A,0.5127881,0.82
256,9,1VFB,C:L129A,1.4415141,0.2
262,9,1VFB,C:V120A,1.4524264,0.9
275,9,1VFB,H:S28N,1.4034969,0.15
281,9,1VFB,H:Y32E,1.5244088,1.91
304,9,2JEL,P:E70A,0.581291,2.75
324,9,2JEL,P:Q3K,0.65064347,4.13
350,9,2NYY,A:K923A,0.84649944,-0.14
371,9,2NZ9,A:E920A,0.54494834,2.77
375,9,2NZ9,A:I956A,1.0925393,0.07
402,9,3BDY,H:Y33A,0.47595558,0.3
407,9,3BDY,L:G51A,0.37320688,1.0
415,9,3BDY,L:S52A,0.39305022,0.1
437,9,3BE1,H:Y52A,0.74258137,-0.8
444,9,3BE1,L:I29A,0.28765732,0.9
453,9,3BE1,L:Y32A,0.25204375,-0.8
465,9,3BN9,A:I41A,0.80451894,0.0
468,9,3BN9,A:L153A,0.7652291,0.34
487,9,3BN9,H:T28R,0.79509294,0.3
490,9,3BN9,H:Y99S,0.79389805,0.41
493,9,3HFM,H:D32A,3.0222235,1.9
494,9,3HFM,H:D32N,3.1083765,0.17
496,9,3HFM,H:Y33A,3.0058806,6.0
500,9,3HFM,L:N31E,3.2655714,5.67
501,9,3HFM,L:N32A,2.9494524,5.11
506,9,3HFM,L:Y96A,2.8816366,2.71
519,9,3K2M,D:Y87A,2.500326,4.0
530,9,3NGB,H:Y74S,0.50585103,0.33
532,9,3NPS,A:D46A,0.7061542,0.34
538,9,3NPS,A:F92A,1.2728904,0.47
543,9,3NPS,A:L147A,0.69047797,0.3
553,9,3NPS,A:R82A,0.77961093,-0.15
556,9,3NPS,A:Y141A,0.82245183,1.79
562,9,HM_1KTZ,B:E119Q,1.1379073,1.6
563,9,HM_1KTZ,B:E55A,1.0953124,1.2
565,9,HM_1KTZ,B:F110A,1.4118056,0.9
582,9,HM_1YY9,H:I51G,-0.93464005,-0.51
588,9,HM_1YY9,H:V50Q,-1.1604186,-0.64
597,9,HM_2NYY,A:D902A,-0.22264676,-0.49
610,9,HM_2NYY,A:S954A,0.38059926,-0.66
629,9,HM_2NZ9,A:N918A,-0.07610889,0.3
636,9,HM_2NZ9,A:T923A,0.7937306,0.62
