index,fold,pdbid,mutation,predicted_value,true_value
0,2,1AK4,D:A488G,0.99030674,2.49
4,2,1AK4,D:G489A,0.98675907,1.91
13,2,1AK4,D:P490V,1.1140975,2.86
25,2,1BJ1,W:I91A,1.7166847,0.41
38,2,1CZ8,W:G88A,1.2967018,2.67
39,2,1CZ8,W:G92A,1.2417303,4.1
40,2,1CZ8,W:H86A,1.177858,0.0
41,2,1CZ8,W:H90A,1.5951763,0.0
56,2,1DQJ,C:K97A,3.5763087,3.5
64,2,1DQJ,C:Y20A,3.588001,3.3
73,2,1DQJ,L:Y50A,2.1315174,2.7
75,2,1DVF,A:H30A,2.035219,1.67
77,2,1DVF,A:W92A,2.8373895,0.34
100,2,1DVF,D:Y102A,5.0703406,4.79
108,2,1FFW,A:V108M,0.8320512,1.13
128,2,1KTZ,B:I50A,1.8170149,1.9
134,2,1KTZ,B:S52A,1.7261908,0.4
144,2,1MHP,H:G100M,3.557658,0.1
149,2,1MHP,H:G53N,2.0457668,1.26
164,2,1MHP,H:R31Q,2.7100186,1.31
165,2,1MHP,H:S35A,3.0000122,1.58
185,2,1MHP,L:L49F,2.9714487,0.71
187,2,1MHP,L:L49W,2.7662826,1.91
188,2,1MHP,L:L49Y,2.8328466,8.0
197,2,1MHP,L:N52Y,2.1790266,-0.1
217,2,1MLC,L:N92A,0.0840493,-1.25
222,2,1N8Z,H:K30A,0.72994345,0.61
224,2,1N8Z,H:R50A,3.5087543,8.0
238,2,1N8Z,L:H91F,1.269418,-0.43
239,2,1N8Z,L:H91F,1.3413045,0.03
258,2,1VFB,C:Q121A,1.8325678,2.9
287,2,1VFB,L:W92A,1.5760626,3.3
289,2,1VFB,L:Y32W,1.6394498,8.0
294,2,1YY9,H:T61E,0.052372638,-0.06
326,2,2JEL,P:Q57E,0.9958345,-0.41
329,2,2JEL,P:R17K,1.0097816,0.0
342,2,2NYY,A:D1062A,1.3553807,2.53
348,2,2NYY,A:K1056A,0.66412365,-0.03
358,2,2NYY,A:S955A,0.380494,0.0
365,2,2NYY,L:D30Y,-0.08839767,0.65
382,2,2NZ9,A:Q915A,0.49786562,0.1
391,2,3BDY,H:G96A,0.7591987,0.2
394,2,3BDY,H:K30A,0.8001515,0.2
405,2,3BDY,L:D27aA,0.7745859,0.0
409,2,3BDY,L:I27bA,0.7319151,1.1
416,2,3BDY,L:T93A,0.9327252,-0.3
422,2,3BE1,H:D31A,0.4777917,0.4
432,2,3BE1,H:T32A,0.5641648,-0.4
434,2,3BE1,H:W95A,2.286192,1.8
442,2,3BE1,L:H91A,1.9874507,0.9
499,2,3HFM,L:N31D,3.6743407,1.34
504,2,3HFM,L:Y50F,3.372128,2.36
514,2,3K2M,D:M88A,2.6811981,4.0
518,2,3K2M,D:Y36A,3.0834897,3.7
524,2,3NGB,H:P62K,0.488666,0.23
528,2,3NGB,H:V57T,0.4850702,0.14
548,2,3NPS,A:Q218A,0.5753977,-0.04
552,2,3NPS,A:R51A,0.6297929,0.14
594,2,HM_1YY9,L:T97D,-0.5420255,-0.66
595,2,HM_1YY9,L:T97S,-0.45284688,-0.7
612,2,HM_2NYY,H:K30R,0.33217397,0.51
623,2,HM_2NZ9,A:E920A,0.16380377,0.5
634,2,HM_2NZ9,A:R903A,0.01274469,-0.02
641,2,HM_3BN9,H:T28R,1.3018678,-0.24
643,2,HM_3BN9,H:T98R,1.601996,-1.57
