index,fold,pdbid,mutation,predicted_value,true_value
7,3,1AK4,D:H487Q,0.9424926,0.8
20,3,1BJ1,W:G92A,1.3327686,3.69
22,3,1BJ1,W:H90A,1.0527173,0.0
23,3,1BJ1,W:I80A,1.2118173,0.82
30,3,1BJ1,W:Q79A,1.5186503,0.0
34,3,1BJ1,W:Y45A,1.2530699,0.82
35,3,1CZ8,V:F17A,1.0473694,0.0
36,3,1CZ8,V:Y21A,1.0949584,0.0
50,3,1CZ8,W:Q87A,1.0316116,0.0
65,3,1DQJ,H:D32A,2.1117802,2.0
67,3,1DQJ,H:Y33A,5.0867853,5.5
85,3,1DVF,B:E98A,1.7032288,4.23
105,3,1FFW,A:F111V,0.9399948,1.26
120,3,1KTZ,B:E119A,1.2380865,1.4
136,3,1KTZ,B:T51A,0.52275187,1.3
153,3,1MHP,H:G54I,4.6839886,1.36
184,3,1MHP,L:H31W,2.1751728,1.26
193,3,1MHP,L:N52D,1.6516951,0.5
206,3,1MHP,L:W90Q,2.3511364,2.08
209,3,1MLC,H:S57V,0.36148742,-0.49
223,3,1N8Z,H:N54A,0.0065334477,-0.15
229,3,1N8Z,H:Y100aF,0.48878908,-0.05
236,3,1N8Z,L:F53N,0.053338856,1.21
237,3,1N8Z,L:H91A,4.3257747,8.0
248,3,1N8Z,L:T94S,0.22562884,0.31
254,3,1VFB,C:I124A,0.9699913,1.2
255,3,1VFB,C:K116A,1.5527611,0.7
282,3,1VFB,L:L46D,1.8145206,8.0
300,3,2JEL,P:E5D,0.69198585,0.41
306,3,2JEL,P:E75R,0.5589663,2.75
338,3,2JEL,P:T7N,0.52365077,0.41
341,3,2NYY,A:D1058A,0.8867444,0.01
346,3,2NYY,A:H1064A,5.9001927,7.32
353,3,2NYY,A:N954A,1.0025768,0.1
373,3,2NZ9,A:F953A,3.3812923,3.34
376,3,2NZ9,A:K1056A,1.4510266,-0.01
385,3,2NZ9,A:S902A,1.4528016,-0.12
395,3,3BDY,H:N54A,0.28481975,-0.2
425,3,3BE1,H:G96A,0.8751862,0.1
436,3,3BE1,H:Y33A,1.7861245,2.4
439,3,3BE1,L:D27aA,0.67837644,0.0
452,3,3BE1,L:W50A,0.3988963,1.4
455,3,3BE1,L:Y92A,1.111525,0.5
462,3,3BN9,A:F94A,0.38660237,0.64
475,3,3BN9,A:R222A,0.47219887,-0.09
486,3,3BN9,H:S30N,0.56269264,1.36
492,3,3HFM,H:C95F,3.0946407,3.25
503,3,3HFM,L:Y50A,3.1679158,4.57
507,3,3HFM,L:Y96F,2.2805927,1.4
513,3,3K2M,D:E52A,1.9876792,2.5
537,3,3NPS,A:F89A,0.42272893,1.61
542,3,3NPS,A:K221A,0.46838263,-0.1
544,3,3NPS,A:N90A,0.469029,0.26
547,3,3NPS,A:Q169A,0.513227,0.75
551,3,3NPS,A:R48A,0.27877,-1.07
578,3,HM_1KTZ,B:V62A,0.82206655,0.7
579,3,HM_1KTZ,B:V77A,1.0184715,0.4
587,3,HM_1YY9,H:V50L,-0.45939454,-0.6
593,3,HM_1YY9,L:T97C,-0.6003833,-0.51
599,3,HM_2NYY,A:F953A,0.7727506,1.53
615,3,HM_2NYY,H:Y31Q,0.41177633,1.33
628,3,HM_2NZ9,A:L919A,0.63737214,0.41
632,3,HM_2NZ9,A:R1061A,1.3649822,0.58
633,3,HM_2NZ9,A:R1064A,2.068266,4.44
637,3,HM_3BN9,H:P100H,1.6097065,1.36
