index,fold,pdbid,mutation,predicted_value,true_value
2,8,1AK4,D:A492G,0.12327773,0.41
16,8,1BJ1,V:F17A,0.46211004,0.0
17,8,1BJ1,V:Y21A,0.46184593,0.0
37,8,1CZ8,W:E93A,0.50987285,1.15
59,8,1DQJ,C:R21A,1.3095659,1.3
60,8,1DQJ,C:S100A,1.3351991,0.8
81,8,1DVF,A:Y50A,1.4285917,0.69
107,8,1FFW,A:T87I,0.19082473,-0.32
111,8,1JRH,I:T14V,1.4588059,-0.02
125,8,1KTZ,B:F30A,0.6006524,2.9
126,8,1KTZ,B:H79A,0.664415,0.4
129,8,1KTZ,B:I53A,0.55356795,1.2
132,8,1KTZ,B:N47A,0.6479444,0.3
148,8,1MHP,H:G53A,1.390994,0.51
157,8,1MHP,H:G54Y,1.406453,0.0
163,8,1MHP,H:L60D,1.3947953,-0.12
168,8,1MHP,H:S52M,1.3991545,2.08
181,8,1MHP,L:G92S,1.3939832,0.51
190,8,1MHP,L:N30V,1.4035338,1.05
194,8,1MHP,L:N52E,1.4008384,-0.18
240,8,1N8Z,L:N30A,0.5227305,1.12
283,8,1VFB,L:L46E,1.1785489,8.0
286,8,1VFB,L:T53R,1.1822461,1.67
293,8,1YY9,H:N56A,0.3213537,-0.06
295,8,1YY9,L:N93A,0.34520313,-0.74
296,8,1YY9,L:S26D,0.33224064,-0.2
299,8,2JEL,P:D69E,0.45938095,0.96
303,8,2JEL,P:E68A,0.4666339,0.41
309,8,2JEL,P:E85D,0.46120152,0.0
313,8,2JEL,P:F2Y,0.44166133,0.0
327,8,2JEL,P:Q71E,0.47153568,2.75
332,8,2JEL,P:S46C,0.45820442,0.0
343,8,2NYY,A:E920A,0.17861201,2.84
356,8,2NYY,A:R1294A,0.17843172,0.3
378,8,2NZ9,A:K923A,0.0843721,-0.3
386,8,2NZ9,A:S955A,0.087828234,-0.08
389,8,3BDY,H:D98A,0.5580263,0.0
398,8,3BDY,H:T32A,0.55825764,-0.4
399,8,3BDY,H:T53A,0.5532342,-0.5
404,8,3BDY,H:Y56A,0.5559205,0.2
411,8,3BDY,L:P27cA,0.54192,0.2
428,8,3BE1,H:K30A,0.3838791,-0.3
451,8,3BE1,L:T94A,0.397738,1.4
457,8,3BN9,A:D60aA,0.5038316,0.42
466,8,3BN9,A:I60A,0.5210826,0.84
472,8,3BN9,A:Q175A,0.52604973,2.51
476,8,3BN9,A:R60cA,0.52448434,-0.05
477,8,3BN9,A:R60fA,0.4984789,-0.07
480,8,3BN9,A:T98A,0.5112688,1.13
482,8,3BN9,A:Y60gA,0.5042086,0.02
489,8,3BN9,H:T98R,0.5061244,-0.06
491,8,3HFM,H:C95A,1.6313623,5.52
531,8,3NPS,A:D214A,0.50594455,1.48
549,8,3NPS,A:Q23A,0.50527406,0.03
555,8,3NPS,A:T93A,0.509432,0.73
557,8,3NPS,A:Y52A,0.49415648,0.46
571,8,HM_1KTZ,B:L27A,0.64358,1.8
576,8,HM_1KTZ,B:S52L,0.63952893,4.0
583,8,HM_1YY9,H:R97D,0.57408524,-0.99
589,8,HM_1YY9,H:Y32R,0.5720679,-0.13
613,8,HM_2NYY,H:M34Q,0.20534332,-0.01
618,8,HM_2NYY,L:H34R,0.20159614,0.63
626,8,HM_2NZ9,A:K915A,0.10231339,-0.31
642,8,HM_3BN9,H:T98Q,0.5877067,-0.16
