index,fold,pdbid,mutation,predicted_value,true_value
3,4,1AK4,D:A492V,0.6378221,0.19
12,4,1AK4,D:P490A,0.6605788,2.0
24,4,1BJ1,W:I83A,1.1371163,3.69
42,4,1CZ8,W:I80A,1.1694735,0.95
53,4,1CZ8,W:Y45A,1.147653,1.94
54,4,1DQJ,C:D101A,2.7559543,1.3
58,4,1DQJ,C:N93A,2.8569086,0.6
76,4,1DVF,A:S93A,1.967545,1.17
79,4,1DVF,A:Y49A,1.9434441,1.64
88,4,1DVF,B:T30A,2.0213265,0.92
92,4,1DVF,C:Y49A,1.8121134,1.88
95,4,1DVF,D:I101A,1.7732931,2.71
97,4,1DVF,D:N55A,1.2985176,1.88
114,4,1JTG,A:S130A,0.8509875,0.5
140,4,1MHP,H:F99Y,2.7497249,0.76
145,4,1MHP,H:G100S,3.1554723,0.56
151,4,1MHP,H:G53S,2.1752617,0.68
156,4,1MHP,H:G54T,2.6115284,1.17
158,4,1MHP,H:H56Y,2.9867258,8.0
170,4,1MHP,H:T33N,2.5266309,2.73
175,4,1MHP,H:T50V,2.2429914,-0.26
179,4,1MHP,H:Y59E,2.31856,0.54
203,4,1MHP,L:S91R,2.066991,2.73
205,4,1MHP,L:S91W,1.8266147,8.0
213,4,1MLC,H:T31W,0.48791552,0.13
245,4,1N8Z,L:T31A,0.9839626,0.8
252,4,1VFB,C:D119A,1.7590262,1.0
263,4,1VFB,C:Y23A,1.2027837,0.4
291,4,1VFB,L:Y50K,1.7526742,1.67
297,4,1YY9,L:T31E,0.23490858,-0.52
298,4,2JEL,P:A82S,0.74351555,0.0
302,4,2JEL,P:E66K,0.5174442,4.13
305,4,2JEL,P:E70K,0.87342745,4.13
315,4,2JEL,P:H76D,0.7387463,-0.66
328,4,2JEL,P:R17G,0.81584316,0.0
335,4,2JEL,P:T36Q,0.79648596,0.41
339,4,2JEL,P:T7S,0.7554237,0.0
344,4,2NYY,A:F917A,1.0574232,0.42
351,4,2NYY,A:L919A,1.6392794,2.59
352,4,2NYY,A:N918A,0.5600304,0.89
357,4,2NYY,A:S902A,0.9109104,-0.23
369,4,2NZ9,A:D1058A,0.668968,-0.03
381,4,2NZ9,A:N954A,0.76890105,-0.15
406,4,3BDY,L:G31A,0.58967334,1.2
408,4,3BDY,L:H91A,1.0726621,2.0
423,4,3BE1,H:D98A,0.39697123,-0.1
427,4,3BE1,H:G99A,0.4392677,1.8
429,4,3BE1,H:N54A,0.437499,-0.8
443,4,3BE1,L:I27bA,0.47087294,-0.2
454,4,3BE1,L:Y53A,0.47424597,0.9
497,4,3HFM,H:Y50A,4.5412946,8.0
510,4,3HFM,Y:K97M,2.8634064,1.09
511,4,3HFM,Y:R21A,2.8162806,1.03
516,4,3K2M,D:W80A,3.4204762,4.0
536,4,3NPS,A:F50A,0.681597,0.22
541,4,3NPS,A:I45A,0.71176684,-0.34
550,4,3NPS,A:R219A,0.5062319,-0.08
568,4,HM_1KTZ,B:I125A,1.1689453,0.5
584,4,HM_1YY9,H:T100Y,-0.050630286,-0.45
598,4,HM_2NYY,A:E920A,0.22975188,0.5
605,4,HM_2NYY,A:N957A,0.37881702,0.01
607,4,HM_2NYY,A:R1061A,0.72945344,0.58
625,4,HM_2NZ9,A:I917A,0.4055314,0.95
627,4,HM_2NZ9,A:K955A,0.36708653,-0.5
