index,fold,pdbid,mutation,predicted_value,true_value
6,7,1AK4,D:H487A,1.1873609,0.84
15,7,1AK4,D:V486A,1.109713,0.82
63,7,1DQJ,C:W63A,3.4407985,1.3
66,7,1DQJ,H:W98A,4.0421686,4.9
78,7,1DVF,A:Y32A,2.1428294,2.05
91,7,1DVF,B:Y32A,2.0164952,1.85
94,7,1DVF,D:H33A,2.0779965,1.88
98,7,1DVF,D:Q104A,2.005244,1.64
112,7,1JTG,A:K234A,1.0330696,0.82
124,7,1KTZ,B:F110A,1.2633184,0.9
127,7,1KTZ,B:I125A,1.1983156,0.5
135,7,1KTZ,B:S52L,1.5363643,3.7
139,7,1MHP,H:F99W,3.04834,0.0
146,7,1MHP,H:G100V,3.0901186,8.0
154,7,1MHP,H:G54M,3.0696185,8.0
155,7,1MHP,H:G54N,3.037252,8.0
167,7,1MHP,H:S35V,2.9967577,8.0
169,7,1MHP,H:S52T,3.1177604,8.0
174,7,1MHP,H:T50Q,2.9511511,8.0
177,7,1MHP,H:Y58Q,3.079431,2.08
183,7,1MHP,L:H31R,2.9914215,1.12
198,7,1MHP,L:N93D,2.9422083,8.0
219,7,1N8Z,H:D98A,0.51981694,1.21
221,7,1N8Z,H:F100A,1.5037439,1.17
234,7,1N8Z,H:Y56A,0.06472159,0.87
260,7,1VFB,C:S24A,1.8989091,0.8
261,7,1VFB,C:T118A,2.0001996,0.8
274,7,1VFB,H:S28E,1.7854375,-0.1
292,7,1VFB,L:Y50R,1.9904675,0.85
307,7,2JEL,P:E83A,1.1571134,0.0
311,7,2JEL,P:E85Q,1.1625402,0.0
312,7,2JEL,P:F2W,1.2157776,2.64
317,7,2JEL,P:K27E,1.1641744,0.0
320,7,2JEL,P:K79E,1.1689758,0.41
321,7,2JEL,P:N12D,1.1480954,0.0
334,7,2JEL,P:T34Q,1.1621423,0.0
345,7,2NYY,A:F953A,1.8184445,4.06
361,7,2NYY,H:M34Q,0.71253496,-0.06
377,7,2NZ9,A:K903A,0.3641079,0.54
379,7,2NZ9,A:L919A,0.372899,2.28
393,7,3BDY,H:G99A,0.573747,0.8
435,7,3BE1,H:Y100aA,2.0084672,1.2
440,7,3BE1,L:G31A,0.2187052,0.3
459,7,3BN9,A:D96A,0.87900525,6.7
460,7,3BN9,A:E169A,0.8532281,0.37
463,7,3BN9,A:F97A,1.2405148,6.7
473,7,3BN9,A:Q221aA,0.870672,0.71
479,7,3BN9,A:T150A,0.85174763,0.29
488,7,3BN9,H:T98Q,0.8626404,0.0
508,7,3HFM,Y:K96A,3.8181908,6.83
515,7,3K2M,D:R38A,3.4182565,2.5
520,7,3NGB,H:A56G,0.56304514,-0.06
529,7,3NGB,H:V73T,0.56929296,0.16
564,7,HM_1KTZ,B:E75A,1.4115565,1.1
566,7,HM_1KTZ,B:F30A,1.6795226,3.0
572,7,HM_1KTZ,B:M112A,1.407536,0.9
585,7,HM_1YY9,H:T57G,-0.7563969,-0.46
590,7,HM_1YY9,L:A25V,-0.37904662,-0.62
591,7,HM_1YY9,L:G30Y,0.23367566,-0.92
602,7,HM_2NYY,A:K955A,-0.11333554,-0.5
608,7,HM_2NYY,A:R1064A,2.4185522,4.44
616,7,HM_2NYY,H:Y57Q,0.7589809,1.19
638,7,HM_3BN9,H:Q100aV,0.95318484,0.41
640,7,HM_3BN9,H:S30N,0.9089661,0.71
