fold,mae,rmse,r2,pearson,spearman,samples,valid_samples
1,1.298583843566559,1.7648544532644552,0.4049740490009397,0.6823279151916504,0.4340090751647949,455,455
