fold,mae,rmse,r2,pearson,spearman,samples
1,0.9754615543676276,1.5343868960252829,-0.0554225873016596,0.0707791550222134,0.0710674444732627,112
