index,fold,pdbid,mutation,predicted_value,true_value
7,3,1AK4,D:H487Q,0.7816274,0.8
20,3,1BJ1,W:G92A,1.9703707,3.69
22,3,1BJ1,W:H90A,0.8330594,0.0
23,3,1BJ1,W:I80A,1.201597,0.82
30,3,1BJ1,W:Q79A,0.8513806,0.0
34,3,1BJ1,W:Y45A,1.2069689,0.82
35,3,1CZ8,V:F17A,0.40408835,0.0
36,3,1CZ8,V:Y21A,0.29416895,0.0
50,3,1CZ8,W:Q87A,0.61910135,0.0
65,3,1DQJ,H:D32A,0.5218852,2.0
67,3,1DQJ,H:Y33A,4.292775,5.5
85,3,1DVF,B:E98A,2.3931794,4.23
105,3,1FFW,A:F111V,0.36609897,1.26
120,3,1KTZ,B:E119A,1.678959,1.4
136,3,1KTZ,B:T51A,0.8513924,1.3
153,3,1MHP,H:G54I,5.8762503,1.36
184,3,1MHP,L:H31W,0.2685437,1.26
193,3,1MHP,L:N52D,0.10724932,0.5
206,3,1MHP,L:W90Q,2.4551246,2.08
209,3,1MLC,H:S57V,0.12136027,-0.49
223,3,1N8Z,H:N54A,-0.011432946,-0.15
229,3,1N8Z,H:Y100aF,0.52040267,-0.05
236,3,1N8Z,L:F53N,-0.15926091,1.21
237,3,1N8Z,L:H91A,0.6407537,8.0
248,3,1N8Z,L:T94S,0.43743515,0.31
254,3,1VFB,C:I124A,1.4065131,1.2
255,3,1VFB,C:K116A,1.0846682,0.7
282,3,1VFB,L:L46D,4.341069,8.0
300,3,2JEL,P:E5D,0.27144262,0.41
306,3,2JEL,P:E75R,0.22057334,2.75
338,3,2JEL,P:T7N,0.019192845,0.41
341,3,2NYY,A:D1058A,0.37738657,0.01
346,3,2NYY,A:H1064A,7.5017786,7.32
353,3,2NYY,A:N954A,0.59275013,0.1
373,3,2NZ9,A:F953A,1.5691015,3.34
376,3,2NZ9,A:K1056A,0.55909145,-0.01
385,3,2NZ9,A:S902A,0.017032728,-0.12
395,3,3BDY,H:N54A,-0.03164038,-0.2
425,3,3BE1,H:G96A,0.57446903,0.1
436,3,3BE1,H:Y33A,0.0544359,2.4
439,3,3BE1,L:D27aA,-0.19712849,0.0
452,3,3BE1,L:W50A,0.5834916,1.4
455,3,3BE1,L:Y92A,1.0225405,0.5
462,3,3BN9,A:F94A,0.1464909,0.64
475,3,3BN9,A:R222A,0.2500354,-0.09
486,3,3BN9,H:S30N,0.43034852,1.36
492,3,3HFM,H:C95F,4.4845676,3.25
503,3,3HFM,L:Y50A,4.676939,4.57
507,3,3HFM,L:Y96F,2.3551667,1.4
513,3,3K2M,D:E52A,2.8710346,2.5
537,3,3NPS,A:F89A,0.15673956,1.61
542,3,3NPS,A:K221A,0.68677324,-0.1
544,3,3NPS,A:N90A,0.20888454,0.26
547,3,3NPS,A:Q169A,0.4301189,0.75
551,3,3NPS,A:R48A,0.14785576,-1.07
578,3,HM_1KTZ,B:V62A,0.829156,0.7
579,3,HM_1KTZ,B:V77A,1.2259587,0.4
587,3,HM_1YY9,H:V50L,0.56831855,-0.6
593,3,HM_1YY9,L:T97C,-0.4914809,-0.51
599,3,HM_2NYY,A:F953A,0.83994806,1.53
615,3,HM_2NYY,H:Y31Q,0.78353024,1.33
628,3,HM_2NZ9,A:L919A,0.9500211,0.41
632,3,HM_2NZ9,A:R1061A,0.71627516,0.58
633,3,HM_2NZ9,A:R1064A,2.5021303,4.44
637,3,HM_3BN9,H:P100H,2.438512,1.36
