index,fold,pdbid,mutation,predicted_value,true_value
1,5,1AK4,D:A488V,1.7498806,0.6
18,5,1BJ1,W:E93A,1.739017,0.82
21,5,1BJ1,W:H86A,1.1331186,0.0
28,5,1BJ1,W:M81A,1.5422204,3.69
31,5,1BJ1,W:Q87A,1.0952284,0.0
46,5,1CZ8,W:K84A,0.59147614,1.36
55,5,1DQJ,C:K96A,2.4153385,6.1
71,5,1DQJ,L:N32A,2.929055,4.1
72,5,1DQJ,L:S91A,3.2819715,1.4
82,5,1DVF,B:D100A,2.0888784,2.82
90,5,1DVF,B:Y101F,2.5672104,2.03
131,5,1KTZ,B:M112A,1.3289356,0.8
162,5,1MHP,H:K64Q,0.6312063,-0.16
173,5,1MHP,H:T50E,2.8865921,8.0
182,5,1MHP,L:H31K,2.4643345,1.17
192,5,1MHP,L:N30Y,1.5065453,1.91
199,5,1MHP,L:S24R,1.7988727,-0.07
200,5,1MHP,L:S28Q,1.2066281,-0.67
208,5,1MLC,H:S57A,-0.26100922,-0.38
218,5,1N8Z,H:D31A,0.35228133,0.25
227,5,1N8Z,H:W95A,2.7610025,8.0
242,5,1N8Z,L:R66G,-0.17141038,0.22
266,5,1VFB,H:D58E,1.275903,0.08
269,5,1VFB,H:G31E,0.43285543,-0.51
272,5,1VFB,H:R99Y,1.8339598,1.26
273,5,1VFB,H:S28D,0.54037464,0.0
285,5,1VFB,L:T52F,0.9759358,0.47
288,5,1VFB,L:Y32A,2.4739308,1.7
301,5,2JEL,P:E5Q,0.25376415,0.72
319,5,2JEL,P:K72R,1.1387646,0.0
322,5,2JEL,P:N38T,-0.069423415,0.0
336,5,2JEL,P:T62A,0.68050534,0.0
337,5,2JEL,P:T62N,0.7330469,0.0
367,5,2NYY,L:S28Q,0.38477695,0.42
368,5,2NYY,L:S31N,0.7226513,-0.36
370,5,2NZ9,A:D1062A,1.3500817,2.34
383,5,2NZ9,A:R1061A,0.8712725,0.29
390,5,3BDY,H:F100A,-0.8787923,0.7
401,5,3BDY,H:Y100aA,0.595987,0.5
414,5,3BDY,L:S30A,0.5066297,1.3
419,5,3BDY,L:Y32A,0.6626246,1.7
426,5,3BE1,H:G97A,0.8436128,0.3
430,5,3BE1,H:R50A,3.2625518,2.4
431,5,3BE1,H:R58A,1.0198922,2.5
433,5,3BE1,H:T53A,-0.6875231,0.1
441,5,3BE1,L:G51A,-0.0050741434,-0.3
450,5,3BE1,L:T93A,0.035568774,-0.4
461,5,3BN9,A:F60eA,-0.38216376,-0.05
464,5,3BN9,A:H143A,1.0575631,0.09
469,5,3BN9,A:N95A,1.6890126,0.77
470,5,3BN9,A:Q145A,1.041131,0.13
474,5,3BN9,A:Q38A,-0.55631953,-0.42
481,5,3BN9,A:Y146A,1.3122035,1.09
521,5,3NGB,H:G54S,0.286341,0.73
527,5,3NGB,H:T33Y,1.2204208,0.08
535,5,3NPS,A:E163A,-0.16130012,0.62
545,5,3NPS,A:Q140A,0.8732394,0.3
559,5,HM_1KTZ,B:D32A,1.056855,1.5
573,5,HM_1KTZ,B:N47A,0.5970131,0.3
575,5,HM_1KTZ,B:S52A,1.6232061,0.2
581,5,HM_1YY9,H:G33D,-0.28697693,-0.89
617,5,HM_2NYY,L:D30Y,0.47519058,0.6
620,5,HM_2NYY,L:S31N,0.22893542,1.2
622,5,HM_2NZ9,A:D902A,-0.5986242,-0.49
635,5,HM_2NZ9,A:S954A,-0.15454179,-0.66
