index,fold,pdbid,mutation,predicted_value,true_value
5,6,1AK4,D:G489V,1.4018424,2.86
9,6,1AK4,D:I491A,1.2128847,0.07
43,6,1CZ8,W:I83A,3.1401706,1.3
44,6,1CZ8,W:I91A,2.3814883,1.06
47,6,1CZ8,W:M81A,2.730397,4.1
49,6,1CZ8,W:Q79A,0.7078345,0.65
51,6,1CZ8,W:Q89A,1.6046033,1.06
52,6,1CZ8,W:R82A,2.9810574,0.82
62,6,1DQJ,C:W62A,1.2312263,0.8
68,6,1DQJ,H:Y50A,5.694862,6.9
89,6,1DVF,B:W52A,0.96470094,4.17
106,6,1FFW,A:T112I,0.9794005,0.56
113,6,1JTG,A:R243A,0.5621213,0.56
115,6,1JTG,A:S235A,0.88186485,1.32
119,6,1KTZ,B:D32N,1.2074217,1.7
133,6,1KTZ,B:S49A,0.8130759,0.5
171,6,1MHP,H:T33Q,4.257291,8.0
176,6,1MHP,H:Y58E,2.4018457,2.08
178,6,1MHP,H:Y58W,3.0388439,0.82
186,6,1MHP,L:L49K,2.129528,0.93
191,6,1MHP,L:N30W,1.9556996,1.58
195,6,1MHP,L:N52K,1.0657892,0.66
201,6,1MHP,L:S91K,3.9489079,8.0
202,6,1MHP,L:S91Q,3.8146691,1.78
207,6,1MLC,H:K65D,-1.0451528,0.02
216,6,1MLC,L:N32Y,0.24792677,0.0
225,6,1N8Z,H:T32A,0.6665611,0.38
241,6,1N8Z,L:N30S,0.6700301,0.06
247,6,1N8Z,L:T94A,2.3322384,-0.12
251,6,1N8Z,L:Y92F,2.0917747,-0.21
259,6,1VFB,C:R125A,0.5988325,1.8
267,6,1VFB,H:D58N,1.2041845,-0.13
276,6,1VFB,H:S28Q,0.55440646,0.08
280,6,1VFB,H:Y32A,1.453878,1.1
284,6,1VFB,L:N31W,1.9493797,0.17
308,6,2JEL,P:E85A,-0.16944885,0.0
330,6,2JEL,P:S41C,0.52405715,1.51
331,6,2JEL,P:S43C,0.4196538,0.0
333,6,2JEL,P:S64T,1.2329952,4.13
349,6,2NYY,A:K903A,0.5485771,0.29
359,6,2NYY,A:T1063A,1.6767874,1.62
366,6,2NYY,L:H34R,1.0642624,0.1
392,6,3BDY,H:G97A,0.23702419,-0.1
400,6,3BDY,H:W95A,4.0465574,2.0
412,6,3BDY,L:R27dA,0.2826044,-0.2
417,6,3BDY,L:T94A,-0.30096966,0.0
446,6,3BE1,L:R27dA,-0.4030379,-0.2
449,6,3BE1,L:S52A,-0.27636567,0.3
471,6,3BN9,A:Q174A,1.0293053,-0.03
478,6,3BN9,A:R87A,0.18374306,-0.16
484,6,3BN9,H:Q100aV,1.4012494,1.36
498,6,3HFM,L:N31A,3.2111762,5.22
509,6,3HFM,Y:K97A,3.513061,6.18
546,6,3NPS,A:Q168A,0.5497696,-0.06
558,6,HM_1KTZ,B:D118A,1.3481834,0.8
561,6,HM_1KTZ,B:E119A,1.1600219,1.5
570,6,HM_1KTZ,B:I53A,1.8091674,1.4
596,6,HM_2NYY,A:D1062A,0.76323605,-0.14
603,6,HM_2NYY,A:L919A,1.0767504,0.41
604,6,HM_2NYY,A:N918A,0.34636408,0.3
606,6,HM_2NYY,A:P1063A,1.0360161,0.24
630,6,HM_2NZ9,A:N957A,0.23684448,0.01
631,6,HM_2NZ9,A:P1063A,1.1110463,0.24
639,6,HM_3BN9,H:S30G,0.9799385,0.71
