index,fold,pdbid,mutation,predicted_value,true_value
14,10,1AK4,D:P493A,0.35598445,0.51
48,10,1CZ8,W:M94A,1.2186081,1.91
70,10,1DQJ,L:N31A,3.3917062,2.0
86,10,1DVF,B:N56A,2.0246923,1.17
96,10,1DVF,D:K30A,1.4681789,1.01
102,10,1FFW,A:D13K,0.2921281,0.05
116,10,1JTG,B:D49A,1.1255736,1.98
118,10,1KTZ,B:D32A,1.157036,1.4
123,10,1KTZ,B:E75A,1.1404701,1.0
137,10,1KTZ,B:V62A,1.0881252,0.7
138,10,1KTZ,B:V77A,1.3171499,0.5
142,10,1MHP,H:G100I,3.5267162,8.0
143,10,1MHP,H:G100L,2.4078994,2.73
152,10,1MHP,H:G53W,4.400865,8.0
159,10,1MHP,H:K64D,-0.23103303,-0.12
161,10,1MHP,H:K64N,-0.17207551,-0.07
180,10,1MHP,L:G92Q,1.2085389,1.58
196,10,1MHP,L:N52R,0.013839245,0.85
210,10,1MLC,H:T28D,-0.6499256,-0.15
212,10,1MLC,H:T31V,-0.5481292,0.53
230,10,1N8Z,H:Y100aF,0.28147516,0.82
243,10,1N8Z,L:S50A,1.1313709,-0.07
249,10,1N8Z,L:Y49A,0.5039795,1.05
253,10,1VFB,C:D18A,0.49610233,0.3
265,10,1VFB,H:D54A,0.7640001,1.0
268,10,1VFB,H:G31A,0.1892826,0.3
270,10,1VFB,H:G31W,-0.18681616,0.01
271,10,1VFB,H:R99W,1.4002208,0.71
277,10,1VFB,H:W52A,1.9946555,0.9
278,10,1VFB,H:Y101A,1.6529341,4.0
279,10,1VFB,H:Y101F,0.63282126,1.6
310,10,2JEL,P:E85K,-0.3523535,0.0
314,10,2JEL,P:H76A,-0.268504,-0.41
316,10,2JEL,P:K24E,-0.49042374,0.0
323,10,2JEL,P:P11E,-0.12298086,0.0
340,10,2JEL,P:V6F,0.57353413,0.0
347,10,2NYY,A:I956A,0.48226702,-0.01
362,10,2NYY,H:Y31D,0.2801072,0.07
363,10,2NYY,H:Y31Q,0.43283907,0.13
374,10,2NZ9,A:H1064A,6.211249,7.42
387,10,2NZ9,A:T1063A,1.8412982,2.37
396,10,3BDY,H:R50A,2.1103907,-0.3
413,10,3BDY,L:S28A,0.15594089,1.0
418,10,3BDY,L:W50A,2.442424,1.3
420,10,3BDY,L:Y53A,0.8115106,0.7
421,10,3BDY,L:Y92A,0.36126322,1.4
445,10,3BE1,L:P27cA,0.33029276,0.1
447,10,3BE1,L:S28A,0.34659773,0.3
456,10,3BN9,A:D217A,0.33172742,0.57
467,10,3BN9,A:K224A,0.41125202,0.79
483,10,3BN9,H:P100H,0.85695136,8.0
505,10,3HFM,L:Y50L,4.0781355,4.4
526,10,3NGB,H:R61Q,-0.3160578,0.1
539,10,3NPS,A:H138A,0.6311502,1.89
540,10,3NPS,A:I26A,0.63691384,0.65
554,10,3NPS,A:T144A,0.15301365,0.18
567,10,HM_1KTZ,B:H79A,1.6340679,0.3
569,10,HM_1KTZ,B:I50A,1.4409935,1.9
577,10,HM_1KTZ,B:T51A,0.44975215,1.5
580,10,HM_1YY9,H:A98W,-0.52239877,-0.23
586,10,HM_1YY9,H:T57P,-1.7967167,-0.48
601,10,HM_2NYY,A:K915A,-0.23703179,-0.31
614,10,HM_2NYY,H:Y31D,0.8536062,0.97
644,10,HM_3BN9,H:Y99S,0.0042428374,0.54
