index,fold,pdbid,mutation,predicted_value,true_value
6,7,1AK4,D:H487A,0.78679717,0.84
15,7,1AK4,D:V486A,1.0774047,0.82
63,7,1DQJ,C:W63A,2.770462,1.3
66,7,1DQJ,H:W98A,4.5310307,4.9
78,7,1DVF,A:Y32A,3.8999429,2.05
91,7,1DVF,B:Y32A,2.8752441,1.85
94,7,1DVF,D:H33A,4.1991796,1.88
98,7,1DVF,D:Q104A,3.5016804,1.64
112,7,1JTG,A:K234A,0.9662454,0.82
124,7,1KTZ,B:F110A,1.0556562,0.9
127,7,1KTZ,B:I125A,1.384177,0.5
135,7,1KTZ,B:S52L,2.1021242,3.7
139,7,1MHP,H:F99W,4.0697207,0.0
146,7,1MHP,H:G100V,3.6123857,8.0
154,7,1MHP,H:G54M,2.658309,8.0
155,7,1MHP,H:G54N,2.5773954,8.0
167,7,1MHP,H:S35V,3.4333577,8.0
169,7,1MHP,H:S52T,3.8710184,8.0
174,7,1MHP,H:T50Q,3.4690437,8.0
177,7,1MHP,H:Y58Q,3.5103507,2.08
183,7,1MHP,L:H31R,2.8615656,1.12
198,7,1MHP,L:N93D,2.5421453,8.0
219,7,1N8Z,H:D98A,0.2664582,1.21
221,7,1N8Z,H:F100A,1.2028615,1.17
234,7,1N8Z,H:Y56A,1.6031122,0.87
260,7,1VFB,C:S24A,2.2793114,0.8
261,7,1VFB,C:T118A,2.179828,0.8
274,7,1VFB,H:S28E,1.2620919,-0.1
292,7,1VFB,L:Y50R,3.0946667,0.85
307,7,2JEL,P:E83A,0.050819844,0.0
311,7,2JEL,P:E85Q,-0.13525295,0.0
312,7,2JEL,P:F2W,2.2084844,2.64
317,7,2JEL,P:K27E,0.20208964,0.0
320,7,2JEL,P:K79E,0.09384626,0.41
321,7,2JEL,P:N12D,0.23443422,0.0
334,7,2JEL,P:T34Q,1.23344,0.0
345,7,2NYY,A:F953A,0.3037188,4.06
361,7,2NYY,H:M34Q,1.5113882,-0.06
377,7,2NZ9,A:K903A,0.5790537,0.54
379,7,2NZ9,A:L919A,1.9755896,2.28
393,7,3BDY,H:G99A,1.8660667,0.8
435,7,3BE1,H:Y100aA,2.8776438,1.2
440,7,3BE1,L:G31A,1.0008935,0.3
459,7,3BN9,A:D96A,1.5877901,6.7
460,7,3BN9,A:E169A,-0.022199243,0.37
463,7,3BN9,A:F97A,2.7698927,6.7
473,7,3BN9,A:Q221aA,0.8090765,0.71
479,7,3BN9,A:T150A,0.8348202,0.29
488,7,3BN9,H:T98Q,1.8146579,0.0
508,7,3HFM,Y:K96A,3.502777,6.83
515,7,3K2M,D:R38A,3.0978692,2.5
520,7,3NGB,H:A56G,0.32687402,-0.06
529,7,3NGB,H:V73T,0.44287044,0.16
564,7,HM_1KTZ,B:E75A,1.5140986,1.1
566,7,HM_1KTZ,B:F30A,2.3326597,3.0
572,7,HM_1KTZ,B:M112A,1.4236083,0.9
585,7,HM_1YY9,H:T57G,-0.64412457,-0.46
590,7,HM_1YY9,L:A25V,0.03355284,-0.62
591,7,HM_1YY9,L:G30Y,1.1354238,-0.92
602,7,HM_2NYY,A:K955A,-0.2346708,-0.5
608,7,HM_2NYY,A:R1064A,4.054877,4.44
616,7,HM_2NYY,H:Y57Q,-0.018447958,1.19
638,7,HM_3BN9,H:Q100aV,1.1078429,0.41
640,7,HM_3BN9,H:S30N,0.40722242,0.71
