index,fold,pdbid,mutation,predicted_value,true_value
0,2,1AK4,D:A488G,0.7400269,2.49
4,2,1AK4,D:G489A,0.9056176,1.91
13,2,1AK4,D:P490V,1.5430418,2.86
25,2,1BJ1,W:I91A,1.8180375,0.41
38,2,1CZ8,W:G88A,1.2990819,2.67
39,2,1CZ8,W:G92A,2.2274375,4.1
40,2,1CZ8,W:H86A,0.11478487,0.0
41,2,1CZ8,W:H90A,0.7799354,0.0
56,2,1DQJ,C:K97A,2.0358982,3.5
64,2,1DQJ,C:Y20A,2.7143884,3.3
73,2,1DQJ,L:Y50A,1.8507657,2.7
75,2,1DVF,A:H30A,1.3592614,1.67
77,2,1DVF,A:W92A,2.0636024,0.34
100,2,1DVF,D:Y102A,2.0926654,4.79
108,2,1FFW,A:V108M,0.7137407,1.13
128,2,1KTZ,B:I50A,1.2863898,1.9
134,2,1KTZ,B:S52A,0.7924013,0.4
144,2,1MHP,H:G100M,2.0433924,0.1
149,2,1MHP,H:G53N,1.4803466,1.26
164,2,1MHP,H:R31Q,0.77959657,1.31
165,2,1MHP,H:S35A,2.7026076,1.58
185,2,1MHP,L:L49F,3.5329857,0.71
187,2,1MHP,L:L49W,2.135109,1.91
188,2,1MHP,L:L49Y,3.7175965,8.0
197,2,1MHP,L:N52Y,0.62578607,-0.1
217,2,1MLC,L:N92A,0.24787974,-1.25
222,2,1N8Z,H:K30A,0.60295767,0.61
224,2,1N8Z,H:R50A,0.7357704,8.0
238,2,1N8Z,L:H91F,1.5479172,-0.43
239,2,1N8Z,L:H91F,1.5444887,0.03
258,2,1VFB,C:Q121A,0.87947595,2.9
287,2,1VFB,L:W92A,2.0091226,3.3
289,2,1VFB,L:Y32W,1.437457,8.0
294,2,1YY9,H:T61E,-1.5029619,-0.06
326,2,2JEL,P:Q57E,0.4837677,-0.41
329,2,2JEL,P:R17K,0.13216633,0.0
342,2,2NYY,A:D1062A,1.9412626,2.53
348,2,2NYY,A:K1056A,0.79264224,-0.03
358,2,2NYY,A:S955A,0.7254716,0.0
365,2,2NYY,L:D30Y,0.3922075,0.65
382,2,2NZ9,A:Q915A,0.43882003,0.1
391,2,3BDY,H:G96A,-0.13902044,0.2
394,2,3BDY,H:K30A,-0.13257827,0.2
405,2,3BDY,L:D27aA,-0.46603727,0.0
409,2,3BDY,L:I27bA,0.20771429,1.1
416,2,3BDY,L:T93A,-0.5753289,-0.3
422,2,3BE1,H:D31A,0.7104746,0.4
432,2,3BE1,H:T32A,0.51741195,-0.4
434,2,3BE1,H:W95A,4.600675,1.8
442,2,3BE1,L:H91A,2.9198532,0.9
499,2,3HFM,L:N31D,3.4912562,1.34
504,2,3HFM,L:Y50F,2.2740195,2.36
514,2,3K2M,D:M88A,1.0808604,4.0
518,2,3K2M,D:Y36A,3.0592663,3.7
524,2,3NGB,H:P62K,-0.0834375,0.23
528,2,3NGB,H:V57T,0.59522986,0.14
548,2,3NPS,A:Q218A,0.28726432,-0.04
552,2,3NPS,A:R51A,0.24426949,0.14
594,2,HM_1YY9,L:T97D,-0.87145305,-0.66
595,2,HM_1YY9,L:T97S,-0.7086364,-0.7
612,2,HM_2NYY,H:K30R,0.13436192,0.51
623,2,HM_2NZ9,A:E920A,0.90892136,0.5
634,2,HM_2NZ9,A:R903A,0.68868876,-0.02
641,2,HM_3BN9,H:T28R,0.96466315,-0.24
643,2,HM_3BN9,H:T98R,-0.5377045,-1.57
