index,fold,pdbid,mutation,predicted_value,true_value
8,1,1AK4,D:H487R,-0.02982676,1.48
10,1,1AK4,D:I491V,0.34671688,-0.17
19,1,1BJ1,W:G88A,1.7420287,2.76
26,1,1BJ1,W:K48A,0.5802648,0.41
27,1,1BJ1,W:K84A,1.572813,0.65
33,1,1BJ1,W:R82A,1.5509956,3.69
45,1,1CZ8,W:K48A,0.75058734,0.0
61,1,1DQJ,C:T89A,0.59514004,0.8
74,1,1DQJ,L:Y96A,2.7982926,1.1
84,1,1DVF,B:D58A,2.1446304,1.62
99,1,1DVF,D:R106A,1.9007175,4.13
101,1,1FFW,A:A90V,0.2172373,0.09
104,1,1FFW,A:E93K,0.24537426,0.82
110,1,1JRH,I:E45Q,0.756697,0.11
117,1,1KTZ,B:D118A,0.4923436,0.9
122,1,1KTZ,B:E55A,1.2296591,1.3
147,1,1MHP,H:G102S,3.0895922,8.0
150,1,1MHP,H:G53Q,2.3478465,8.0
160,1,1MHP,H:K64E,0.67914605,-0.16
172,1,1MHP,H:T33V,2.8699882,0.43
189,1,1MHP,L:N30K,1.571972,8.0
211,1,1MLC,H:T31A,0.87211823,0.45
214,1,1MLC,H:T58D,1.745759,-0.56
226,1,1N8Z,H:T53A,0.07263979,0.78
233,1,1N8Z,H:Y52A,1.9577069,0.23
235,1,1N8Z,L:D28N,-0.07300961,-0.28
244,1,1N8Z,L:S52A,0.7295185,-0.31
250,1,1N8Z,L:Y92A,1.3807622,1.36
257,1,1VFB,C:N19A,1.70238,0.3
264,1,1VFB,H:D100A,2.531218,2.9
290,1,1VFB,L:Y50A,1.9314859,0.5
318,1,2JEL,P:K72E,0.39069492,0.41
325,1,2JEL,P:Q4K,0.63745844,1.38
354,1,2NYY,A:Q915A,0.3480577,0.52
355,1,2NYY,A:R1061A,0.93896383,0.82
360,1,2NYY,H:K30R,-0.46959835,0.07
364,1,2NYY,H:Y57Q,0.5014224,0.52
372,1,2NZ9,A:F917A,0.6385536,-0.05
384,1,2NZ9,A:R1294A,0.44615147,0.39
388,1,3BDY,H:D31A,1.0642662,0.2
397,1,3BDY,H:R58A,1.2389,-0.2
403,1,3BDY,H:Y52A,1.5943408,0.4
410,1,3BDY,L:I29A,0.33479297,0.8
424,1,3BE1,H:F100A,1.6013966,1.9
438,1,3BE1,H:Y56A,1.0916572,1.8
448,1,3BE1,L:S30A,0.59895176,-0.2
458,1,3BN9,A:D60bA,1.2053969,0.31
485,1,3BN9,H:S30G,0.96238613,1.36
495,1,3HFM,H:S31A,1.7130377,0.17
502,1,3HFM,L:Q53A,1.2757882,0.95
512,1,3HFM,Y:Y20A,2.7767663,4.87
517,1,3K2M,D:Y35A,2.3800426,1.0
522,1,3NGB,H:I30T,0.50938594,0.08
525,1,3NGB,H:R53N,0.4672171,0.05
533,1,3NPS,A:D47A,1.0746282,1.08
534,1,3NPS,A:D91A,1.0566683,1.52
560,1,HM_1KTZ,B:D32N,1.0878804,2.0
574,1,HM_1KTZ,B:S49A,0.29026335,0.3
592,1,HM_1YY9,L:Q27Y,-0.35303563,-0.83
600,1,HM_2NYY,A:I917A,0.9000449,0.95
609,1,HM_2NYY,A:R903A,0.86490804,-0.02
611,1,HM_2NYY,A:T923A,0.1372811,0.62
619,1,HM_2NYY,L:S28Q,0.71978766,0.7
621,1,HM_2NZ9,A:D1062A,0.9259453,-0.14
624,1,HM_2NZ9,A:F953A,0.47350812,1.53
