index,fold,pdbid,mutation,predicted_value,true_value
11,9,1AK4,D:P485A,1.0362029,0.92
29,9,1BJ1,W:M94A,0.8568436,1.42
32,9,1BJ1,W:Q89A,1.1098381,1.75
57,9,1DQJ,C:L75A,2.177557,1.5
69,9,1DQJ,H:Y53A,2.1743743,1.2
80,9,1DVF,A:Y49A,1.1170664,1.75
83,9,1DVF,B:D54A,1.5057399,4.32
87,9,1DVF,B:R99A,1.1813048,1.89
93,9,1DVF,D:D52A,0.9686122,1.7
103,9,1FFW,A:E117K,1.0322949,0.71
109,9,1FFW,A:Y106W,1.1714842,0.71
121,9,1KTZ,B:E119Q,1.2002982,1.7
130,9,1KTZ,B:L27A,1.6377451,1.9
141,9,1MHP,H:G100F,3.4637246,0.57
166,9,1MHP,H:S35Q,2.9929993,2.73
204,9,1MHP,L:S91T,3.4972422,2.32
215,9,1MLC,L:N32G,0.57739544,-0.85
220,9,1N8Z,H:D98W,1.1241207,-0.69
228,9,1N8Z,H:Y100aA,2.6451116,8.0
231,9,1N8Z,H:Y102V,1.2999976,0.22
232,9,1N8Z,H:Y33A,1.597198,-0.09
246,9,1N8Z,L:T93A,0.88141304,0.82
256,9,1VFB,C:L129A,1.1243637,0.2
262,9,1VFB,C:V120A,2.0962248,0.9
275,9,1VFB,H:S28N,0.97188765,0.15
281,9,1VFB,H:Y32E,1.2989284,1.91
304,9,2JEL,P:E70A,2.4822164,2.75
324,9,2JEL,P:Q3K,1.7273762,4.13
350,9,2NYY,A:K923A,0.32669055,-0.14
371,9,2NZ9,A:E920A,0.46650854,2.77
375,9,2NZ9,A:I956A,0.61073625,0.07
402,9,3BDY,H:Y33A,0.67040294,0.3
407,9,3BDY,L:G51A,0.27024227,1.0
415,9,3BDY,L:S52A,-0.21352628,0.1
437,9,3BE1,H:Y52A,0.5278691,-0.8
444,9,3BE1,L:I29A,0.30832982,0.9
453,9,3BE1,L:Y32A,1.5129982,-0.8
465,9,3BN9,A:I41A,0.6299185,0.0
468,9,3BN9,A:L153A,0.56543964,0.34
487,9,3BN9,H:T28R,0.98067075,0.3
490,9,3BN9,H:Y99S,1.9294698,0.41
493,9,3HFM,H:D32A,2.0893092,1.9
494,9,3HFM,H:D32N,1.938163,0.17
496,9,3HFM,H:Y33A,2.9875844,6.0
500,9,3HFM,L:N31E,2.7957048,5.67
501,9,3HFM,L:N32A,3.3150744,5.11
506,9,3HFM,L:Y96A,3.633434,2.71
519,9,3K2M,D:Y87A,3.4195218,4.0
530,9,3NGB,H:Y74S,0.487374,0.33
532,9,3NPS,A:D46A,0.8211728,0.34
538,9,3NPS,A:F92A,1.6875275,0.47
543,9,3NPS,A:L147A,0.70945966,0.3
553,9,3NPS,A:R82A,0.58041275,-0.15
556,9,3NPS,A:Y141A,1.3411244,1.79
562,9,HM_1KTZ,B:E119Q,1.1600438,1.6
563,9,HM_1KTZ,B:E55A,2.4742045,1.2
565,9,HM_1KTZ,B:F110A,1.3513521,0.9
582,9,HM_1YY9,H:I51G,-0.53408635,-0.51
588,9,HM_1YY9,H:V50Q,-0.19590941,-0.64
597,9,HM_2NYY,A:D902A,0.24609075,-0.49
610,9,HM_2NYY,A:S954A,0.7274576,-0.66
629,9,HM_2NZ9,A:N918A,0.5826527,0.3
636,9,HM_2NZ9,A:T923A,0.36620525,0.62
