index,fold,pdbid,mutation,predicted_value,true_value
2,8,1AK4,D:A492G,0.7702364,0.41
16,8,1BJ1,V:F17A,0.8132462,0.0
17,8,1BJ1,V:Y21A,0.7517034,0.0
37,8,1CZ8,W:E93A,1.4186323,1.15
59,8,1DQJ,C:R21A,3.7131305,1.3
60,8,1DQJ,C:S100A,2.0351481,0.8
81,8,1DVF,A:Y50A,1.4554168,0.69
107,8,1FFW,A:T87I,0.7277323,-0.32
111,8,1JRH,I:T14V,0.0937912,-0.02
125,8,1KTZ,B:F30A,2.5156116,2.9
126,8,1KTZ,B:H79A,1.4505727,0.4
129,8,1KTZ,B:I53A,1.9424404,1.2
132,8,1KTZ,B:N47A,1.5353508,0.3
148,8,1MHP,H:G53A,2.6509202,0.51
157,8,1MHP,H:G54Y,3.4515078,0.0
163,8,1MHP,H:L60D,0.7300069,-0.12
168,8,1MHP,H:S52M,2.2007868,2.08
181,8,1MHP,L:G92S,1.0893868,0.51
190,8,1MHP,L:N30V,1.357631,1.05
194,8,1MHP,L:N52E,0.42407703,-0.18
240,8,1N8Z,L:N30A,0.08259721,1.12
283,8,1VFB,L:L46E,3.3815372,8.0
286,8,1VFB,L:T53R,1.5530021,1.67
293,8,1YY9,H:N56A,-0.5342449,-0.06
295,8,1YY9,L:N93A,0.1898557,-0.74
296,8,1YY9,L:S26D,-0.44435412,-0.2
299,8,2JEL,P:D69E,1.2137026,0.96
303,8,2JEL,P:E68A,0.28803116,0.41
309,8,2JEL,P:E85D,-0.15616709,0.0
313,8,2JEL,P:F2Y,2.3903158,0.0
327,8,2JEL,P:Q71E,1.0226587,2.75
332,8,2JEL,P:S46C,0.25737584,0.0
343,8,2NYY,A:E920A,0.36999783,2.84
356,8,2NYY,A:R1294A,1.4329637,0.3
378,8,2NZ9,A:K923A,0.101619944,-0.3
386,8,2NZ9,A:S955A,0.20193893,-0.08
389,8,3BDY,H:D98A,0.54937613,0.0
398,8,3BDY,H:T32A,0.32058108,-0.4
399,8,3BDY,H:T53A,0.008989893,-0.5
404,8,3BDY,H:Y56A,0.007975616,0.2
411,8,3BDY,L:P27cA,0.9064057,0.2
428,8,3BE1,H:K30A,0.13967724,-0.3
451,8,3BE1,L:T94A,-0.2789806,1.4
457,8,3BN9,A:D60aA,0.66530454,0.42
466,8,3BN9,A:I60A,0.58296245,0.84
472,8,3BN9,A:Q175A,2.6802197,2.51
476,8,3BN9,A:R60cA,0.44899318,-0.05
477,8,3BN9,A:R60fA,-0.09880859,-0.07
480,8,3BN9,A:T98A,1.1673871,1.13
482,8,3BN9,A:Y60gA,0.5726843,0.02
489,8,3BN9,H:T98R,0.08767724,-0.06
491,8,3HFM,H:C95A,2.7824316,5.52
531,8,3NPS,A:D214A,0.56059796,1.48
549,8,3NPS,A:Q23A,0.3050465,0.03
555,8,3NPS,A:T93A,0.48307735,0.73
557,8,3NPS,A:Y52A,0.9901118,0.46
571,8,HM_1KTZ,B:L27A,1.3436441,1.8
576,8,HM_1KTZ,B:S52L,2.771945,4.0
583,8,HM_1YY9,H:R97D,0.44155145,-0.99
589,8,HM_1YY9,H:Y32R,-0.21297571,-0.13
613,8,HM_2NYY,H:M34Q,0.505219,-0.01
618,8,HM_2NYY,L:H34R,0.9348234,0.63
626,8,HM_2NZ9,A:K915A,-0.0015447885,-0.31
642,8,HM_3BN9,H:T98Q,-0.6143205,-0.16
