index,fold,pdbid,mutation,predicted_value,true_value
3,4,1AK4,D:A492V,0.628817,0.19
12,4,1AK4,D:P490A,1.4070591,2.0
24,4,1BJ1,W:I83A,1.9943187,3.69
42,4,1CZ8,W:I80A,2.1805987,0.95
53,4,1CZ8,W:Y45A,2.4502318,1.94
54,4,1DQJ,C:D101A,1.9211397,1.3
58,4,1DQJ,C:N93A,1.9491774,0.6
76,4,1DVF,A:S93A,2.0669577,1.17
79,4,1DVF,A:Y49A,2.4618626,1.64
88,4,1DVF,B:T30A,1.3049649,0.92
92,4,1DVF,C:Y49A,2.5668628,1.88
95,4,1DVF,D:I101A,1.8489797,2.71
97,4,1DVF,D:N55A,0.74361306,1.88
114,4,1JTG,A:S130A,1.23297,0.5
140,4,1MHP,H:F99Y,2.984644,0.76
145,4,1MHP,H:G100S,2.613264,0.56
151,4,1MHP,H:G53S,3.4669886,0.68
156,4,1MHP,H:G54T,4.5005965,1.17
158,4,1MHP,H:H56Y,3.3578196,8.0
170,4,1MHP,H:T33N,2.528537,2.73
175,4,1MHP,H:T50V,2.640691,-0.26
179,4,1MHP,H:Y59E,1.0297959,0.54
203,4,1MHP,L:S91R,2.2139215,2.73
205,4,1MHP,L:S91W,3.1700852,8.0
213,4,1MLC,H:T31W,0.7626561,0.13
245,4,1N8Z,L:T31A,1.1353567,0.8
252,4,1VFB,C:D119A,2.2478004,1.0
263,4,1VFB,C:Y23A,1.6414051,0.4
291,4,1VFB,L:Y50K,1.6228864,1.67
297,4,1YY9,L:T31E,1.4181278,-0.52
298,4,2JEL,P:A82S,0.31528166,0.0
302,4,2JEL,P:E66K,2.677362,4.13
305,4,2JEL,P:E70K,3.273009,4.13
315,4,2JEL,P:H76D,0.5851637,-0.66
328,4,2JEL,P:R17G,0.229415,0.0
335,4,2JEL,P:T36Q,0.4189718,0.41
339,4,2JEL,P:T7S,0.21714652,0.0
344,4,2NYY,A:F917A,1.4728271,0.42
351,4,2NYY,A:L919A,1.819452,2.59
352,4,2NYY,A:N918A,1.1903461,0.89
357,4,2NYY,A:S902A,0.13876686,-0.23
369,4,2NZ9,A:D1058A,0.50963145,-0.03
381,4,2NZ9,A:N954A,1.6247118,-0.15
406,4,3BDY,L:G31A,2.333891,1.2
408,4,3BDY,L:H91A,1.8049711,2.0
423,4,3BE1,H:D98A,1.4613959,-0.1
427,4,3BE1,H:G99A,1.7289188,1.8
429,4,3BE1,H:N54A,0.4208262,-0.8
443,4,3BE1,L:I27bA,0.3432428,-0.2
454,4,3BE1,L:Y53A,0.79068136,0.9
497,4,3HFM,H:Y50A,3.154922,8.0
510,4,3HFM,Y:K97M,2.5626526,1.09
511,4,3HFM,Y:R21A,2.9493008,1.03
516,4,3K2M,D:W80A,2.5170438,4.0
536,4,3NPS,A:F50A,0.31591123,0.22
541,4,3NPS,A:I45A,1.1343648,-0.34
550,4,3NPS,A:R219A,0.81391025,-0.08
568,4,HM_1KTZ,B:I125A,0.87057304,0.5
584,4,HM_1YY9,H:T100Y,2.1224408,-0.45
598,4,HM_2NYY,A:E920A,0.5460938,0.5
605,4,HM_2NYY,A:N957A,0.387472,0.01
607,4,HM_2NYY,A:R1061A,1.2134776,0.58
625,4,HM_2NZ9,A:I917A,0.855077,0.95
627,4,HM_2NZ9,A:K955A,0.33020842,-0.5
