index,fold,pdbid,mutation,predicted_value,true_value
1,5,1AK4,D:A488V,0.7163024,0.6
18,5,1BJ1,W:E93A,1.4363104,0.82
21,5,1BJ1,W:H86A,1.0408745,0.0
28,5,1BJ1,W:M81A,1.3317331,3.69
31,5,1BJ1,W:Q87A,2.497661,0.0
46,5,1CZ8,W:K84A,1.5950569,1.36
55,5,1DQJ,C:K96A,1.8523887,6.1
71,5,1DQJ,L:N32A,2.4865808,4.1
72,5,1DQJ,L:S91A,2.8657079,1.4
82,5,1DVF,B:D100A,2.4087648,2.82
90,5,1DVF,B:Y101F,2.9451208,2.03
131,5,1KTZ,B:M112A,0.42785746,0.8
162,5,1MHP,H:K64Q,-0.14974633,-0.16
173,5,1MHP,H:T50E,3.0361938,8.0
182,5,1MHP,L:H31K,1.2630196,1.17
192,5,1MHP,L:N30Y,0.8421508,1.91
199,5,1MHP,L:S24R,0.19403696,-0.07
200,5,1MHP,L:S28Q,0.27497983,-0.67
208,5,1MLC,H:S57A,0.32111865,-0.38
218,5,1N8Z,H:D31A,0.71552837,0.25
227,5,1N8Z,H:W95A,2.4236374,8.0
242,5,1N8Z,L:R66G,-0.105118506,0.22
266,5,1VFB,H:D58E,0.27083805,0.08
269,5,1VFB,H:G31E,0.49607044,-0.51
272,5,1VFB,H:R99Y,2.055921,1.26
273,5,1VFB,H:S28D,-0.21268752,0.0
285,5,1VFB,L:T52F,-0.2635712,0.47
288,5,1VFB,L:Y32A,1.2060138,1.7
301,5,2JEL,P:E5Q,-0.028372433,0.72
319,5,2JEL,P:K72R,1.1393638,0.0
322,5,2JEL,P:N38T,-0.29432836,0.0
336,5,2JEL,P:T62A,0.2130816,0.0
337,5,2JEL,P:T62N,0.14993958,0.0
367,5,2NYY,L:S28Q,0.0013143676,0.42
368,5,2NYY,L:S31N,0.9708299,-0.36
370,5,2NZ9,A:D1062A,0.8172231,2.34
383,5,2NZ9,A:R1061A,0.38893557,0.29
390,5,3BDY,H:F100A,1.2251018,0.7
401,5,3BDY,H:Y100aA,2.3315506,0.5
414,5,3BDY,L:S30A,0.42600122,1.3
419,5,3BDY,L:Y32A,1.0314777,1.7
426,5,3BE1,H:G97A,1.4484488,0.3
430,5,3BE1,H:R50A,1.6000434,2.4
431,5,3BE1,H:R58A,0.35597825,2.5
433,5,3BE1,H:T53A,-0.37523064,0.1
441,5,3BE1,L:G51A,0.45109773,-0.3
450,5,3BE1,L:T93A,0.5925934,-0.4
461,5,3BN9,A:F60eA,-0.3126148,-0.05
464,5,3BN9,A:H143A,0.8604878,0.09
469,5,3BN9,A:N95A,1.5040535,0.77
470,5,3BN9,A:Q145A,0.8234576,0.13
474,5,3BN9,A:Q38A,-0.2772248,-0.42
481,5,3BN9,A:Y146A,2.371255,1.09
521,5,3NGB,H:G54S,-0.07199951,0.73
527,5,3NGB,H:T33Y,1.1834015,0.08
535,5,3NPS,A:E163A,-0.29191178,0.62
545,5,3NPS,A:Q140A,0.9470586,0.3
559,5,HM_1KTZ,B:D32A,0.21366599,1.5
573,5,HM_1KTZ,B:N47A,-0.10377326,0.3
575,5,HM_1KTZ,B:S52A,0.87432754,0.2
581,5,HM_1YY9,H:G33D,0.7580325,-0.89
617,5,HM_2NYY,L:D30Y,0.17609541,0.6
620,5,HM_2NYY,L:S31N,0.60638916,1.2
622,5,HM_2NZ9,A:D902A,-0.3728789,-0.49
635,5,HM_2NZ9,A:S954A,0.1927328,-0.66
