index,fold,pdbid,mutation,predicted_value,true_value
5,6,1AK4,D:G489V,0.79736316,2.86
9,6,1AK4,D:I491A,0.1699065,0.07
43,6,1CZ8,W:I83A,2.1504889,1.3
44,6,1CZ8,W:I91A,1.8625839,1.06
47,6,1CZ8,W:M81A,1.7162037,4.1
49,6,1CZ8,W:Q79A,0.8839007,0.65
51,6,1CZ8,W:Q89A,1.5892637,1.06
52,6,1CZ8,W:R82A,0.93811554,0.82
62,6,1DQJ,C:W62A,0.39914623,0.8
68,6,1DQJ,H:Y50A,5.761478,6.9
89,6,1DVF,B:W52A,3.5475821,4.17
106,6,1FFW,A:T112I,0.47314903,0.56
113,6,1JTG,A:R243A,0.33648446,0.56
115,6,1JTG,A:S235A,0.4846395,1.32
119,6,1KTZ,B:D32N,0.7231696,1.7
133,6,1KTZ,B:S49A,0.40967572,0.5
171,6,1MHP,H:T33Q,4.146032,8.0
176,6,1MHP,H:Y58E,3.5436735,2.08
178,6,1MHP,H:Y58W,3.5404854,0.82
186,6,1MHP,L:L49K,3.5473924,0.93
191,6,1MHP,L:N30W,2.2517414,1.58
195,6,1MHP,L:N52K,0.330346,0.66
201,6,1MHP,L:S91K,5.7008343,8.0
202,6,1MHP,L:S91Q,5.842636,1.78
207,6,1MLC,H:K65D,-0.12259642,0.02
216,6,1MLC,L:N32Y,0.7127668,0.0
225,6,1N8Z,H:T32A,0.33696625,0.38
241,6,1N8Z,L:N30S,0.27695635,0.06
247,6,1N8Z,L:T94A,0.56136304,-0.12
251,6,1N8Z,L:Y92F,1.5803193,-0.21
259,6,1VFB,C:R125A,1.1174988,1.8
267,6,1VFB,H:D58N,0.34749758,-0.13
276,6,1VFB,H:S28Q,0.020631425,0.08
280,6,1VFB,H:Y32A,0.28749493,1.1
284,6,1VFB,L:N31W,0.5983464,0.17
308,6,2JEL,P:E85A,-0.08431186,0.0
330,6,2JEL,P:S41C,0.26013258,1.51
331,6,2JEL,P:S43C,0.38168237,0.0
333,6,2JEL,P:S64T,1.6627886,4.13
349,6,2NYY,A:K903A,0.23536023,0.29
359,6,2NYY,A:T1063A,2.7317655,1.62
366,6,2NYY,L:H34R,1.1616306,0.1
392,6,3BDY,H:G97A,0.8171595,-0.1
400,6,3BDY,H:W95A,4.905806,2.0
412,6,3BDY,L:R27dA,0.295679,-0.2
417,6,3BDY,L:T94A,-0.5359082,0.0
446,6,3BE1,L:R27dA,0.16531113,-0.2
449,6,3BE1,L:S52A,0.4090514,0.3
471,6,3BN9,A:Q174A,0.2855743,-0.03
478,6,3BN9,A:R87A,0.19875416,-0.16
484,6,3BN9,H:Q100aV,1.3604391,1.36
498,6,3HFM,L:N31A,2.5569735,5.22
509,6,3HFM,Y:K97A,2.4542089,6.18
546,6,3NPS,A:Q168A,0.050969042,-0.06
558,6,HM_1KTZ,B:D118A,0.60088605,0.8
561,6,HM_1KTZ,B:E119A,1.1380756,1.5
570,6,HM_1KTZ,B:I53A,0.7354047,1.4
596,6,HM_2NYY,A:D1062A,0.7162611,-0.14
603,6,HM_2NYY,A:L919A,0.52967393,0.41
604,6,HM_2NYY,A:N918A,0.3280042,0.3
606,6,HM_2NYY,A:P1063A,1.220597,0.24
630,6,HM_2NZ9,A:N957A,-0.082517885,0.01
631,6,HM_2NZ9,A:P1063A,1.1234958,0.24
639,6,HM_3BN9,H:S30G,0.32764527,0.71
