index,fold,pdbid,mutation,predicted_value,true_value
2,8,1AK4,D:A492G,0.38087678,0.41
16,8,1BJ1,V:F17A,1.0262038,0.0
17,8,1BJ1,V:Y21A,0.86755955,0.0
37,8,1CZ8,W:E93A,1.531282,1.15
59,8,1DQJ,C:R21A,3.0299127,1.3
60,8,1DQJ,C:S100A,2.8230677,0.8
81,8,1DVF,A:Y50A,1.1327839,0.69
107,8,1FFW,A:T87I,0.5939598,-0.32
111,8,1JRH,I:T14V,0.2672021,-0.02
125,8,1KTZ,B:F30A,1.0764341,2.9
126,8,1KTZ,B:H79A,0.9470534,0.4
129,8,1KTZ,B:I53A,0.99605465,1.2
132,8,1KTZ,B:N47A,0.47560823,0.3
148,8,1MHP,H:G53A,3.0913935,0.51
157,8,1MHP,H:G54Y,2.6486857,0.0
163,8,1MHP,H:L60D,0.8241222,-0.12
168,8,1MHP,H:S52M,3.361928,2.08
181,8,1MHP,L:G92S,1.8113718,0.51
190,8,1MHP,L:N30V,1.1334352,1.05
194,8,1MHP,L:N52E,0.6890018,-0.18
240,8,1N8Z,L:N30A,0.2686163,1.12
283,8,1VFB,L:L46E,1.4499784,8.0
286,8,1VFB,L:T53R,1.0792233,1.67
293,8,1YY9,H:N56A,0.5627118,-0.06
295,8,1YY9,L:N93A,0.61767757,-0.74
296,8,1YY9,L:S26D,0.35124102,-0.2
299,8,2JEL,P:D69E,1.1369412,0.96
303,8,2JEL,P:E68A,1.3527576,0.41
309,8,2JEL,P:E85D,0.21958882,0.0
313,8,2JEL,P:F2Y,2.4045842,0.0
327,8,2JEL,P:Q71E,1.4359782,2.75
332,8,2JEL,P:S46C,0.31493133,0.0
343,8,2NYY,A:E920A,0.20177688,2.84
356,8,2NYY,A:R1294A,0.3461144,0.3
378,8,2NZ9,A:K923A,0.065545276,-0.3
386,8,2NZ9,A:S955A,0.15628996,-0.08
389,8,3BDY,H:D98A,0.961395,0.0
398,8,3BDY,H:T32A,1.322376,-0.4
399,8,3BDY,H:T53A,-0.09155354,-0.5
404,8,3BDY,H:Y56A,1.0205468,0.2
411,8,3BDY,L:P27cA,0.4371086,0.2
428,8,3BE1,H:K30A,0.06486765,-0.3
451,8,3BE1,L:T94A,0.88593036,1.4
457,8,3BN9,A:D60aA,0.080372125,0.42
466,8,3BN9,A:I60A,0.5165154,0.84
472,8,3BN9,A:Q175A,0.9979749,2.51
476,8,3BN9,A:R60cA,0.48362625,-0.05
477,8,3BN9,A:R60fA,0.15018661,-0.07
480,8,3BN9,A:T98A,1.0342541,1.13
482,8,3BN9,A:Y60gA,0.14580181,0.02
489,8,3BN9,H:T98R,0.75951797,-0.06
491,8,3HFM,H:C95A,1.0969399,5.52
531,8,3NPS,A:D214A,1.7516547,1.48
549,8,3NPS,A:Q23A,0.15060729,0.03
555,8,3NPS,A:T93A,0.23591742,0.73
557,8,3NPS,A:Y52A,0.29090223,0.46
571,8,HM_1KTZ,B:L27A,1.2597604,1.8
576,8,HM_1KTZ,B:S52L,1.1014527,4.0
583,8,HM_1YY9,H:R97D,1.9698951,-0.99
589,8,HM_1YY9,H:Y32R,0.7295247,-0.13
613,8,HM_2NYY,H:M34Q,1.5536238,-0.01
618,8,HM_2NYY,L:H34R,1.152226,0.63
626,8,HM_2NZ9,A:K915A,0.07353562,-0.31
642,8,HM_3BN9,H:T98Q,1.3935747,-0.16
