index,fold,pdbid,mutation,predicted_value,true_value
7,3,1AK4,D:H487Q,1.0781186,0.8
20,3,1BJ1,W:G92A,2.3891423,3.69
22,3,1BJ1,W:H90A,1.6477177,0.0
23,3,1BJ1,W:I80A,1.3975174,0.82
30,3,1BJ1,W:Q79A,0.52498865,0.0
34,3,1BJ1,W:Y45A,1.9756042,0.82
35,3,1CZ8,V:F17A,0.3746911,0.0
36,3,1CZ8,V:Y21A,0.58435833,0.0
50,3,1CZ8,W:Q87A,0.84409916,0.0
65,3,1DQJ,H:D32A,0.7151185,2.0
67,3,1DQJ,H:Y33A,6.419494,5.5
85,3,1DVF,B:E98A,3.4649296,4.23
105,3,1FFW,A:F111V,0.30093336,1.26
120,3,1KTZ,B:E119A,1.3236663,1.4
136,3,1KTZ,B:T51A,1.251585,1.3
153,3,1MHP,H:G54I,5.848875,1.36
184,3,1MHP,L:H31W,2.5005662,1.26
193,3,1MHP,L:N52D,0.020947224,0.5
206,3,1MHP,L:W90Q,2.501844,2.08
209,3,1MLC,H:S57V,0.9445279,-0.49
223,3,1N8Z,H:N54A,0.4445357,-0.15
229,3,1N8Z,H:Y100aF,1.6037923,-0.05
236,3,1N8Z,L:F53N,0.35592583,1.21
237,3,1N8Z,L:H91A,1.8756309,8.0
248,3,1N8Z,L:T94S,1.0930505,0.31
254,3,1VFB,C:I124A,1.8762274,1.2
255,3,1VFB,C:K116A,0.5431058,0.7
282,3,1VFB,L:L46D,5.818307,8.0
300,3,2JEL,P:E5D,0.28369662,0.41
306,3,2JEL,P:E75R,-0.21045363,2.75
338,3,2JEL,P:T7N,0.071550064,0.41
341,3,2NYY,A:D1058A,0.8288339,0.01
346,3,2NYY,A:H1064A,7.6923065,7.32
353,3,2NYY,A:N954A,-0.40587398,0.1
373,3,2NZ9,A:F953A,1.7381812,3.34
376,3,2NZ9,A:K1056A,0.91417646,-0.01
385,3,2NZ9,A:S902A,-0.268141,-0.12
395,3,3BDY,H:N54A,0.55963993,-0.2
425,3,3BE1,H:G96A,2.0430274,0.1
436,3,3BE1,H:Y33A,0.54109216,2.4
439,3,3BE1,L:D27aA,-0.18567683,0.0
452,3,3BE1,L:W50A,1.058471,1.4
455,3,3BE1,L:Y92A,0.95806897,0.5
462,3,3BN9,A:F94A,1.3494978,0.64
475,3,3BN9,A:R222A,0.105068356,-0.09
486,3,3BN9,H:S30N,0.39310637,1.36
492,3,3HFM,H:C95F,3.628533,3.25
503,3,3HFM,L:Y50A,3.1314726,4.57
507,3,3HFM,L:Y96F,2.5939493,1.4
513,3,3K2M,D:E52A,1.5099952,2.5
537,3,3NPS,A:F89A,0.9353603,1.61
542,3,3NPS,A:K221A,1.0333393,-0.1
544,3,3NPS,A:N90A,1.4940207,0.26
547,3,3NPS,A:Q169A,0.43078986,0.75
551,3,3NPS,A:R48A,0.5849947,-1.07
578,3,HM_1KTZ,B:V62A,0.49900398,0.7
579,3,HM_1KTZ,B:V77A,0.97785515,0.4
587,3,HM_1YY9,H:V50L,0.58062184,-0.6
593,3,HM_1YY9,L:T97C,-0.19049625,-0.51
599,3,HM_2NYY,A:F953A,1.0433311,1.53
615,3,HM_2NYY,H:Y31Q,0.43087664,1.33
628,3,HM_2NZ9,A:L919A,1.5715594,0.41
632,3,HM_2NZ9,A:R1061A,0.056067906,0.58
633,3,HM_2NZ9,A:R1064A,6.4089494,4.44
637,3,HM_3BN9,H:P100H,3.517975,1.36
