index,fold,pdbid,mutation,predicted_value,true_value
6,7,1AK4,D:H487A,0.6510741,0.84
15,7,1AK4,D:V486A,1.2952919,0.82
63,7,1DQJ,C:W63A,2.2939978,1.3
66,7,1DQJ,H:W98A,3.5804367,4.9
78,7,1DVF,A:Y32A,2.8759217,2.05
91,7,1DVF,B:Y32A,1.401474,1.85
94,7,1DVF,D:H33A,3.267148,1.88
98,7,1DVF,D:Q104A,3.019847,1.64
112,7,1JTG,A:K234A,0.9705969,0.82
124,7,1KTZ,B:F110A,0.2887272,0.9
127,7,1KTZ,B:I125A,1.7450637,0.5
135,7,1KTZ,B:S52L,1.7050476,3.7
139,7,1MHP,H:F99W,3.2498648,0.0
146,7,1MHP,H:G100V,3.2237053,8.0
154,7,1MHP,H:G54M,2.4254823,8.0
155,7,1MHP,H:G54N,2.0583766,8.0
167,7,1MHP,H:S35V,2.481915,8.0
169,7,1MHP,H:S52T,3.8872929,8.0
174,7,1MHP,H:T50Q,2.4463642,8.0
177,7,1MHP,H:Y58Q,3.060943,2.08
183,7,1MHP,L:H31R,2.5964122,1.12
198,7,1MHP,L:N93D,1.8753344,8.0
219,7,1N8Z,H:D98A,1.3624616,1.21
221,7,1N8Z,H:F100A,1.5110056,1.17
234,7,1N8Z,H:Y56A,1.5134525,0.87
260,7,1VFB,C:S24A,2.2175431,0.8
261,7,1VFB,C:T118A,2.3257117,0.8
274,7,1VFB,H:S28E,0.41352865,-0.1
292,7,1VFB,L:Y50R,1.9537417,0.85
307,7,2JEL,P:E83A,0.40791592,0.0
311,7,2JEL,P:E85Q,0.36540106,0.0
312,7,2JEL,P:F2W,2.7124357,2.64
317,7,2JEL,P:K27E,0.50699025,0.0
320,7,2JEL,P:K79E,0.4321059,0.41
321,7,2JEL,P:N12D,0.53149813,0.0
334,7,2JEL,P:T34Q,1.5044732,0.0
345,7,2NYY,A:F953A,0.8580248,4.06
361,7,2NYY,H:M34Q,1.7298596,-0.06
377,7,2NZ9,A:K903A,0.91408145,0.54
379,7,2NZ9,A:L919A,2.2885063,2.28
393,7,3BDY,H:G99A,2.4569201,0.8
435,7,3BE1,H:Y100aA,3.8289428,1.2
440,7,3BE1,L:G31A,1.6264389,0.3
459,7,3BN9,A:D96A,2.1173596,6.7
460,7,3BN9,A:E169A,0.5589333,0.37
463,7,3BN9,A:F97A,3.8850148,6.7
473,7,3BN9,A:Q221aA,1.44602,0.71
479,7,3BN9,A:T150A,1.0328131,0.29
488,7,3BN9,H:T98Q,1.6262159,0.0
508,7,3HFM,Y:K96A,2.6634476,6.83
515,7,3K2M,D:R38A,2.395781,2.5
520,7,3NGB,H:A56G,0.45329896,-0.06
529,7,3NGB,H:V73T,0.6764722,0.16
564,7,HM_1KTZ,B:E75A,1.6972766,1.1
566,7,HM_1KTZ,B:F30A,2.053823,3.0
572,7,HM_1KTZ,B:M112A,1.0810328,0.9
585,7,HM_1YY9,H:T57G,0.6286008,-0.46
590,7,HM_1YY9,L:A25V,0.8495363,-0.62
591,7,HM_1YY9,L:G30Y,2.6482358,-0.92
602,7,HM_2NYY,A:K955A,0.5986059,-0.5
608,7,HM_2NYY,A:R1064A,5.2334995,4.44
616,7,HM_2NYY,H:Y57Q,0.56910825,1.19
638,7,HM_3BN9,H:Q100aV,1.7563589,0.41
640,7,HM_3BN9,H:S30N,0.79955196,0.71
