index,fold,pdbid,mutation,predicted_value,true_value
11,9,1AK4,D:P485A,0.70915216,0.92
29,9,1BJ1,W:M94A,1.2803442,1.42
32,9,1BJ1,W:Q89A,1.5847522,1.75
57,9,1DQJ,C:L75A,1.0000403,1.5
69,9,1DQJ,H:Y53A,1.2589809,1.2
80,9,1DVF,A:Y49A,1.004541,1.75
83,9,1DVF,B:D54A,1.1036721,4.32
87,9,1DVF,B:R99A,1.2270956,1.89
93,9,1DVF,D:D52A,0.9343628,1.7
103,9,1FFW,A:E117K,0.61404806,0.71
109,9,1FFW,A:Y106W,0.90655637,0.71
121,9,1KTZ,B:E119Q,1.5360543,1.7
130,9,1KTZ,B:L27A,1.8940979,1.9
141,9,1MHP,H:G100F,3.0448098,0.57
166,9,1MHP,H:S35Q,5.3566604,2.73
204,9,1MHP,L:S91T,7.0335793,2.32
215,9,1MLC,L:N32G,0.36074802,-0.85
220,9,1N8Z,H:D98W,0.59091914,-0.69
228,9,1N8Z,H:Y100aA,4.0165324,8.0
231,9,1N8Z,H:Y102V,-0.13228239,0.22
232,9,1N8Z,H:Y33A,1.7833753,-0.09
246,9,1N8Z,L:T93A,0.16972424,0.82
256,9,1VFB,C:L129A,0.11704489,0.2
262,9,1VFB,C:V120A,0.82205933,0.9
275,9,1VFB,H:S28N,0.05785357,0.15
281,9,1VFB,H:Y32E,0.6187543,1.91
304,9,2JEL,P:E70A,3.066343,2.75
324,9,2JEL,P:Q3K,1.5712744,4.13
350,9,2NYY,A:K923A,0.51086396,-0.14
371,9,2NZ9,A:E920A,0.52446264,2.77
375,9,2NZ9,A:I956A,0.1556929,0.07
402,9,3BDY,H:Y33A,0.4744994,0.3
407,9,3BDY,L:G51A,0.45603028,1.0
415,9,3BDY,L:S52A,0.3307395,0.1
437,9,3BE1,H:Y52A,0.29005304,-0.8
444,9,3BE1,L:I29A,0.32638645,0.9
453,9,3BE1,L:Y32A,2.8027735,-0.8
465,9,3BN9,A:I41A,0.595409,0.0
468,9,3BN9,A:L153A,0.17428257,0.34
487,9,3BN9,H:T28R,0.34411153,0.3
490,9,3BN9,H:Y99S,0.34921095,0.41
493,9,3HFM,H:D32A,0.2615208,1.9
494,9,3HFM,H:D32N,-0.20348987,0.17
496,9,3HFM,H:Y33A,4.862808,6.0
500,9,3HFM,L:N31E,2.5101528,5.67
501,9,3HFM,L:N32A,3.6738534,5.11
506,9,3HFM,L:Y96A,1.5773052,2.71
519,9,3K2M,D:Y87A,2.9199576,4.0
530,9,3NGB,H:Y74S,0.5835958,0.33
532,9,3NPS,A:D46A,0.36590108,0.34
538,9,3NPS,A:F92A,0.5568715,0.47
543,9,3NPS,A:L147A,0.17484982,0.3
553,9,3NPS,A:R82A,0.076036945,-0.15
556,9,3NPS,A:Y141A,1.3320101,1.79
562,9,HM_1KTZ,B:E119Q,1.4698186,1.6
563,9,HM_1KTZ,B:E55A,1.3687724,1.2
565,9,HM_1KTZ,B:F110A,0.301743,0.9
582,9,HM_1YY9,H:I51G,0.28308624,-0.51
588,9,HM_1YY9,H:V50Q,0.90202725,-0.64
597,9,HM_2NYY,A:D902A,0.5257614,-0.49
610,9,HM_2NYY,A:S954A,0.14968184,-0.66
629,9,HM_2NZ9,A:N918A,0.4141945,0.3
636,9,HM_2NZ9,A:T923A,0.58035773,0.62
