index,fold,pdbid,mutation,predicted_value,true_value
0,2,1AK4,D:A488G,0.7709687,2.49
4,2,1AK4,D:G489A,0.69260025,1.91
13,2,1AK4,D:P490V,0.7430279,2.86
25,2,1BJ1,W:I91A,1.7614911,0.41
38,2,1CZ8,W:G88A,1.2152936,2.67
39,2,1CZ8,W:G92A,1.3619435,4.1
40,2,1CZ8,W:H86A,0.32089886,0.0
41,2,1CZ8,W:H90A,0.99915636,0.0
56,2,1DQJ,C:K97A,1.080336,3.5
64,2,1DQJ,C:Y20A,1.4017076,3.3
73,2,1DQJ,L:Y50A,2.5858397,2.7
75,2,1DVF,A:H30A,0.3973166,1.67
77,2,1DVF,A:W92A,1.6589292,0.34
100,2,1DVF,D:Y102A,0.25548008,4.79
108,2,1FFW,A:V108M,0.31533092,1.13
128,2,1KTZ,B:I50A,0.9440827,1.9
134,2,1KTZ,B:S52A,1.1711617,0.4
144,2,1MHP,H:G100M,1.4577322,0.1
149,2,1MHP,H:G53N,1.150815,1.26
164,2,1MHP,H:R31Q,0.5931819,1.31
165,2,1MHP,H:S35A,4.303137,1.58
185,2,1MHP,L:L49F,1.9408486,0.71
187,2,1MHP,L:L49W,1.2091918,1.91
188,2,1MHP,L:L49Y,3.664609,8.0
197,2,1MHP,L:N52Y,0.3304537,-0.1
217,2,1MLC,L:N92A,0.14935222,-1.25
222,2,1N8Z,H:K30A,0.27446318,0.61
224,2,1N8Z,H:R50A,0.68252397,8.0
238,2,1N8Z,L:H91F,1.63507,-0.43
239,2,1N8Z,L:H91F,1.6351173,0.03
258,2,1VFB,C:Q121A,0.9571617,2.9
287,2,1VFB,L:W92A,0.15863536,3.3
289,2,1VFB,L:Y32W,0.7342705,8.0
294,2,1YY9,H:T61E,-0.26189673,-0.06
326,2,2JEL,P:Q57E,0.25978935,-0.41
329,2,2JEL,P:R17K,0.13343234,0.0
342,2,2NYY,A:D1062A,1.3519739,2.53
348,2,2NYY,A:K1056A,0.8358375,-0.03
358,2,2NYY,A:S955A,-0.018704083,0.0
365,2,2NYY,L:D30Y,0.47153378,0.65
382,2,2NZ9,A:Q915A,0.5521114,0.1
391,2,3BDY,H:G96A,0.22480994,0.2
394,2,3BDY,H:K30A,0.26092324,0.2
405,2,3BDY,L:D27aA,0.06904207,0.0
409,2,3BDY,L:I27bA,0.34872618,1.1
416,2,3BDY,L:T93A,0.1681244,-0.3
422,2,3BE1,H:D31A,0.51096076,0.4
432,2,3BE1,H:T32A,0.437832,-0.4
434,2,3BE1,H:W95A,3.091518,1.8
442,2,3BE1,L:H91A,1.7040302,0.9
499,2,3HFM,L:N31D,3.237895,1.34
504,2,3HFM,L:Y50F,4.151054,2.36
514,2,3K2M,D:M88A,1.8991059,4.0
518,2,3K2M,D:Y36A,2.8571339,3.7
524,2,3NGB,H:P62K,0.07013683,0.23
528,2,3NGB,H:V57T,0.51795477,0.14
548,2,3NPS,A:Q218A,0.29687488,-0.04
552,2,3NPS,A:R51A,-0.18334664,0.14
594,2,HM_1YY9,L:T97D,0.35584915,-0.66
595,2,HM_1YY9,L:T97S,0.35471916,-0.7
612,2,HM_2NYY,H:K30R,0.3353943,0.51
623,2,HM_2NZ9,A:E920A,0.46359444,0.5
634,2,HM_2NZ9,A:R903A,0.51799726,-0.02
641,2,HM_3BN9,H:T28R,0.16627857,-0.24
643,2,HM_3BN9,H:T98R,-0.84880817,-1.57
