index,fold,pdbid,mutation,predicted_value,true_value
14,10,1AK4,D:P493A,0.23891073,0.51
48,10,1CZ8,W:M94A,1.2699734,1.91
70,10,1DQJ,L:N31A,2.484394,2.0
86,10,1DVF,B:N56A,2.2611582,1.17
96,10,1DVF,D:K30A,0.73064244,1.01
102,10,1FFW,A:D13K,0.47978562,0.05
116,10,1JTG,B:D49A,0.42328346,1.98
118,10,1KTZ,B:D32A,1.1437838,1.4
123,10,1KTZ,B:E75A,0.9871806,1.0
137,10,1KTZ,B:V62A,0.51533353,0.7
138,10,1KTZ,B:V77A,1.0455375,0.5
142,10,1MHP,H:G100I,4.0713434,8.0
143,10,1MHP,H:G100L,1.8417648,2.73
152,10,1MHP,H:G53W,6.3467374,8.0
159,10,1MHP,H:K64D,0.07683151,-0.12
161,10,1MHP,H:K64N,0.0837599,-0.07
180,10,1MHP,L:G92Q,-0.30618376,1.58
196,10,1MHP,L:N52R,0.20675759,0.85
210,10,1MLC,H:T28D,0.7452858,-0.15
212,10,1MLC,H:T31V,0.5064407,0.53
230,10,1N8Z,H:Y100aF,0.24984705,0.82
243,10,1N8Z,L:S50A,0.9163852,-0.07
249,10,1N8Z,L:Y49A,1.2680132,1.05
253,10,1VFB,C:D18A,0.91726935,0.3
265,10,1VFB,H:D54A,0.98956287,1.0
268,10,1VFB,H:G31A,0.6697196,0.3
270,10,1VFB,H:G31W,0.08659336,0.01
271,10,1VFB,H:R99W,0.89675975,0.71
277,10,1VFB,H:W52A,4.081939,0.9
278,10,1VFB,H:Y101A,1.5003905,4.0
279,10,1VFB,H:Y101F,1.3661995,1.6
310,10,2JEL,P:E85K,-0.025655419,0.0
314,10,2JEL,P:H76A,0.05764049,-0.41
316,10,2JEL,P:K24E,-0.36588138,0.0
323,10,2JEL,P:P11E,-0.003587857,0.0
340,10,2JEL,P:V6F,0.07615252,0.0
347,10,2NYY,A:I956A,0.124842934,-0.01
362,10,2NYY,H:Y31D,0.7344307,0.07
363,10,2NYY,H:Y31Q,0.9559314,0.13
374,10,2NZ9,A:H1064A,6.5935073,7.42
387,10,2NZ9,A:T1063A,1.6845783,2.37
396,10,3BDY,H:R50A,2.889665,-0.3
413,10,3BDY,L:S28A,-0.21983777,1.0
418,10,3BDY,L:W50A,1.1604408,1.3
420,10,3BDY,L:Y53A,1.5316286,0.7
421,10,3BDY,L:Y92A,1.4038234,1.4
445,10,3BE1,L:P27cA,-0.14149214,0.1
447,10,3BE1,L:S28A,0.13855524,0.3
456,10,3BN9,A:D217A,0.6615399,0.57
467,10,3BN9,A:K224A,0.53326714,0.79
483,10,3BN9,H:P100H,0.7969105,8.0
505,10,3HFM,L:Y50L,2.7107387,4.4
526,10,3NGB,H:R61Q,-0.17074095,0.1
539,10,3NPS,A:H138A,0.8313401,1.89
540,10,3NPS,A:I26A,0.29650372,0.65
554,10,3NPS,A:T144A,0.4971537,0.18
567,10,HM_1KTZ,B:H79A,0.4862675,0.3
569,10,HM_1KTZ,B:I50A,1.3016925,1.9
577,10,HM_1KTZ,B:T51A,1.289263,1.5
580,10,HM_1YY9,H:A98W,-0.012901306,-0.23
586,10,HM_1YY9,H:T57P,-0.33808404,-0.48
601,10,HM_2NYY,A:K915A,0.31141454,-0.31
614,10,HM_2NYY,H:Y31D,0.6043462,0.97
644,10,HM_3BN9,H:Y99S,0.47015512,0.54
