index,fold,pdbid,mutation,predicted_value,true_value
8,1,1AK4,D:H487R,1.0381265,1.48
10,1,1AK4,D:I491V,0.8576747,-0.17
19,1,1BJ1,W:G88A,0.91950095,2.76
26,1,1BJ1,W:K48A,0.5253795,0.41
27,1,1BJ1,W:K84A,0.7538717,0.65
33,1,1BJ1,W:R82A,1.1644152,3.69
45,1,1CZ8,W:K48A,0.62587416,0.0
61,1,1DQJ,C:T89A,-0.29373577,0.8
74,1,1DQJ,L:Y96A,4.133748,1.1
84,1,1DVF,B:D58A,1.2998321,1.62
99,1,1DVF,D:R106A,2.3588343,4.13
101,1,1FFW,A:A90V,0.37321043,0.09
104,1,1FFW,A:E93K,0.7539583,0.82
110,1,1JRH,I:E45Q,0.7443334,0.11
117,1,1KTZ,B:D118A,1.0114367,0.9
122,1,1KTZ,B:E55A,2.0330849,1.3
147,1,1MHP,H:G102S,3.5236044,8.0
150,1,1MHP,H:G53Q,3.4083033,8.0
160,1,1MHP,H:K64E,0.23050006,-0.16
172,1,1MHP,H:T33V,3.3500166,0.43
189,1,1MHP,L:N30K,4.1959286,8.0
211,1,1MLC,H:T31A,0.55314153,0.45
214,1,1MLC,H:T58D,0.16743366,-0.56
226,1,1N8Z,H:T53A,0.098743156,0.78
233,1,1N8Z,H:Y52A,-0.52840734,0.23
235,1,1N8Z,L:D28N,0.051303294,-0.28
244,1,1N8Z,L:S52A,0.08557521,-0.31
250,1,1N8Z,L:Y92A,0.9281094,1.36
257,1,1VFB,C:N19A,1.7302134,0.3
264,1,1VFB,H:D100A,4.571516,2.9
290,1,1VFB,L:Y50A,1.4647486,0.5
318,1,2JEL,P:K72E,1.3307645,0.41
325,1,2JEL,P:Q4K,1.2334576,1.38
354,1,2NYY,A:Q915A,0.5368202,0.52
355,1,2NYY,A:R1061A,1.0549266,0.82
360,1,2NYY,H:K30R,0.25002572,0.07
364,1,2NYY,H:Y57Q,0.8356433,0.52
372,1,2NZ9,A:F917A,0.8732205,-0.05
384,1,2NZ9,A:R1294A,1.6753142,0.39
388,1,3BDY,H:D31A,0.7221623,0.2
397,1,3BDY,H:R58A,0.41494676,-0.2
403,1,3BDY,H:Y52A,0.18834357,0.4
410,1,3BDY,L:I29A,0.8824029,0.8
424,1,3BE1,H:F100A,0.6101098,1.9
438,1,3BE1,H:Y56A,1.1657002,1.8
448,1,3BE1,L:S30A,-0.015348297,-0.2
458,1,3BN9,A:D60bA,-0.07251747,0.31
485,1,3BN9,H:S30G,0.58182293,1.36
495,1,3HFM,H:S31A,0.65928394,0.17
502,1,3HFM,L:Q53A,0.5832778,0.95
512,1,3HFM,Y:Y20A,2.2978969,4.87
517,1,3K2M,D:Y35A,2.8184214,1.0
522,1,3NGB,H:I30T,0.6776608,0.08
525,1,3NGB,H:R53N,0.83419967,0.05
533,1,3NPS,A:D47A,0.06052616,1.08
534,1,3NPS,A:D91A,0.6568948,1.52
560,1,HM_1KTZ,B:D32N,1.0649128,2.0
574,1,HM_1KTZ,B:S49A,0.9763486,0.3
592,1,HM_1YY9,L:Q27Y,0.7934072,-0.83
600,1,HM_2NYY,A:I917A,0.35486823,0.95
609,1,HM_2NYY,A:R903A,0.19723575,-0.02
611,1,HM_2NYY,A:T923A,0.05021279,0.62
619,1,HM_2NYY,L:S28Q,-0.09667975,0.7
621,1,HM_2NZ9,A:D1062A,0.92984974,-0.14
624,1,HM_2NZ9,A:F953A,1.1376326,1.53
