fold,mae,rmse,r2,pearson,spearman
1,1.6883386405328205,2.2027644310611123,0.12434654954735169,0.6017282404163478,0.3926970241792344
