fold,mae,rmse,r2,pearson,spearman,samples
1,0.8914364576339722,1.3276695013046265,0.2098008394241333,0.4691733121871948,0.455583781003952,112
