index,fold,pdbid,mutation,predicted_value,true_value
8,1,1AK4,D:H487R,0.8231026,1.48
10,1,1AK4,D:I491V,0.85709983,-0.17
19,1,1BJ1,W:G88A,1.7182504,2.76
26,1,1BJ1,W:K48A,0.95701486,0.41
27,1,1BJ1,W:K84A,0.9269911,0.65
33,1,1BJ1,W:R82A,0.667113,3.69
45,1,1CZ8,W:K48A,0.6939533,0.0
61,1,1DQJ,C:T89A,0.9320295,0.8
74,1,1DQJ,L:Y96A,3.6038446,1.1
84,1,1DVF,B:D58A,1.5226462,1.62
99,1,1DVF,D:R106A,0.73867416,4.13
101,1,1FFW,A:A90V,0.11289233,0.09
104,1,1FFW,A:E93K,0.21626896,0.82
110,1,1JRH,I:E45Q,0.030211538,0.11
117,1,1KTZ,B:D118A,0.9449455,0.9
122,1,1KTZ,B:E55A,1.0681503,1.3
147,1,1MHP,H:G102S,5.550144,8.0
150,1,1MHP,H:G53Q,6.939883,8.0
160,1,1MHP,H:K64E,0.5468352,-0.16
172,1,1MHP,H:T33V,4.153726,0.43
189,1,1MHP,L:N30K,6.9276123,8.0
211,1,1MLC,H:T31A,0.23883945,0.45
214,1,1MLC,H:T58D,-0.64296436,-0.56
226,1,1N8Z,H:T53A,0.017437935,0.78
233,1,1N8Z,H:Y52A,0.77418673,0.23
235,1,1N8Z,L:D28N,0.4069745,-0.28
244,1,1N8Z,L:S52A,-0.05435124,-0.31
250,1,1N8Z,L:Y92A,2.3559847,1.36
257,1,1VFB,C:N19A,0.62167704,0.3
264,1,1VFB,H:D100A,1.9125667,2.9
290,1,1VFB,L:Y50A,5.060975,0.5
318,1,2JEL,P:K72E,1.5983214,0.41
325,1,2JEL,P:Q4K,0.9902345,1.38
354,1,2NYY,A:Q915A,0.40644082,0.52
355,1,2NYY,A:R1061A,0.5860157,0.82
360,1,2NYY,H:K30R,0.062385023,0.07
364,1,2NYY,H:Y57Q,0.8078122,0.52
372,1,2NZ9,A:F917A,0.8726641,-0.05
384,1,2NZ9,A:R1294A,1.2630997,0.39
388,1,3BDY,H:D31A,-0.1028226,0.2
397,1,3BDY,H:R58A,0.07724191,-0.2
403,1,3BDY,H:Y52A,-0.19576201,0.4
410,1,3BDY,L:I29A,0.32220268,0.8
424,1,3BE1,H:F100A,1.3817419,1.9
438,1,3BE1,H:Y56A,1.4924179,1.8
448,1,3BE1,L:S30A,0.08045063,-0.2
458,1,3BN9,A:D60bA,0.35893083,0.31
485,1,3BN9,H:S30G,0.52597684,1.36
495,1,3HFM,H:S31A,0.9237677,0.17
502,1,3HFM,L:Q53A,0.82709247,0.95
512,1,3HFM,Y:Y20A,2.5253553,4.87
517,1,3K2M,D:Y35A,4.2188616,1.0
522,1,3NGB,H:I30T,0.46803465,0.08
525,1,3NGB,H:R53N,0.06806019,0.05
533,1,3NPS,A:D47A,0.38719285,1.08
534,1,3NPS,A:D91A,0.345151,1.52
560,1,HM_1KTZ,B:D32N,0.6460442,2.0
574,1,HM_1KTZ,B:S49A,0.73360145,0.3
592,1,HM_1YY9,L:Q27Y,-0.050466597,-0.83
600,1,HM_2NYY,A:I917A,1.1383963,0.95
609,1,HM_2NYY,A:R903A,0.21302629,-0.02
611,1,HM_2NYY,A:T923A,0.26262218,0.62
619,1,HM_2NYY,L:S28Q,0.35286567,0.7
621,1,HM_2NZ9,A:D1062A,0.3724564,-0.14
624,1,HM_2NZ9,A:F953A,0.94359446,1.53
