index,fold,pdbid,mutation,predicted_value,true_value
6,7,1AK4,D:H487A,0.7433662,0.84
15,7,1AK4,D:V486A,0.6147544,0.82
63,7,1DQJ,C:W63A,2.250241,1.3
66,7,1DQJ,H:W98A,4.5743,4.9
78,7,1DVF,A:Y32A,2.7328386,2.05
91,7,1DVF,B:Y32A,1.5793848,1.85
94,7,1DVF,D:H33A,1.3845675,1.88
98,7,1DVF,D:Q104A,2.8802967,1.64
112,7,1JTG,A:K234A,1.1136181,0.82
124,7,1KTZ,B:F110A,0.28333005,0.9
127,7,1KTZ,B:I125A,0.6317553,0.5
135,7,1KTZ,B:S52L,3.078452,3.7
139,7,1MHP,H:F99W,3.043891,0.0
146,7,1MHP,H:G100V,3.4062324,8.0
154,7,1MHP,H:G54M,3.2017457,8.0
155,7,1MHP,H:G54N,3.0323083,8.0
167,7,1MHP,H:S35V,1.6497018,8.0
169,7,1MHP,H:S52T,4.1462593,8.0
174,7,1MHP,H:T50Q,2.6174786,8.0
177,7,1MHP,H:Y58Q,3.6285377,2.08
183,7,1MHP,L:H31R,2.3426914,1.12
198,7,1MHP,L:N93D,4.3491535,8.0
219,7,1N8Z,H:D98A,0.5103703,1.21
221,7,1N8Z,H:F100A,2.2381873,1.17
234,7,1N8Z,H:Y56A,0.9612206,0.87
260,7,1VFB,C:S24A,1.7889091,0.8
261,7,1VFB,C:T118A,1.4724393,0.8
274,7,1VFB,H:S28E,0.96367896,-0.1
292,7,1VFB,L:Y50R,2.9272714,0.85
307,7,2JEL,P:E83A,0.45424715,0.0
311,7,2JEL,P:E85Q,0.34666225,0.0
312,7,2JEL,P:F2W,2.9674373,2.64
317,7,2JEL,P:K27E,0.26784793,0.0
320,7,2JEL,P:K79E,0.3313798,0.41
321,7,2JEL,P:N12D,0.29592788,0.0
334,7,2JEL,P:T34Q,0.41531116,0.0
345,7,2NYY,A:F953A,1.7921329,4.06
361,7,2NYY,H:M34Q,1.4433383,-0.06
377,7,2NZ9,A:K903A,0.026672795,0.54
379,7,2NZ9,A:L919A,1.2142895,2.28
393,7,3BDY,H:G99A,2.0598297,0.8
435,7,3BE1,H:Y100aA,3.4435763,1.2
440,7,3BE1,L:G31A,1.6237638,0.3
459,7,3BN9,A:D96A,2.6523776,6.7
460,7,3BN9,A:E169A,0.5588219,0.37
463,7,3BN9,A:F97A,2.5888004,6.7
473,7,3BN9,A:Q221aA,0.6944251,0.71
479,7,3BN9,A:T150A,0.5846777,0.29
488,7,3BN9,H:T98Q,0.3098158,0.0
508,7,3HFM,Y:K96A,3.9155517,6.83
515,7,3K2M,D:R38A,2.0367022,2.5
520,7,3NGB,H:A56G,0.73746854,-0.06
529,7,3NGB,H:V73T,0.19097534,0.16
564,7,HM_1KTZ,B:E75A,0.52327305,1.1
566,7,HM_1KTZ,B:F30A,2.471571,3.0
572,7,HM_1KTZ,B:M112A,0.4937286,0.9
585,7,HM_1YY9,H:T57G,0.3801372,-0.46
590,7,HM_1YY9,L:A25V,0.32751802,-0.62
591,7,HM_1YY9,L:G30Y,0.12121004,-0.92
602,7,HM_2NYY,A:K955A,-0.016631842,-0.5
608,7,HM_2NYY,A:R1064A,4.92441,4.44
616,7,HM_2NYY,H:Y57Q,0.76093876,1.19
638,7,HM_3BN9,H:Q100aV,1.7762078,0.41
640,7,HM_3BN9,H:S30N,1.0279031,0.71
