index,fold,pdbid,mutation,predicted_value,true_value
11,9,1AK4,D:P485A,0.5006155,0.92
29,9,1BJ1,W:M94A,1.7703956,1.42
32,9,1BJ1,W:Q89A,1.6372476,1.75
57,9,1DQJ,C:L75A,1.4667786,1.5
69,9,1DQJ,H:Y53A,4.2513256,1.2
80,9,1DVF,A:Y49A,2.0243466,1.75
83,9,1DVF,B:D54A,1.9013896,4.32
87,9,1DVF,B:R99A,1.1324614,1.89
93,9,1DVF,D:D52A,0.6866753,1.7
103,9,1FFW,A:E117K,-0.020293474,0.71
109,9,1FFW,A:Y106W,0.16935547,0.71
121,9,1KTZ,B:E119Q,0.73409915,1.7
130,9,1KTZ,B:L27A,2.2038147,1.9
141,9,1MHP,H:G100F,3.167193,0.57
166,9,1MHP,H:S35Q,2.8903432,2.73
204,9,1MHP,L:S91T,3.8999486,2.32
215,9,1MLC,L:N32G,0.7670693,-0.85
220,9,1N8Z,H:D98W,0.35351655,-0.69
228,9,1N8Z,H:Y100aA,2.6192896,8.0
231,9,1N8Z,H:Y102V,2.3281124,0.22
232,9,1N8Z,H:Y33A,1.7947109,-0.09
246,9,1N8Z,L:T93A,0.9169961,0.82
256,9,1VFB,C:L129A,0.65829974,0.2
262,9,1VFB,C:V120A,1.1373569,0.9
275,9,1VFB,H:S28N,0.515274,0.15
281,9,1VFB,H:Y32E,0.8615209,1.91
304,9,2JEL,P:E70A,1.6459903,2.75
324,9,2JEL,P:Q3K,2.2087336,4.13
350,9,2NYY,A:K923A,0.03625557,-0.14
371,9,2NZ9,A:E920A,0.56703013,2.77
375,9,2NZ9,A:I956A,0.34420052,0.07
402,9,3BDY,H:Y33A,1.0956541,0.3
407,9,3BDY,L:G51A,2.1541564,1.0
415,9,3BDY,L:S52A,0.4277227,0.1
437,9,3BE1,H:Y52A,-0.14921872,-0.8
444,9,3BE1,L:I29A,0.6257457,0.9
453,9,3BE1,L:Y32A,2.5601435,-0.8
465,9,3BN9,A:I41A,0.77915436,0.0
468,9,3BN9,A:L153A,0.46868083,0.34
487,9,3BN9,H:T28R,0.17896563,0.3
490,9,3BN9,H:Y99S,0.8577413,0.41
493,9,3HFM,H:D32A,1.1404464,1.9
494,9,3HFM,H:D32N,1.0224882,0.17
496,9,3HFM,H:Y33A,4.3848886,6.0
500,9,3HFM,L:N31E,3.4402792,5.67
501,9,3HFM,L:N32A,3.8434258,5.11
506,9,3HFM,L:Y96A,3.7146783,2.71
519,9,3K2M,D:Y87A,0.92217565,4.0
530,9,3NGB,H:Y74S,0.15768722,0.33
532,9,3NPS,A:D46A,0.13941377,0.34
538,9,3NPS,A:F92A,0.5851711,0.47
543,9,3NPS,A:L147A,0.13431749,0.3
553,9,3NPS,A:R82A,-0.20805201,-0.15
556,9,3NPS,A:Y141A,2.5909996,1.79
562,9,HM_1KTZ,B:E119Q,0.64154315,1.6
563,9,HM_1KTZ,B:E55A,1.6153755,1.2
565,9,HM_1KTZ,B:F110A,0.28932953,0.9
582,9,HM_1YY9,H:I51G,0.83144635,-0.51
588,9,HM_1YY9,H:V50Q,0.45218706,-0.64
597,9,HM_2NYY,A:D902A,0.26495174,-0.49
610,9,HM_2NYY,A:S954A,0.38845402,-0.66
629,9,HM_2NZ9,A:N918A,0.6808325,0.3
636,9,HM_2NZ9,A:T923A,-0.0062292516,0.62
