index,fold,pdbid,mutation,predicted_value,true_value
2,8,1AK4,D:A492G,0.6134783,0.41
16,8,1BJ1,V:F17A,0.90126735,0.0
17,8,1BJ1,V:Y21A,0.9181758,0.0
37,8,1CZ8,W:E93A,0.8124182,1.15
59,8,1DQJ,C:R21A,0.9289901,1.3
60,8,1DQJ,C:S100A,0.9952581,0.8
81,8,1DVF,A:Y50A,0.7645248,0.69
107,8,1FFW,A:T87I,0.5508166,-0.32
111,8,1JRH,I:T14V,0.7500783,-0.02
125,8,1KTZ,B:F30A,0.920914,2.9
126,8,1KTZ,B:H79A,0.7745049,0.4
129,8,1KTZ,B:I53A,0.8567502,1.2
132,8,1KTZ,B:N47A,0.75660986,0.3
148,8,1MHP,H:G53A,1.1818727,0.51
157,8,1MHP,H:G54Y,1.1260647,0.0
163,8,1MHP,H:L60D,0.93558514,-0.12
168,8,1MHP,H:S52M,1.23992,2.08
181,8,1MHP,L:G92S,0.8581283,0.51
190,8,1MHP,L:N30V,0.8933058,1.05
194,8,1MHP,L:N52E,0.95962274,-0.18
240,8,1N8Z,L:N30A,0.79284275,1.12
283,8,1VFB,L:L46E,0.8060442,8.0
286,8,1VFB,L:T53R,0.9437529,1.67
293,8,1YY9,H:N56A,0.83099294,-0.06
295,8,1YY9,L:N93A,0.75266135,-0.74
296,8,1YY9,L:S26D,0.74764854,-0.2
299,8,2JEL,P:D69E,0.7891528,0.96
303,8,2JEL,P:E68A,0.8399671,0.41
309,8,2JEL,P:E85D,0.5136289,0.0
313,8,2JEL,P:F2Y,0.9049896,0.0
327,8,2JEL,P:Q71E,0.8824085,2.75
332,8,2JEL,P:S46C,0.5981127,0.0
343,8,2NYY,A:E920A,0.8210603,2.84
356,8,2NYY,A:R1294A,0.7960334,0.3
378,8,2NZ9,A:K923A,0.5315974,-0.3
386,8,2NZ9,A:S955A,0.59677446,-0.08
389,8,3BDY,H:D98A,0.7864344,0.0
398,8,3BDY,H:T32A,0.94209623,-0.4
399,8,3BDY,H:T53A,0.83019316,-0.5
404,8,3BDY,H:Y56A,0.9139552,0.2
411,8,3BDY,L:P27cA,0.9536316,0.2
428,8,3BE1,H:K30A,0.8125738,-0.3
451,8,3BE1,L:T94A,0.69864035,1.4
457,8,3BN9,A:D60aA,0.98763734,0.42
466,8,3BN9,A:I60A,0.9619864,0.84
472,8,3BN9,A:Q175A,0.64053196,2.51
476,8,3BN9,A:R60cA,0.8899623,-0.05
477,8,3BN9,A:R60fA,0.87753546,-0.07
480,8,3BN9,A:T98A,0.7917986,1.13
482,8,3BN9,A:Y60gA,0.88476384,0.02
489,8,3BN9,H:T98R,0.7256824,-0.06
491,8,3HFM,H:C95A,1.1668152,5.52
531,8,3NPS,A:D214A,0.77028596,1.48
549,8,3NPS,A:Q23A,0.90276456,0.03
555,8,3NPS,A:T93A,0.75986445,0.73
557,8,3NPS,A:Y52A,0.9199036,0.46
571,8,HM_1KTZ,B:L27A,0.92337906,1.8
576,8,HM_1KTZ,B:S52L,0.91276985,4.0
583,8,HM_1YY9,H:R97D,0.8877677,-0.99
589,8,HM_1YY9,H:Y32R,0.73649085,-0.13
613,8,HM_2NYY,H:M34Q,1.1626251,-0.01
618,8,HM_2NYY,L:H34R,0.9548797,0.63
626,8,HM_2NZ9,A:K915A,0.59103876,-0.31
642,8,HM_3BN9,H:T98Q,0.7611053,-0.16
