index,fold,pdbid,mutation,predicted_value,true_value
0,2,1AK4,D:A488G,0.2196483,2.49
4,2,1AK4,D:G489A,0.8655211,1.91
13,2,1AK4,D:P490V,0.31124827,2.86
25,2,1BJ1,W:I91A,1.8135055,0.41
38,2,1CZ8,W:G88A,1.66919,2.67
39,2,1CZ8,W:G92A,0.91793615,4.1
40,2,1CZ8,W:H86A,0.6379353,0.0
41,2,1CZ8,W:H90A,1.8074167,0.0
56,2,1DQJ,C:K97A,0.4311229,3.5
64,2,1DQJ,C:Y20A,1.5980815,3.3
73,2,1DQJ,L:Y50A,1.7503506,2.7
75,2,1DVF,A:H30A,1.1375197,1.67
77,2,1DVF,A:W92A,0.7742788,0.34
100,2,1DVF,D:Y102A,4.235221,4.79
108,2,1FFW,A:V108M,-0.092684746,1.13
128,2,1KTZ,B:I50A,1.5777774,1.9
134,2,1KTZ,B:S52A,2.01968,0.4
144,2,1MHP,H:G100M,3.0568664,0.1
149,2,1MHP,H:G53N,3.4724045,1.26
164,2,1MHP,H:R31Q,2.441765,1.31
165,2,1MHP,H:S35A,1.87696,1.58
185,2,1MHP,L:L49F,1.1226487,0.71
187,2,1MHP,L:L49W,1.1038024,1.91
188,2,1MHP,L:L49Y,5.571527,8.0
197,2,1MHP,L:N52Y,1.1825686,-0.1
217,2,1MLC,L:N92A,0.09035605,-1.25
222,2,1N8Z,H:K30A,0.25769484,0.61
224,2,1N8Z,H:R50A,1.2887629,8.0
238,2,1N8Z,L:H91F,0.5761317,-0.43
239,2,1N8Z,L:H91F,0.5970942,0.03
258,2,1VFB,C:Q121A,2.0738332,2.9
287,2,1VFB,L:W92A,1.9052961,3.3
289,2,1VFB,L:Y32W,0.8711402,8.0
294,2,1YY9,H:T61E,-0.59090006,-0.06
326,2,2JEL,P:Q57E,0.24905121,-0.41
329,2,2JEL,P:R17K,-0.03374237,0.0
342,2,2NYY,A:D1062A,0.62657726,2.53
348,2,2NYY,A:K1056A,0.069781154,-0.03
358,2,2NYY,A:S955A,0.32357907,0.0
365,2,2NYY,L:D30Y,0.8810523,0.65
382,2,2NZ9,A:Q915A,0.20571041,0.1
391,2,3BDY,H:G96A,1.927454,0.2
394,2,3BDY,H:K30A,-0.03373602,0.2
405,2,3BDY,L:D27aA,-0.116128236,0.0
409,2,3BDY,L:I27bA,0.3052194,1.1
416,2,3BDY,L:T93A,0.27072623,-0.3
422,2,3BE1,H:D31A,0.1320358,0.4
432,2,3BE1,H:T32A,-0.12261632,-0.4
434,2,3BE1,H:W95A,3.6008492,1.8
442,2,3BE1,L:H91A,0.7775946,0.9
499,2,3HFM,L:N31D,4.458236,1.34
504,2,3HFM,L:Y50F,1.6678225,2.36
514,2,3K2M,D:M88A,1.8244672,4.0
518,2,3K2M,D:Y36A,3.409021,3.7
524,2,3NGB,H:P62K,0.5815496,0.23
528,2,3NGB,H:V57T,0.9826524,0.14
548,2,3NPS,A:Q218A,0.120714724,-0.04
552,2,3NPS,A:R51A,0.011472642,0.14
594,2,HM_1YY9,L:T97D,-0.3461159,-0.66
595,2,HM_1YY9,L:T97S,-0.14853746,-0.7
612,2,HM_2NYY,H:K30R,0.10160723,0.51
623,2,HM_2NZ9,A:E920A,1.3115711,0.5
634,2,HM_2NZ9,A:R903A,0.050607294,-0.02
641,2,HM_3BN9,H:T28R,0.14528394,-0.24
643,2,HM_3BN9,H:T98R,0.6184309,-1.57
