index,fold,pdbid,mutation,predicted_value,true_value
3,4,1AK4,D:A492V,0.21978524,0.19
12,4,1AK4,D:P490A,1.0845883,2.0
24,4,1BJ1,W:I83A,0.97777367,3.69
42,4,1CZ8,W:I80A,1.1048446,0.95
53,4,1CZ8,W:Y45A,0.5912244,1.94
54,4,1DQJ,C:D101A,1.5837903,1.3
58,4,1DQJ,C:N93A,1.1430649,0.6
76,4,1DVF,A:S93A,0.45753384,1.17
79,4,1DVF,A:Y49A,1.2408192,1.64
88,4,1DVF,B:T30A,0.6877677,0.92
92,4,1DVF,C:Y49A,2.1762233,1.88
95,4,1DVF,D:I101A,1.4877013,2.71
97,4,1DVF,D:N55A,0.5808037,1.88
114,4,1JTG,A:S130A,1.3420653,0.5
140,4,1MHP,H:F99Y,1.9891603,0.76
145,4,1MHP,H:G100S,2.9240313,0.56
151,4,1MHP,H:G53S,3.3168216,0.68
156,4,1MHP,H:G54T,4.3316793,1.17
158,4,1MHP,H:H56Y,3.3178883,8.0
170,4,1MHP,H:T33N,3.9107683,2.73
175,4,1MHP,H:T50V,2.0438824,-0.26
179,4,1MHP,H:Y59E,0.34253561,0.54
203,4,1MHP,L:S91R,1.9018171,2.73
205,4,1MHP,L:S91W,1.8213071,8.0
213,4,1MLC,H:T31W,-0.4843943,0.13
245,4,1N8Z,L:T31A,1.1037381,0.8
252,4,1VFB,C:D119A,1.1153524,1.0
263,4,1VFB,C:Y23A,2.3445857,0.4
291,4,1VFB,L:Y50K,0.7693176,1.67
297,4,1YY9,L:T31E,-0.50119174,-0.52
298,4,2JEL,P:A82S,0.3480463,0.0
302,4,2JEL,P:E66K,0.9830811,4.13
305,4,2JEL,P:E70K,1.6630925,4.13
315,4,2JEL,P:H76D,0.45749432,-0.66
328,4,2JEL,P:R17G,-0.060240835,0.0
335,4,2JEL,P:T36Q,0.04836303,0.41
339,4,2JEL,P:T7S,0.19972047,0.0
344,4,2NYY,A:F917A,0.49880168,0.42
351,4,2NYY,A:L919A,0.5912024,2.59
352,4,2NYY,A:N918A,0.34542918,0.89
357,4,2NYY,A:S902A,-0.04419166,-0.23
369,4,2NZ9,A:D1058A,0.036294013,-0.03
381,4,2NZ9,A:N954A,0.67878884,-0.15
406,4,3BDY,L:G31A,1.1913377,1.2
408,4,3BDY,L:H91A,0.9865328,2.0
423,4,3BE1,H:D98A,0.04862344,-0.1
427,4,3BE1,H:G99A,0.41568908,1.8
429,4,3BE1,H:N54A,0.024224496,-0.8
443,4,3BE1,L:I27bA,-0.45906314,-0.2
454,4,3BE1,L:Y53A,0.06400082,0.9
497,4,3HFM,H:Y50A,4.341393,8.0
510,4,3HFM,Y:K97M,1.1086016,1.09
511,4,3HFM,Y:R21A,2.1213396,1.03
516,4,3K2M,D:W80A,2.4982748,4.0
536,4,3NPS,A:F50A,-0.16305052,0.22
541,4,3NPS,A:I45A,0.15345898,-0.34
550,4,3NPS,A:R219A,0.14659908,-0.08
568,4,HM_1KTZ,B:I125A,0.68488747,0.5
584,4,HM_1YY9,H:T100Y,0.13609168,-0.45
598,4,HM_2NYY,A:E920A,0.5863234,0.5
605,4,HM_2NYY,A:N957A,-0.026510969,0.01
607,4,HM_2NYY,A:R1061A,0.090441294,0.58
625,4,HM_2NZ9,A:I917A,0.5221233,0.95
627,4,HM_2NZ9,A:K955A,-0.30312192,-0.5
