index,fold,pdbid,mutation,predicted_value,true_value
14,10,1AK4,D:P493A,0.59452677,0.51
48,10,1CZ8,W:M94A,0.8003811,1.91
70,10,1DQJ,L:N31A,2.9087746,2.0
86,10,1DVF,B:N56A,2.868659,1.17
96,10,1DVF,D:K30A,0.9192842,1.01
102,10,1FFW,A:D13K,-0.023044452,0.05
116,10,1JTG,B:D49A,1.5907078,1.98
118,10,1KTZ,B:D32A,0.5428344,1.4
123,10,1KTZ,B:E75A,0.7612392,1.0
137,10,1KTZ,B:V62A,0.5778208,0.7
138,10,1KTZ,B:V77A,0.7889705,0.5
142,10,1MHP,H:G100I,2.4651868,8.0
143,10,1MHP,H:G100L,2.14892,2.73
152,10,1MHP,H:G53W,6.5456147,8.0
159,10,1MHP,H:K64D,0.9629802,-0.12
161,10,1MHP,H:K64N,1.0596193,-0.07
180,10,1MHP,L:G92Q,2.2313163,1.58
196,10,1MHP,L:N52R,1.0006415,0.85
210,10,1MLC,H:T28D,0.64311975,-0.15
212,10,1MLC,H:T31V,0.09067556,0.53
230,10,1N8Z,H:Y100aF,1.2576619,0.82
243,10,1N8Z,L:S50A,2.3705823,-0.07
249,10,1N8Z,L:Y49A,2.8185697,1.05
253,10,1VFB,C:D18A,1.1777848,0.3
265,10,1VFB,H:D54A,1.4561672,1.0
268,10,1VFB,H:G31A,1.3074257,0.3
270,10,1VFB,H:G31W,1.824715,0.01
271,10,1VFB,H:R99W,1.5905786,0.71
277,10,1VFB,H:W52A,2.0995154,0.9
278,10,1VFB,H:Y101A,2.5389185,4.0
279,10,1VFB,H:Y101F,1.540921,1.6
310,10,2JEL,P:E85K,0.18630178,0.0
314,10,2JEL,P:H76A,0.4697551,-0.41
316,10,2JEL,P:K24E,0.1881825,0.0
323,10,2JEL,P:P11E,0.1566078,0.0
340,10,2JEL,P:V6F,0.3102349,0.0
347,10,2NYY,A:I956A,0.6516218,-0.01
362,10,2NYY,H:Y31D,0.46393347,0.07
363,10,2NYY,H:Y31Q,0.49574637,0.13
374,10,2NZ9,A:H1064A,4.473557,7.42
387,10,2NZ9,A:T1063A,0.93861395,2.37
396,10,3BDY,H:R50A,0.99598986,-0.3
413,10,3BDY,L:S28A,0.43986285,1.0
418,10,3BDY,L:W50A,3.392839,1.3
420,10,3BDY,L:Y53A,2.155541,0.7
421,10,3BDY,L:Y92A,0.6891457,1.4
445,10,3BE1,L:P27cA,-0.22485827,0.1
447,10,3BE1,L:S28A,-0.17015657,0.3
456,10,3BN9,A:D217A,0.92352545,0.57
467,10,3BN9,A:K224A,0.82125396,0.79
483,10,3BN9,H:P100H,0.35554847,8.0
505,10,3HFM,L:Y50L,2.7557716,4.4
526,10,3NGB,H:R61Q,-0.13532808,0.1
539,10,3NPS,A:H138A,0.6736146,1.89
540,10,3NPS,A:I26A,0.08710645,0.65
554,10,3NPS,A:T144A,-0.011462912,0.18
567,10,HM_1KTZ,B:H79A,0.68421316,0.3
569,10,HM_1KTZ,B:I50A,1.3140578,1.9
577,10,HM_1KTZ,B:T51A,0.7618205,1.5
580,10,HM_1YY9,H:A98W,0.2690614,-0.23
586,10,HM_1YY9,H:T57P,-0.50640357,-0.48
601,10,HM_2NYY,A:K915A,0.5541645,-0.31
614,10,HM_2NYY,H:Y31D,0.42120987,0.97
644,10,HM_3BN9,H:Y99S,1.2122657,0.54
