index,fold,pdbid,mutation,predicted_value,true_value
5,6,1AK4,D:G489V,1.0723464,2.86
9,6,1AK4,D:I491A,0.7871479,0.07
43,6,1CZ8,W:I83A,1.7027986,1.3
44,6,1CZ8,W:I91A,1.3925662,1.06
47,6,1CZ8,W:M81A,1.3291698,4.1
49,6,1CZ8,W:Q79A,1.0160451,0.65
51,6,1CZ8,W:Q89A,2.109889,1.06
52,6,1CZ8,W:R82A,0.813779,0.82
62,6,1DQJ,C:W62A,1.0053643,0.8
68,6,1DQJ,H:Y50A,4.575883,6.9
89,6,1DVF,B:W52A,3.8621361,4.17
106,6,1FFW,A:T112I,0.009207517,0.56
113,6,1JTG,A:R243A,1.1156285,0.56
115,6,1JTG,A:S235A,0.9229403,1.32
119,6,1KTZ,B:D32N,0.29255247,1.7
133,6,1KTZ,B:S49A,0.21560195,0.5
171,6,1MHP,H:T33Q,4.079298,8.0
176,6,1MHP,H:Y58E,4.5338693,2.08
178,6,1MHP,H:Y58W,3.6686673,0.82
186,6,1MHP,L:L49K,3.1342816,0.93
191,6,1MHP,L:N30W,2.3178904,1.58
195,6,1MHP,L:N52K,1.390737,0.66
201,6,1MHP,L:S91K,2.7781413,8.0
202,6,1MHP,L:S91Q,2.6769075,1.78
207,6,1MLC,H:K65D,0.3122113,0.02
216,6,1MLC,L:N32Y,0.45064437,0.0
225,6,1N8Z,H:T32A,-0.10256466,0.38
241,6,1N8Z,L:N30S,1.613527,0.06
247,6,1N8Z,L:T94A,1.8245935,-0.12
251,6,1N8Z,L:Y92F,1.7839833,-0.21
259,6,1VFB,C:R125A,0.8871539,1.8
267,6,1VFB,H:D58N,0.48974058,-0.13
276,6,1VFB,H:S28Q,0.49871787,0.08
280,6,1VFB,H:Y32A,1.2051343,1.1
284,6,1VFB,L:N31W,1.3063921,0.17
308,6,2JEL,P:E85A,0.119824655,0.0
330,6,2JEL,P:S41C,0.15143073,1.51
331,6,2JEL,P:S43C,0.11142622,0.0
333,6,2JEL,P:S64T,1.074987,4.13
349,6,2NYY,A:K903A,0.34923515,0.29
359,6,2NYY,A:T1063A,2.734713,1.62
366,6,2NYY,L:H34R,2.2087348,0.1
392,6,3BDY,H:G97A,0.52517486,-0.1
400,6,3BDY,H:W95A,3.7122462,2.0
412,6,3BDY,L:R27dA,0.3414104,-0.2
417,6,3BDY,L:T94A,-0.03792376,0.0
446,6,3BE1,L:R27dA,-0.19410074,-0.2
449,6,3BE1,L:S52A,0.08828892,0.3
471,6,3BN9,A:Q174A,0.91618323,-0.03
478,6,3BN9,A:R87A,-0.048564196,-0.16
484,6,3BN9,H:Q100aV,0.85759926,1.36
498,6,3HFM,L:N31A,3.121603,5.22
509,6,3HFM,Y:K97A,2.984153,6.18
546,6,3NPS,A:Q168A,0.38125372,-0.06
558,6,HM_1KTZ,B:D118A,0.44532487,0.8
561,6,HM_1KTZ,B:E119A,0.8809172,1.5
570,6,HM_1KTZ,B:I53A,1.5906807,1.4
596,6,HM_2NYY,A:D1062A,0.70147586,-0.14
603,6,HM_2NYY,A:L919A,0.792717,0.41
604,6,HM_2NYY,A:N918A,0.6912861,0.3
606,6,HM_2NYY,A:P1063A,2.923361,0.24
630,6,HM_2NZ9,A:N957A,0.107910044,0.01
631,6,HM_2NZ9,A:P1063A,1.3567067,0.24
639,6,HM_3BN9,H:S30G,1.1954019,0.71
