index,fold,pdbid,mutation,predicted_value,true_value
1,5,1AK4,D:A488V,1.2702812,0.6
18,5,1BJ1,W:E93A,1.4684672,0.82
21,5,1BJ1,W:H86A,-0.13846284,0.0
28,5,1BJ1,W:M81A,1.2751131,3.69
31,5,1BJ1,W:Q87A,0.18543255,0.0
46,5,1CZ8,W:K84A,1.142737,1.36
55,5,1DQJ,C:K96A,3.4257984,6.1
71,5,1DQJ,L:N32A,2.7269216,4.1
72,5,1DQJ,L:S91A,2.3155286,1.4
82,5,1DVF,B:D100A,0.5326575,2.82
90,5,1DVF,B:Y101F,2.444537,2.03
131,5,1KTZ,B:M112A,0.5252355,0.8
162,5,1MHP,H:K64Q,0.45746577,-0.16
173,5,1MHP,H:T50E,2.857108,8.0
182,5,1MHP,L:H31K,0.94018483,1.17
192,5,1MHP,L:N30Y,0.29005677,1.91
199,5,1MHP,L:S24R,0.8034828,-0.07
200,5,1MHP,L:S28Q,0.64804244,-0.67
208,5,1MLC,H:S57A,0.46403074,-0.38
218,5,1N8Z,H:D31A,0.06508681,0.25
227,5,1N8Z,H:W95A,1.8800256,8.0
242,5,1N8Z,L:R66G,0.770347,0.22
266,5,1VFB,H:D58E,0.6098704,0.08
269,5,1VFB,H:G31E,1.0446339,-0.51
272,5,1VFB,H:R99Y,0.7830812,1.26
273,5,1VFB,H:S28D,0.5570143,0.0
285,5,1VFB,L:T52F,0.46988976,0.47
288,5,1VFB,L:Y32A,3.0245187,1.7
301,5,2JEL,P:E5Q,0.52222764,0.72
319,5,2JEL,P:K72R,1.3856132,0.0
322,5,2JEL,P:N38T,0.19862601,0.0
336,5,2JEL,P:T62A,0.39558133,0.0
337,5,2JEL,P:T62N,0.46507406,0.0
367,5,2NYY,L:S28Q,0.20303956,0.42
368,5,2NYY,L:S31N,0.7745262,-0.36
370,5,2NZ9,A:D1062A,0.18399036,2.34
383,5,2NZ9,A:R1061A,0.1547587,0.29
390,5,3BDY,H:F100A,1.9569961,0.7
401,5,3BDY,H:Y100aA,1.8791838,0.5
414,5,3BDY,L:S30A,0.37315223,1.3
419,5,3BDY,L:Y32A,2.5361977,1.7
426,5,3BE1,H:G97A,-0.20530227,0.3
430,5,3BE1,H:R50A,0.7612294,2.4
431,5,3BE1,H:R58A,0.35185897,2.5
433,5,3BE1,H:T53A,-0.15433915,0.1
441,5,3BE1,L:G51A,0.09682129,-0.3
450,5,3BE1,L:T93A,-0.15703064,-0.4
461,5,3BN9,A:F60eA,0.1769247,-0.05
464,5,3BN9,A:H143A,0.92562336,0.09
469,5,3BN9,A:N95A,0.76288337,0.77
470,5,3BN9,A:Q145A,0.814065,0.13
474,5,3BN9,A:Q38A,0.49871176,-0.42
481,5,3BN9,A:Y146A,2.5518665,1.09
521,5,3NGB,H:G54S,-0.2386994,0.73
527,5,3NGB,H:T33Y,-1.0922905,0.08
535,5,3NPS,A:E163A,-0.03621848,0.62
545,5,3NPS,A:Q140A,0.3247016,0.3
559,5,HM_1KTZ,B:D32A,0.891827,1.5
573,5,HM_1KTZ,B:N47A,0.501364,0.3
575,5,HM_1KTZ,B:S52A,1.4171244,0.2
581,5,HM_1YY9,H:G33D,-0.28703785,-0.89
617,5,HM_2NYY,L:D30Y,-0.37626135,0.6
620,5,HM_2NYY,L:S31N,0.16877723,1.2
622,5,HM_2NZ9,A:D902A,0.11322807,-0.49
635,5,HM_2NZ9,A:S954A,-0.25791806,-0.66
