index,fold,pdbid,mutation,predicted_value,true_value
7,3,1AK4,D:H487Q,0.39503485,0.8
20,3,1BJ1,W:G92A,2.0932937,3.69
22,3,1BJ1,W:H90A,2.0353549,0.0
23,3,1BJ1,W:I80A,1.3706685,0.82
30,3,1BJ1,W:Q79A,1.1617957,0.0
34,3,1BJ1,W:Y45A,1.4934394,0.82
35,3,1CZ8,V:F17A,0.57366,0.0
36,3,1CZ8,V:Y21A,0.091369644,0.0
50,3,1CZ8,W:Q87A,1.1224931,0.0
65,3,1DQJ,H:D32A,1.4262252,2.0
67,3,1DQJ,H:Y33A,3.5625336,5.5
85,3,1DVF,B:E98A,4.0821476,4.23
105,3,1FFW,A:F111V,0.42291945,1.26
120,3,1KTZ,B:E119A,1.8816632,1.4
136,3,1KTZ,B:T51A,1.0349177,1.3
153,3,1MHP,H:G54I,6.4809494,1.36
184,3,1MHP,L:H31W,1.957896,1.26
193,3,1MHP,L:N52D,0.95862263,0.5
206,3,1MHP,L:W90Q,3.3349276,2.08
209,3,1MLC,H:S57V,1.8588338,-0.49
223,3,1N8Z,H:N54A,0.80150396,-0.15
229,3,1N8Z,H:Y100aF,1.5885133,-0.05
236,3,1N8Z,L:F53N,1.0224122,1.21
237,3,1N8Z,L:H91A,2.419929,8.0
248,3,1N8Z,L:T94S,1.4756547,0.31
254,3,1VFB,C:I124A,2.088182,1.2
255,3,1VFB,C:K116A,1.2668507,0.7
282,3,1VFB,L:L46D,2.5140302,8.0
300,3,2JEL,P:E5D,0.39922595,0.41
306,3,2JEL,P:E75R,0.8193748,2.75
338,3,2JEL,P:T7N,0.054603457,0.41
341,3,2NYY,A:D1058A,0.7316037,0.01
346,3,2NYY,A:H1064A,4.559648,7.32
353,3,2NYY,A:N954A,1.3718431,0.1
373,3,2NZ9,A:F953A,1.4803274,3.34
376,3,2NZ9,A:K1056A,0.36345333,-0.01
385,3,2NZ9,A:S902A,-0.3336588,-0.12
395,3,3BDY,H:N54A,-0.02917318,-0.2
425,3,3BE1,H:G96A,0.82253915,0.1
436,3,3BE1,H:Y33A,0.50508046,2.4
439,3,3BE1,L:D27aA,-0.40402567,0.0
452,3,3BE1,L:W50A,0.80500853,1.4
455,3,3BE1,L:Y92A,0.73699117,0.5
462,3,3BN9,A:F94A,1.3944161,0.64
475,3,3BN9,A:R222A,0.61136943,-0.09
486,3,3BN9,H:S30N,0.3888471,1.36
492,3,3HFM,H:C95F,3.6082785,3.25
503,3,3HFM,L:Y50A,2.9874594,4.57
507,3,3HFM,L:Y96F,2.9419537,1.4
513,3,3K2M,D:E52A,1.9500041,2.5
537,3,3NPS,A:F89A,1.2855221,1.61
542,3,3NPS,A:K221A,0.8187998,-0.1
544,3,3NPS,A:N90A,0.7004667,0.26
547,3,3NPS,A:Q169A,1.0803729,0.75
551,3,3NPS,A:R48A,2.2425861,-1.07
578,3,HM_1KTZ,B:V62A,1.1051526,0.7
579,3,HM_1KTZ,B:V77A,1.458048,0.4
587,3,HM_1YY9,H:V50L,0.032043144,-0.6
593,3,HM_1YY9,L:T97C,-0.08970615,-0.51
599,3,HM_2NYY,A:F953A,1.9509754,1.53
615,3,HM_2NYY,H:Y31Q,0.84819984,1.33
628,3,HM_2NZ9,A:L919A,1.510282,0.41
632,3,HM_2NZ9,A:R1061A,1.069853,0.58
633,3,HM_2NZ9,A:R1064A,5.5482483,4.44
637,3,HM_3BN9,H:P100H,1.2969836,1.36
