fold,mae,rmse,r2,pearson,spearman,samples,valid_samples
1,1.0944587108251211,1.8033033050416611,-0.3435747140205514,0.1192549984530263,0.296599461653338,111,111
