index,fold,pdbid,mutation,predicted_value,true_value
3,4,1AK4,D:A492V,0.52733034,0.19
12,4,1AK4,D:P490A,0.9559496,2.0
24,4,1BJ1,W:I83A,1.2275943,3.69
42,4,1CZ8,W:I80A,1.5655355,0.95
53,4,1CZ8,W:Y45A,1.0641388,1.94
54,4,1DQJ,C:D101A,1.8683364,1.3
58,4,1DQJ,C:N93A,1.2512399,0.6
76,4,1DVF,A:S93A,1.3537117,1.17
79,4,1DVF,A:Y49A,1.1561762,1.64
88,4,1DVF,B:T30A,1.0150082,0.92
92,4,1DVF,C:Y49A,1.4948208,1.88
95,4,1DVF,D:I101A,1.1477402,2.71
97,4,1DVF,D:N55A,0.6230881,1.88
114,4,1JTG,A:S130A,1.5583196,0.5
140,4,1MHP,H:F99Y,2.2052994,0.76
145,4,1MHP,H:G100S,2.9416046,0.56
151,4,1MHP,H:G53S,2.5382998,0.68
156,4,1MHP,H:G54T,2.3472052,1.17
158,4,1MHP,H:H56Y,2.3016148,8.0
170,4,1MHP,H:T33N,2.848614,2.73
175,4,1MHP,H:T50V,2.366965,-0.26
179,4,1MHP,H:Y59E,1.3814237,0.54
203,4,1MHP,L:S91R,1.6330466,2.73
205,4,1MHP,L:S91W,1.613709,8.0
213,4,1MLC,H:T31W,0.92106056,0.13
245,4,1N8Z,L:T31A,1.0215789,0.8
252,4,1VFB,C:D119A,1.389125,1.0
263,4,1VFB,C:Y23A,1.1216259,0.4
291,4,1VFB,L:Y50K,1.5701821,1.67
297,4,1YY9,L:T31E,0.8108834,-0.52
298,4,2JEL,P:A82S,0.5490624,0.0
302,4,2JEL,P:E66K,0.91213346,4.13
305,4,2JEL,P:E70K,1.2178,4.13
315,4,2JEL,P:H76D,0.6585136,-0.66
328,4,2JEL,P:R17G,0.5312939,0.0
335,4,2JEL,P:T36Q,0.88029456,0.41
339,4,2JEL,P:T7S,0.6403555,0.0
344,4,2NYY,A:F917A,1.2840343,0.42
351,4,2NYY,A:L919A,1.2938534,2.59
352,4,2NYY,A:N918A,1.2761111,0.89
357,4,2NYY,A:S902A,0.6507292,-0.23
369,4,2NZ9,A:D1058A,0.8237287,-0.03
381,4,2NZ9,A:N954A,1.0328306,-0.15
406,4,3BDY,L:G31A,1.404707,1.2
408,4,3BDY,L:H91A,1.7943878,2.0
423,4,3BE1,H:D98A,0.64948434,-0.1
427,4,3BE1,H:G99A,0.9093317,1.8
429,4,3BE1,H:N54A,0.33389762,-0.8
443,4,3BE1,L:I27bA,0.3689405,-0.2
454,4,3BE1,L:Y53A,0.84851694,0.9
497,4,3HFM,H:Y50A,2.073645,8.0
510,4,3HFM,Y:K97M,1.9089209,1.09
511,4,3HFM,Y:R21A,2.5176263,1.03
516,4,3K2M,D:W80A,1.5053086,4.0
536,4,3NPS,A:F50A,0.78903365,0.22
541,4,3NPS,A:I45A,1.3034796,-0.34
550,4,3NPS,A:R219A,0.80184746,-0.08
568,4,HM_1KTZ,B:I125A,0.8131755,0.5
584,4,HM_1YY9,H:T100Y,1.1110731,-0.45
598,4,HM_2NYY,A:E920A,1.0826752,0.5
605,4,HM_2NYY,A:N957A,1.0200222,0.01
607,4,HM_2NYY,A:R1061A,1.2319144,0.58
625,4,HM_2NZ9,A:I917A,0.97116673,0.95
627,4,HM_2NZ9,A:K955A,0.52284616,-0.5
