index,fold,pdbid,mutation,predicted_value,true_value
7,3,1AK4,D:H487Q,0.8403984,0.8
20,3,1BJ1,W:G92A,2.1853354,3.69
22,3,1BJ1,W:H90A,1.3832606,0.0
23,3,1BJ1,W:I80A,0.6519594,0.82
30,3,1BJ1,W:Q79A,1.6252991,0.0
34,3,1BJ1,W:Y45A,1.2286909,0.82
35,3,1CZ8,V:F17A,1.0911773,0.0
36,3,1CZ8,V:Y21A,-0.29305553,0.0
50,3,1CZ8,W:Q87A,0.7200408,0.0
65,3,1DQJ,H:D32A,0.90772444,2.0
67,3,1DQJ,H:Y33A,3.5850086,5.5
85,3,1DVF,B:E98A,4.8570514,4.23
105,3,1FFW,A:F111V,1.1443063,1.26
120,3,1KTZ,B:E119A,1.6332238,1.4
136,3,1KTZ,B:T51A,1.0828118,1.3
153,3,1MHP,H:G54I,3.7495217,1.36
184,3,1MHP,L:H31W,1.5669831,1.26
193,3,1MHP,L:N52D,0.6343028,0.5
206,3,1MHP,L:W90Q,3.5631943,2.08
209,3,1MLC,H:S57V,0.90039605,-0.49
223,3,1N8Z,H:N54A,0.6736657,-0.15
229,3,1N8Z,H:Y100aF,1.2751322,-0.05
236,3,1N8Z,L:F53N,0.9096189,1.21
237,3,1N8Z,L:H91A,2.050788,8.0
248,3,1N8Z,L:T94S,1.4079738,0.31
254,3,1VFB,C:I124A,0.863292,1.2
255,3,1VFB,C:K116A,0.43159223,0.7
282,3,1VFB,L:L46D,1.8679329,8.0
300,3,2JEL,P:E5D,0.88977474,0.41
306,3,2JEL,P:E75R,0.33801752,2.75
338,3,2JEL,P:T7N,0.29485163,0.41
341,3,2NYY,A:D1058A,1.0423163,0.01
346,3,2NYY,A:H1064A,4.382703,7.32
353,3,2NYY,A:N954A,0.69029844,0.1
373,3,2NZ9,A:F953A,1.9786378,3.34
376,3,2NZ9,A:K1056A,0.3178581,-0.01
385,3,2NZ9,A:S902A,-0.62737453,-0.12
395,3,3BDY,H:N54A,-0.30911338,-0.2
425,3,3BE1,H:G96A,1.6212399,0.1
436,3,3BE1,H:Y33A,0.7443526,2.4
439,3,3BE1,L:D27aA,-0.35563248,0.0
452,3,3BE1,L:W50A,0.29574955,1.4
455,3,3BE1,L:Y92A,0.90158606,0.5
462,3,3BN9,A:F94A,1.5206543,0.64
475,3,3BN9,A:R222A,0.26119363,-0.09
486,3,3BN9,H:S30N,0.6713203,1.36
492,3,3HFM,H:C95F,1.4120525,3.25
503,3,3HFM,L:Y50A,2.5068378,4.57
507,3,3HFM,L:Y96F,2.4262993,1.4
513,3,3K2M,D:E52A,1.3370509,2.5
537,3,3NPS,A:F89A,0.8901504,1.61
542,3,3NPS,A:K221A,0.7424123,-0.1
544,3,3NPS,A:N90A,0.48272997,0.26
547,3,3NPS,A:Q169A,0.5826919,0.75
551,3,3NPS,A:R48A,1.3340807,-1.07
578,3,HM_1KTZ,B:V62A,1.2145362,0.7
579,3,HM_1KTZ,B:V77A,1.3928324,0.4
587,3,HM_1YY9,H:V50L,0.7359506,-0.6
593,3,HM_1YY9,L:T97C,-0.18903917,-0.51
599,3,HM_2NYY,A:F953A,1.7818207,1.53
615,3,HM_2NYY,H:Y31Q,0.16875213,1.33
628,3,HM_2NZ9,A:L919A,0.9511244,0.41
632,3,HM_2NZ9,A:R1061A,0.7191121,0.58
633,3,HM_2NZ9,A:R1064A,4.9153953,4.44
637,3,HM_3BN9,H:P100H,1.3721492,1.36
