index,fold,pdbid,mutation,predicted_value,true_value
1,5,1AK4,D:A488V,1.2639871,0.6
18,5,1BJ1,W:E93A,1.92761,0.82
21,5,1BJ1,W:H86A,-0.098334014,0.0
28,5,1BJ1,W:M81A,2.0819933,3.69
31,5,1BJ1,W:Q87A,1.2874568,0.0
46,5,1CZ8,W:K84A,0.6471399,1.36
55,5,1DQJ,C:K96A,1.6502804,6.1
71,5,1DQJ,L:N32A,2.1743438,4.1
72,5,1DQJ,L:S91A,2.167073,1.4
82,5,1DVF,B:D100A,1.6984715,2.82
90,5,1DVF,B:Y101F,2.9836402,2.03
131,5,1KTZ,B:M112A,0.96782935,0.8
162,5,1MHP,H:K64Q,0.36309886,-0.16
173,5,1MHP,H:T50E,5.428359,8.0
182,5,1MHP,L:H31K,0.6873753,1.17
192,5,1MHP,L:N30Y,1.065935,1.91
199,5,1MHP,L:S24R,-0.011949778,-0.07
200,5,1MHP,L:S28Q,0.030661464,-0.67
208,5,1MLC,H:S57A,0.4895187,-0.38
218,5,1N8Z,H:D31A,0.3969561,0.25
227,5,1N8Z,H:W95A,3.3948882,8.0
242,5,1N8Z,L:R66G,0.5855814,0.22
266,5,1VFB,H:D58E,0.9319152,0.08
269,5,1VFB,H:G31E,1.0464737,-0.51
272,5,1VFB,H:R99Y,1.3547013,1.26
273,5,1VFB,H:S28D,0.93594915,0.0
285,5,1VFB,L:T52F,0.8092231,0.47
288,5,1VFB,L:Y32A,4.029663,1.7
301,5,2JEL,P:E5Q,0.3426961,0.72
319,5,2JEL,P:K72R,0.9767432,0.0
322,5,2JEL,P:N38T,0.50359,0.0
336,5,2JEL,P:T62A,0.08568424,0.0
337,5,2JEL,P:T62N,0.07422888,0.0
367,5,2NYY,L:S28Q,0.28555226,0.42
368,5,2NYY,L:S31N,1.9030888,-0.36
370,5,2NZ9,A:D1062A,0.4253316,2.34
383,5,2NZ9,A:R1061A,0.16530737,0.29
390,5,3BDY,H:F100A,2.4790182,0.7
401,5,3BDY,H:Y100aA,2.5649018,0.5
414,5,3BDY,L:S30A,1.2982537,1.3
419,5,3BDY,L:Y32A,1.4705974,1.7
426,5,3BE1,H:G97A,0.100480855,0.3
430,5,3BE1,H:R50A,2.1117363,2.4
431,5,3BE1,H:R58A,-0.2313087,2.5
433,5,3BE1,H:T53A,-0.054920137,0.1
441,5,3BE1,L:G51A,-0.10537028,-0.3
450,5,3BE1,L:T93A,-0.10202271,-0.4
461,5,3BN9,A:F60eA,0.6484567,-0.05
464,5,3BN9,A:H143A,1.1619176,0.09
469,5,3BN9,A:N95A,5.299876,0.77
470,5,3BN9,A:Q145A,0.2349304,0.13
474,5,3BN9,A:Q38A,0.14931786,-0.42
481,5,3BN9,A:Y146A,1.4408153,1.09
521,5,3NGB,H:G54S,0.2817137,0.73
527,5,3NGB,H:T33Y,-0.20384353,0.08
535,5,3NPS,A:E163A,0.13788205,0.62
545,5,3NPS,A:Q140A,1.7459922,0.3
559,5,HM_1KTZ,B:D32A,1.2733927,1.5
573,5,HM_1KTZ,B:N47A,0.96555436,0.3
575,5,HM_1KTZ,B:S52A,2.202407,0.2
581,5,HM_1YY9,H:G33D,-0.38260394,-0.89
617,5,HM_2NYY,L:D30Y,0.600744,0.6
620,5,HM_2NYY,L:S31N,1.1939337,1.2
622,5,HM_2NZ9,A:D902A,0.153029,-0.49
635,5,HM_2NZ9,A:S954A,0.304811,-0.66
