index,fold,pdbid,mutation,predicted_value,true_value
2,8,1AK4,D:A492G,0.35854906,0.41
16,8,1BJ1,V:F17A,1.4073037,0.0
17,8,1BJ1,V:Y21A,0.63015944,0.0
37,8,1CZ8,W:E93A,1.0519476,1.15
59,8,1DQJ,C:R21A,1.7247036,1.3
60,8,1DQJ,C:S100A,2.2758849,0.8
81,8,1DVF,A:Y50A,0.99033034,0.69
107,8,1FFW,A:T87I,0.5114229,-0.32
111,8,1JRH,I:T14V,0.6177856,-0.02
125,8,1KTZ,B:F30A,1.4920253,2.9
126,8,1KTZ,B:H79A,0.39744967,0.4
129,8,1KTZ,B:I53A,1.0590587,1.2
132,8,1KTZ,B:N47A,0.26775646,0.3
148,8,1MHP,H:G53A,2.298964,0.51
157,8,1MHP,H:G54Y,1.7713013,0.0
163,8,1MHP,H:L60D,0.60652745,-0.12
168,8,1MHP,H:S52M,2.9231637,2.08
181,8,1MHP,L:G92S,2.3471181,0.51
190,8,1MHP,L:N30V,1.4854062,1.05
194,8,1MHP,L:N52E,0.70045906,-0.18
240,8,1N8Z,L:N30A,0.5841682,1.12
283,8,1VFB,L:L46E,1.242373,8.0
286,8,1VFB,L:T53R,1.0158182,1.67
293,8,1YY9,H:N56A,0.58933693,-0.06
295,8,1YY9,L:N93A,0.87607193,-0.74
296,8,1YY9,L:S26D,0.10144794,-0.2
299,8,2JEL,P:D69E,0.517998,0.96
303,8,2JEL,P:E68A,0.3496886,0.41
309,8,2JEL,P:E85D,0.040174723,0.0
313,8,2JEL,P:F2Y,1.736958,0.0
327,8,2JEL,P:Q71E,1.2046375,2.75
332,8,2JEL,P:S46C,0.003385961,0.0
343,8,2NYY,A:E920A,0.7049289,2.84
356,8,2NYY,A:R1294A,1.0184908,0.3
378,8,2NZ9,A:K923A,0.03619671,-0.3
386,8,2NZ9,A:S955A,-0.093903184,-0.08
389,8,3BDY,H:D98A,0.48986334,0.0
398,8,3BDY,H:T32A,0.051270843,-0.4
399,8,3BDY,H:T53A,-0.25429428,-0.5
404,8,3BDY,H:Y56A,0.6430759,0.2
411,8,3BDY,L:P27cA,0.317105,0.2
428,8,3BE1,H:K30A,-0.21464819,-0.3
451,8,3BE1,L:T94A,0.7116034,1.4
457,8,3BN9,A:D60aA,0.17548984,0.42
466,8,3BN9,A:I60A,0.37366766,0.84
472,8,3BN9,A:Q175A,0.47716802,2.51
476,8,3BN9,A:R60cA,0.03155762,-0.05
477,8,3BN9,A:R60fA,0.019308925,-0.07
480,8,3BN9,A:T98A,0.9614775,1.13
482,8,3BN9,A:Y60gA,0.14037853,0.02
489,8,3BN9,H:T98R,0.34057206,-0.06
491,8,3HFM,H:C95A,1.669277,5.52
531,8,3NPS,A:D214A,0.9831878,1.48
549,8,3NPS,A:Q23A,0.31724477,0.03
555,8,3NPS,A:T93A,0.31301773,0.73
557,8,3NPS,A:Y52A,0.5277838,0.46
571,8,HM_1KTZ,B:L27A,1.1775973,1.8
576,8,HM_1KTZ,B:S52L,0.9530417,4.0
583,8,HM_1YY9,H:R97D,1.1156611,-0.99
589,8,HM_1YY9,H:Y32R,0.4524569,-0.13
613,8,HM_2NYY,H:M34Q,1.1861092,-0.01
618,8,HM_2NYY,L:H34R,1.6078763,0.63
626,8,HM_2NZ9,A:K915A,0.4039858,-0.31
642,8,HM_3BN9,H:T98Q,0.3741243,-0.16
