index,fold,pdbid,mutation,predicted_value,true_value
8,1,1AK4,D:H487R,0.17424333,1.48
10,1,1AK4,D:I491V,0.42619812,-0.17
19,1,1BJ1,W:G88A,1.7731211,2.76
26,1,1BJ1,W:K48A,0.6438904,0.41
27,1,1BJ1,W:K84A,0.99528015,0.65
33,1,1BJ1,W:R82A,1.3306621,3.69
45,1,1CZ8,W:K48A,1.1275889,0.0
61,1,1DQJ,C:T89A,0.36151922,0.8
74,1,1DQJ,L:Y96A,2.209244,1.1
84,1,1DVF,B:D58A,1.5080619,1.62
99,1,1DVF,D:R106A,1.4783696,4.13
101,1,1FFW,A:A90V,0.28896075,0.09
104,1,1FFW,A:E93K,-0.10718405,0.82
110,1,1JRH,I:E45Q,0.23754889,0.11
117,1,1KTZ,B:D118A,0.73446125,0.9
122,1,1KTZ,B:E55A,0.8786156,1.3
147,1,1MHP,H:G102S,4.6790247,8.0
150,1,1MHP,H:G53Q,5.318655,8.0
160,1,1MHP,H:K64E,0.36774552,-0.16
172,1,1MHP,H:T33V,5.331446,0.43
189,1,1MHP,L:N30K,4.0820336,8.0
211,1,1MLC,H:T31A,-0.07659072,0.45
214,1,1MLC,H:T58D,-0.49363995,-0.56
226,1,1N8Z,H:T53A,-0.0041894913,0.78
233,1,1N8Z,H:Y52A,0.40034533,0.23
235,1,1N8Z,L:D28N,-0.019578636,-0.28
244,1,1N8Z,L:S52A,0.3097671,-0.31
250,1,1N8Z,L:Y92A,0.33040538,1.36
257,1,1VFB,C:N19A,0.64417565,0.3
264,1,1VFB,H:D100A,1.2114196,2.9
290,1,1VFB,L:Y50A,2.581847,0.5
318,1,2JEL,P:K72E,1.6450174,0.41
325,1,2JEL,P:Q4K,2.7140908,1.38
354,1,2NYY,A:Q915A,0.22075689,0.52
355,1,2NYY,A:R1061A,-0.21321315,0.82
360,1,2NYY,H:K30R,0.15009099,0.07
364,1,2NYY,H:Y57Q,0.4489385,0.52
372,1,2NZ9,A:F917A,0.9676906,-0.05
384,1,2NZ9,A:R1294A,1.1147826,0.39
388,1,3BDY,H:D31A,-0.002525866,0.2
397,1,3BDY,H:R58A,-0.30696154,-0.2
403,1,3BDY,H:Y52A,0.4309095,0.4
410,1,3BDY,L:I29A,0.080970645,0.8
424,1,3BE1,H:F100A,1.5257568,1.9
438,1,3BE1,H:Y56A,0.6600934,1.8
448,1,3BE1,L:S30A,-0.3906467,-0.2
458,1,3BN9,A:D60bA,0.8788841,0.31
485,1,3BN9,H:S30G,0.6243207,1.36
495,1,3HFM,H:S31A,1.6877925,0.17
502,1,3HFM,L:Q53A,1.9876375,0.95
512,1,3HFM,Y:Y20A,2.4344845,4.87
517,1,3K2M,D:Y35A,2.477572,1.0
522,1,3NGB,H:I30T,0.09000987,0.08
525,1,3NGB,H:R53N,0.6886862,0.05
533,1,3NPS,A:D47A,0.3980612,1.08
534,1,3NPS,A:D91A,1.2673168,1.52
560,1,HM_1KTZ,B:D32N,0.51315486,2.0
574,1,HM_1KTZ,B:S49A,0.8846047,0.3
592,1,HM_1YY9,L:Q27Y,0.23804861,-0.83
600,1,HM_2NYY,A:I917A,0.09151173,0.95
609,1,HM_2NYY,A:R903A,-0.13149416,-0.02
611,1,HM_2NYY,A:T923A,-0.21376657,0.62
619,1,HM_2NYY,L:S28Q,-0.05065006,0.7
621,1,HM_2NZ9,A:D1062A,0.53641117,-0.14
624,1,HM_2NZ9,A:F953A,1.5993848,1.53
