index,fold,pdbid,mutation,predicted_value,true_value
14,10,1AK4,D:P493A,0.41361925,0.51
48,10,1CZ8,W:M94A,1.2111043,1.91
70,10,1DQJ,L:N31A,2.2282758,2.0
86,10,1DVF,B:N56A,1.5431101,1.17
96,10,1DVF,D:K30A,1.0633438,1.01
102,10,1FFW,A:D13K,0.090344846,0.05
116,10,1JTG,B:D49A,1.1074998,1.98
118,10,1KTZ,B:D32A,0.47337604,1.4
123,10,1KTZ,B:E75A,0.77443135,1.0
137,10,1KTZ,B:V62A,0.7127676,0.7
138,10,1KTZ,B:V77A,0.8136985,0.5
142,10,1MHP,H:G100I,1.9285135,8.0
143,10,1MHP,H:G100L,1.6425846,2.73
152,10,1MHP,H:G53W,4.11067,8.0
159,10,1MHP,H:K64D,0.36129552,-0.12
161,10,1MHP,H:K64N,0.38122016,-0.07
180,10,1MHP,L:G92Q,1.3033662,1.58
196,10,1MHP,L:N52R,0.61207443,0.85
210,10,1MLC,H:T28D,0.62418133,-0.15
212,10,1MLC,H:T31V,0.15808451,0.53
230,10,1N8Z,H:Y100aF,1.6409844,0.82
243,10,1N8Z,L:S50A,2.27516,-0.07
249,10,1N8Z,L:Y49A,2.2871795,1.05
253,10,1VFB,C:D18A,1.1323025,0.3
265,10,1VFB,H:D54A,0.99654245,1.0
268,10,1VFB,H:G31A,1.0760131,0.3
270,10,1VFB,H:G31W,1.0018235,0.01
271,10,1VFB,H:R99W,1.07649,0.71
277,10,1VFB,H:W52A,1.9407717,0.9
278,10,1VFB,H:Y101A,2.3796022,4.0
279,10,1VFB,H:Y101F,1.2315712,1.6
310,10,2JEL,P:E85K,0.028343976,0.0
314,10,2JEL,P:H76A,-0.12391722,-0.41
316,10,2JEL,P:K24E,-0.12851763,0.0
323,10,2JEL,P:P11E,0.23587346,0.0
340,10,2JEL,P:V6F,0.2942806,0.0
347,10,2NYY,A:I956A,0.49152488,-0.01
362,10,2NYY,H:Y31D,0.47388896,0.07
363,10,2NYY,H:Y31Q,0.47636786,0.13
374,10,2NZ9,A:H1064A,4.678068,7.42
387,10,2NZ9,A:T1063A,1.1590132,2.37
396,10,3BDY,H:R50A,1.3387904,-0.3
413,10,3BDY,L:S28A,0.2655486,1.0
418,10,3BDY,L:W50A,2.5941904,1.3
420,10,3BDY,L:Y53A,0.8037789,0.7
421,10,3BDY,L:Y92A,0.5545184,1.4
445,10,3BE1,L:P27cA,0.044934213,0.1
447,10,3BE1,L:S28A,0.13897169,0.3
456,10,3BN9,A:D217A,0.5979049,0.57
467,10,3BN9,A:K224A,0.28391117,0.79
483,10,3BN9,H:P100H,0.2886181,8.0
505,10,3HFM,L:Y50L,4.755731,4.4
526,10,3NGB,H:R61Q,-0.028882056,0.1
539,10,3NPS,A:H138A,0.45792478,1.89
540,10,3NPS,A:I26A,0.3545241,0.65
554,10,3NPS,A:T144A,0.19677985,0.18
567,10,HM_1KTZ,B:H79A,0.6532453,0.3
569,10,HM_1KTZ,B:I50A,1.0813661,1.9
577,10,HM_1KTZ,B:T51A,0.7645732,1.5
580,10,HM_1YY9,H:A98W,0.21597591,-0.23
586,10,HM_1YY9,H:T57P,0.012453556,-0.48
601,10,HM_2NYY,A:K915A,0.35542995,-0.31
614,10,HM_2NYY,H:Y31D,0.49259675,0.97
644,10,HM_3BN9,H:Y99S,1.3556983,0.54
