index,fold,pdbid,mutation,predicted_value,true_value
5,6,1AK4,D:G489V,1.2426999,2.86
9,6,1AK4,D:I491A,0.863634,0.07
43,6,1CZ8,W:I83A,2.1630747,1.3
44,6,1CZ8,W:I91A,1.8937585,1.06
47,6,1CZ8,W:M81A,1.8699684,4.1
49,6,1CZ8,W:Q79A,1.332926,0.65
51,6,1CZ8,W:Q89A,1.3952978,1.06
52,6,1CZ8,W:R82A,1.3733251,0.82
62,6,1DQJ,C:W62A,0.75025356,0.8
68,6,1DQJ,H:Y50A,5.1381903,6.9
89,6,1DVF,B:W52A,3.132917,4.17
106,6,1FFW,A:T112I,0.08713877,0.56
113,6,1JTG,A:R243A,2.2340245,0.56
115,6,1JTG,A:S235A,1.2230015,1.32
119,6,1KTZ,B:D32N,-0.16464019,1.7
133,6,1KTZ,B:S49A,0.8327416,0.5
171,6,1MHP,H:T33Q,4.0140777,8.0
176,6,1MHP,H:Y58E,2.9754038,2.08
178,6,1MHP,H:Y58W,6.222677,0.82
186,6,1MHP,L:L49K,1.278219,0.93
191,6,1MHP,L:N30W,1.4666693,1.58
195,6,1MHP,L:N52K,0.56616414,0.66
201,6,1MHP,L:S91K,4.2359414,8.0
202,6,1MHP,L:S91Q,3.888682,1.78
207,6,1MLC,H:K65D,-0.05843979,0.02
216,6,1MLC,L:N32Y,-0.77530056,0.0
225,6,1N8Z,H:T32A,0.41502383,0.38
241,6,1N8Z,L:N30S,-0.07065779,0.06
247,6,1N8Z,L:T94A,1.1739349,-0.12
251,6,1N8Z,L:Y92F,0.07640202,-0.21
259,6,1VFB,C:R125A,1.3158829,1.8
267,6,1VFB,H:D58N,0.536821,-0.13
276,6,1VFB,H:S28Q,0.25267994,0.08
280,6,1VFB,H:Y32A,1.9007802,1.1
284,6,1VFB,L:N31W,0.6783669,0.17
308,6,2JEL,P:E85A,0.078011334,0.0
330,6,2JEL,P:S41C,0.22734502,1.51
331,6,2JEL,P:S43C,0.34815386,0.0
333,6,2JEL,P:S64T,2.012969,4.13
349,6,2NYY,A:K903A,0.21724892,0.29
359,6,2NYY,A:T1063A,3.0702453,1.62
366,6,2NYY,L:H34R,1.7693851,0.1
392,6,3BDY,H:G97A,0.55097115,-0.1
400,6,3BDY,H:W95A,4.019566,2.0
412,6,3BDY,L:R27dA,-0.42606896,-0.2
417,6,3BDY,L:T94A,0.35091543,0.0
446,6,3BE1,L:R27dA,-0.33995885,-0.2
449,6,3BE1,L:S52A,-0.1085867,0.3
471,6,3BN9,A:Q174A,0.6435162,-0.03
478,6,3BN9,A:R87A,0.4167435,-0.16
484,6,3BN9,H:Q100aV,0.7458553,1.36
498,6,3HFM,L:N31A,3.4891758,5.22
509,6,3HFM,Y:K97A,3.0430048,6.18
546,6,3NPS,A:Q168A,-0.3044557,-0.06
558,6,HM_1KTZ,B:D118A,0.4079634,0.8
561,6,HM_1KTZ,B:E119A,1.7619653,1.5
570,6,HM_1KTZ,B:I53A,1.9224358,1.4
596,6,HM_2NYY,A:D1062A,0.7274711,-0.14
603,6,HM_2NYY,A:L919A,0.30912513,0.41
604,6,HM_2NYY,A:N918A,0.7276046,0.3
606,6,HM_2NYY,A:P1063A,2.7380137,0.24
630,6,HM_2NZ9,A:N957A,0.25230035,0.01
631,6,HM_2NZ9,A:P1063A,1.5660996,0.24
639,6,HM_3BN9,H:S30G,0.753846,0.71
