index,fold,pdbid,mutation,predicted_value,true_value
0,2,1AK4,D:A488G,0.6810161,2.49
4,2,1AK4,D:G489A,3.182667,1.91
13,2,1AK4,D:P490V,2.0008256,2.86
25,2,1BJ1,W:I91A,1.1121514,0.41
38,2,1CZ8,W:G88A,1.9509158,2.67
39,2,1CZ8,W:G92A,1.7196825,4.1
40,2,1CZ8,W:H86A,-0.0354873,0.0
41,2,1CZ8,W:H90A,1.4985695,0.0
56,2,1DQJ,C:K97A,1.0958272,3.5
64,2,1DQJ,C:Y20A,2.1826527,3.3
73,2,1DQJ,L:Y50A,3.114016,2.7
75,2,1DVF,A:H30A,1.0004599,1.67
77,2,1DVF,A:W92A,1.3362448,0.34
100,2,1DVF,D:Y102A,4.679687,4.79
108,2,1FFW,A:V108M,0.44261867,1.13
128,2,1KTZ,B:I50A,1.2952302,1.9
134,2,1KTZ,B:S52A,2.2060373,0.4
144,2,1MHP,H:G100M,2.7649143,0.1
149,2,1MHP,H:G53N,1.9840562,1.26
164,2,1MHP,H:R31Q,-0.1058934,1.31
165,2,1MHP,H:S35A,3.299194,1.58
185,2,1MHP,L:L49F,2.1295743,0.71
187,2,1MHP,L:L49W,1.2737577,1.91
188,2,1MHP,L:L49Y,8.092808,8.0
197,2,1MHP,L:N52Y,1.0335535,-0.1
217,2,1MLC,L:N92A,0.16777658,-1.25
222,2,1N8Z,H:K30A,0.16828781,0.61
224,2,1N8Z,H:R50A,2.5708878,8.0
238,2,1N8Z,L:H91F,1.882041,-0.43
239,2,1N8Z,L:H91F,1.8725252,0.03
258,2,1VFB,C:Q121A,3.0580294,2.9
287,2,1VFB,L:W92A,0.7455015,3.3
289,2,1VFB,L:Y32W,2.0432477,8.0
294,2,1YY9,H:T61E,-0.28864175,-0.06
326,2,2JEL,P:Q57E,0.18132284,-0.41
329,2,2JEL,P:R17K,0.04523903,0.0
342,2,2NYY,A:D1062A,0.7495294,2.53
348,2,2NYY,A:K1056A,0.549769,-0.03
358,2,2NYY,A:S955A,0.18755001,0.0
365,2,2NYY,L:D30Y,1.0333717,0.65
382,2,2NZ9,A:Q915A,0.17854792,0.1
391,2,3BDY,H:G96A,-0.11178968,0.2
394,2,3BDY,H:K30A,-0.13740666,0.2
405,2,3BDY,L:D27aA,-0.24396014,0.0
409,2,3BDY,L:I27bA,0.28562877,1.1
416,2,3BDY,L:T93A,0.04231924,-0.3
422,2,3BE1,H:D31A,-0.36581123,0.4
432,2,3BE1,H:T32A,-0.20832154,-0.4
434,2,3BE1,H:W95A,4.080852,1.8
442,2,3BE1,L:H91A,2.729363,0.9
499,2,3HFM,L:N31D,4.7957115,1.34
504,2,3HFM,L:Y50F,3.3413792,2.36
514,2,3K2M,D:M88A,4.497872,4.0
518,2,3K2M,D:Y36A,3.3604848,3.7
524,2,3NGB,H:P62K,0.019203335,0.23
528,2,3NGB,H:V57T,1.1754785,0.14
548,2,3NPS,A:Q218A,0.062325418,-0.04
552,2,3NPS,A:R51A,0.022998035,0.14
594,2,HM_1YY9,L:T97D,0.2762675,-0.66
595,2,HM_1YY9,L:T97S,-0.38277388,-0.7
612,2,HM_2NYY,H:K30R,0.02755335,0.51
623,2,HM_2NZ9,A:E920A,2.7407918,0.5
634,2,HM_2NZ9,A:R903A,0.16582452,-0.02
641,2,HM_3BN9,H:T28R,0.2324326,-0.24
643,2,HM_3BN9,H:T98R,-0.17469408,-1.57
