index,fold,pdbid,mutation,predicted_value,true_value
11,9,1AK4,D:P485A,0.2898193,0.92
29,9,1BJ1,W:M94A,1.657851,1.42
32,9,1BJ1,W:Q89A,0.94064313,1.75
57,9,1DQJ,C:L75A,0.6150418,1.5
69,9,1DQJ,H:Y53A,4.2508926,1.2
80,9,1DVF,A:Y49A,2.323418,1.75
83,9,1DVF,B:D54A,1.4285921,4.32
87,9,1DVF,B:R99A,1.8265109,1.89
93,9,1DVF,D:D52A,0.9401653,1.7
103,9,1FFW,A:E117K,0.4449032,0.71
109,9,1FFW,A:Y106W,1.0068884,0.71
121,9,1KTZ,B:E119Q,0.79928625,1.7
130,9,1KTZ,B:L27A,1.3977854,1.9
141,9,1MHP,H:G100F,1.7284921,0.57
166,9,1MHP,H:S35Q,3.423887,2.73
204,9,1MHP,L:S91T,4.7816443,2.32
215,9,1MLC,L:N32G,-0.644985,-0.85
220,9,1N8Z,H:D98W,1.4474522,-0.69
228,9,1N8Z,H:Y100aA,1.986166,8.0
231,9,1N8Z,H:Y102V,0.86789113,0.22
232,9,1N8Z,H:Y33A,3.388136,-0.09
246,9,1N8Z,L:T93A,0.49099946,0.82
256,9,1VFB,C:L129A,0.7987662,0.2
262,9,1VFB,C:V120A,0.5613196,0.9
275,9,1VFB,H:S28N,0.6109639,0.15
281,9,1VFB,H:Y32E,0.62025696,1.91
304,9,2JEL,P:E70A,1.9671395,2.75
324,9,2JEL,P:Q3K,2.2058487,4.13
350,9,2NYY,A:K923A,0.05806166,-0.14
371,9,2NZ9,A:E920A,0.6350607,2.77
375,9,2NZ9,A:I956A,0.4129498,0.07
402,9,3BDY,H:Y33A,0.43925247,0.3
407,9,3BDY,L:G51A,0.5663872,1.0
415,9,3BDY,L:S52A,0.20515281,0.1
437,9,3BE1,H:Y52A,0.21730927,-0.8
444,9,3BE1,L:I29A,0.21516311,0.9
453,9,3BE1,L:Y32A,1.364875,-0.8
465,9,3BN9,A:I41A,1.6565256,0.0
468,9,3BN9,A:L153A,0.010195017,0.34
487,9,3BN9,H:T28R,0.4699597,0.3
490,9,3BN9,H:Y99S,1.0175736,0.41
493,9,3HFM,H:D32A,0.421971,1.9
494,9,3HFM,H:D32N,1.1212178,0.17
496,9,3HFM,H:Y33A,4.572831,6.0
500,9,3HFM,L:N31E,2.4550583,5.67
501,9,3HFM,L:N32A,3.1228251,5.11
506,9,3HFM,L:Y96A,2.7153835,2.71
519,9,3K2M,D:Y87A,1.9699107,4.0
530,9,3NGB,H:Y74S,0.21645537,0.33
532,9,3NPS,A:D46A,0.1538305,0.34
538,9,3NPS,A:F92A,1.2471782,0.47
543,9,3NPS,A:L147A,0.11252472,0.3
553,9,3NPS,A:R82A,-0.22378969,-0.15
556,9,3NPS,A:Y141A,1.0023831,1.79
562,9,HM_1KTZ,B:E119Q,1.0573078,1.6
563,9,HM_1KTZ,B:E55A,1.737889,1.2
565,9,HM_1KTZ,B:F110A,0.68203187,0.9
582,9,HM_1YY9,H:I51G,0.6554282,-0.51
588,9,HM_1YY9,H:V50Q,0.023919493,-0.64
597,9,HM_2NYY,A:D902A,-0.115049034,-0.49
610,9,HM_2NYY,A:S954A,0.2416921,-0.66
629,9,HM_2NZ9,A:N918A,1.1041654,0.3
636,9,HM_2NZ9,A:T923A,-0.0017222762,0.62
