fold,mae,rmse,r2,pearson,spearman,samples
1,1.5782602724477206,2.316773108297855,-0.0009780626146749,0.1989277670767484,0.269885429327398,303
