index,fold,pdbid,mutation,predicted_value,true_value
14,10,1AK4,D:P493A,0.1889559,0.51
48,10,1CZ8,W:M94A,1.1759086,1.91
70,10,1DQJ,L:N31A,2.926956,2.0
86,10,1DVF,B:N56A,3.351945,1.17
96,10,1DVF,D:K30A,1.5161711,1.01
102,10,1FFW,A:D13K,0.15579477,0.05
116,10,1JTG,B:D49A,1.1402463,1.98
118,10,1KTZ,B:D32A,1.1869075,1.4
123,10,1KTZ,B:E75A,0.91067666,1.0
137,10,1KTZ,B:V62A,0.86054116,0.7
138,10,1KTZ,B:V77A,0.6803763,0.5
142,10,1MHP,H:G100I,3.1542459,8.0
143,10,1MHP,H:G100L,2.032065,2.73
152,10,1MHP,H:G53W,5.1547527,8.0
159,10,1MHP,H:K64D,0.5295373,-0.12
161,10,1MHP,H:K64N,0.6384362,-0.07
180,10,1MHP,L:G92Q,3.4986808,1.58
196,10,1MHP,L:N52R,1.5943307,0.85
210,10,1MLC,H:T28D,-0.748407,-0.15
212,10,1MLC,H:T31V,-0.29601067,0.53
230,10,1N8Z,H:Y100aF,1.0800788,0.82
243,10,1N8Z,L:S50A,0.68176615,-0.07
249,10,1N8Z,L:Y49A,0.895499,1.05
253,10,1VFB,C:D18A,-0.38284808,0.3
265,10,1VFB,H:D54A,2.0641246,1.0
268,10,1VFB,H:G31A,0.028234556,0.3
270,10,1VFB,H:G31W,-0.22004546,0.01
271,10,1VFB,H:R99W,1.1379732,0.71
277,10,1VFB,H:W52A,2.4841962,0.9
278,10,1VFB,H:Y101A,2.9962807,4.0
279,10,1VFB,H:Y101F,1.39449,1.6
310,10,2JEL,P:E85K,0.79332113,0.0
314,10,2JEL,P:H76A,0.11870938,-0.41
316,10,2JEL,P:K24E,-0.45561105,0.0
323,10,2JEL,P:P11E,-1.0981231,0.0
340,10,2JEL,P:V6F,-0.23791552,0.0
347,10,2NYY,A:I956A,0.62207186,-0.01
362,10,2NYY,H:Y31D,0.7218827,0.07
363,10,2NYY,H:Y31Q,1.0013326,0.13
374,10,2NZ9,A:H1064A,6.0371184,7.42
387,10,2NZ9,A:T1063A,2.4975543,2.37
396,10,3BDY,H:R50A,1.4522223,-0.3
413,10,3BDY,L:S28A,1.0891322,1.0
418,10,3BDY,L:W50A,0.451822,1.3
420,10,3BDY,L:Y53A,-0.19812548,0.7
421,10,3BDY,L:Y92A,0.89055264,1.4
445,10,3BE1,L:P27cA,0.70698655,0.1
447,10,3BE1,L:S28A,0.48969647,0.3
456,10,3BN9,A:D217A,0.77641714,0.57
467,10,3BN9,A:K224A,0.5244147,0.79
483,10,3BN9,H:P100H,1.0782739,8.0
505,10,3HFM,L:Y50L,3.001885,4.4
526,10,3NGB,H:R61Q,-0.28593057,0.1
539,10,3NPS,A:H138A,0.65773815,1.89
540,10,3NPS,A:I26A,0.2834642,0.65
554,10,3NPS,A:T144A,0.24148372,0.18
567,10,HM_1KTZ,B:H79A,1.0383153,0.3
569,10,HM_1KTZ,B:I50A,0.88771546,1.9
577,10,HM_1KTZ,B:T51A,0.41202128,1.5
580,10,HM_1YY9,H:A98W,-0.13524163,-0.23
586,10,HM_1YY9,H:T57P,-1.9259758,-0.48
601,10,HM_2NYY,A:K915A,0.2794934,-0.31
614,10,HM_2NYY,H:Y31D,0.7304622,0.97
644,10,HM_3BN9,H:Y99S,0.68400264,0.54
