index,fold,pdbid,mutation,predicted_value,true_value
1,5,1AK4,D:A488V,2.0228243,0.6
18,5,1BJ1,W:E93A,2.2453375,0.82
21,5,1BJ1,W:H86A,1.427535,0.0
28,5,1BJ1,W:M81A,3.29243,3.69
31,5,1BJ1,W:Q87A,1.4624871,0.0
46,5,1CZ8,W:K84A,1.7237507,1.36
55,5,1DQJ,C:K96A,3.1768723,6.1
71,5,1DQJ,L:N32A,3.3225956,4.1
72,5,1DQJ,L:S91A,3.9531536,1.4
82,5,1DVF,B:D100A,1.1063304,2.82
90,5,1DVF,B:Y101F,3.2874336,2.03
131,5,1KTZ,B:M112A,0.8200841,0.8
162,5,1MHP,H:K64Q,0.54896736,-0.16
173,5,1MHP,H:T50E,5.871633,8.0
182,5,1MHP,L:H31K,1.4729476,1.17
192,5,1MHP,L:N30Y,1.2939382,1.91
199,5,1MHP,L:S24R,1.567668,-0.07
200,5,1MHP,L:S28Q,1.9622289,-0.67
208,5,1MLC,H:S57A,0.2016167,-0.38
218,5,1N8Z,H:D31A,0.314699,0.25
227,5,1N8Z,H:W95A,3.3711057,8.0
242,5,1N8Z,L:R66G,-0.14625353,0.22
266,5,1VFB,H:D58E,0.20940578,0.08
269,5,1VFB,H:G31E,-0.51445204,-0.51
272,5,1VFB,H:R99Y,2.4071863,1.26
273,5,1VFB,H:S28D,-0.5650586,0.0
285,5,1VFB,L:T52F,1.9973996,0.47
288,5,1VFB,L:Y32A,6.0545845,1.7
301,5,2JEL,P:E5Q,1.5275824,0.72
319,5,2JEL,P:K72R,1.342425,0.0
322,5,2JEL,P:N38T,0.056346476,0.0
336,5,2JEL,P:T62A,-0.23578906,0.0
337,5,2JEL,P:T62N,0.38244635,0.0
367,5,2NYY,L:S28Q,0.15781057,0.42
368,5,2NYY,L:S31N,0.66705394,-0.36
370,5,2NZ9,A:D1062A,3.0021546,2.34
383,5,2NZ9,A:R1061A,1.4972715,0.29
390,5,3BDY,H:F100A,0.5497027,0.7
401,5,3BDY,H:Y100aA,0.7442311,0.5
414,5,3BDY,L:S30A,0.7725167,1.3
419,5,3BDY,L:Y32A,1.3449568,1.7
426,5,3BE1,H:G97A,0.32664144,0.3
430,5,3BE1,H:R50A,4.761612,2.4
431,5,3BE1,H:R58A,2.0536644,2.5
433,5,3BE1,H:T53A,0.29050183,0.1
441,5,3BE1,L:G51A,0.14491558,-0.3
450,5,3BE1,L:T93A,0.3264125,-0.4
461,5,3BN9,A:F60eA,-0.14490867,-0.05
464,5,3BN9,A:H143A,0.5187548,0.09
469,5,3BN9,A:N95A,2.182296,0.77
470,5,3BN9,A:Q145A,-0.07188779,0.13
474,5,3BN9,A:Q38A,0.8269463,-0.42
481,5,3BN9,A:Y146A,0.5504154,1.09
521,5,3NGB,H:G54S,0.6737464,0.73
527,5,3NGB,H:T33Y,1.1299284,0.08
535,5,3NPS,A:E163A,0.30815512,0.62
545,5,3NPS,A:Q140A,-0.17458266,0.3
559,5,HM_1KTZ,B:D32A,1.4104228,1.5
573,5,HM_1KTZ,B:N47A,0.40812945,0.3
575,5,HM_1KTZ,B:S52A,0.9202786,0.2
581,5,HM_1YY9,H:G33D,0.22171342,-0.89
617,5,HM_2NYY,L:D30Y,0.12708709,0.6
620,5,HM_2NYY,L:S31N,0.20535943,1.2
622,5,HM_2NZ9,A:D902A,-0.04542476,-0.49
635,5,HM_2NZ9,A:S954A,0.31643143,-0.66
