index,fold,pdbid,mutation,predicted_value,true_value
8,1,1AK4,D:H487R,1.1327927,1.48
10,1,1AK4,D:I491V,0.68323,-0.17
19,1,1BJ1,W:G88A,1.1190686,2.76
26,1,1BJ1,W:K48A,0.48405337,0.41
27,1,1BJ1,W:K84A,1.859754,0.65
33,1,1BJ1,W:R82A,2.7520726,3.69
45,1,1CZ8,W:K48A,0.43493944,0.0
61,1,1DQJ,C:T89A,0.9900111,0.8
74,1,1DQJ,L:Y96A,3.2454426,1.1
84,1,1DVF,B:D58A,1.0910224,1.62
99,1,1DVF,D:R106A,2.369987,4.13
101,1,1FFW,A:A90V,0.637408,0.09
104,1,1FFW,A:E93K,1.2065895,0.82
110,1,1JRH,I:E45Q,0.69014543,0.11
117,1,1KTZ,B:D118A,0.5510801,0.9
122,1,1KTZ,B:E55A,1.026159,1.3
147,1,1MHP,H:G102S,4.4610186,8.0
150,1,1MHP,H:G53Q,3.4693959,8.0
160,1,1MHP,H:K64E,0.0397228,-0.16
172,1,1MHP,H:T33V,2.9849648,0.43
189,1,1MHP,L:N30K,2.1669428,8.0
211,1,1MLC,H:T31A,0.060058773,0.45
214,1,1MLC,H:T58D,-0.7145072,-0.56
226,1,1N8Z,H:T53A,0.022701621,0.78
233,1,1N8Z,H:Y52A,-0.11918613,0.23
235,1,1N8Z,L:D28N,0.032022536,-0.28
244,1,1N8Z,L:S52A,-0.06895381,-0.31
250,1,1N8Z,L:Y92A,1.0826268,1.36
257,1,1VFB,C:N19A,1.6416798,0.3
264,1,1VFB,H:D100A,2.9666634,2.9
290,1,1VFB,L:Y50A,2.8555827,0.5
318,1,2JEL,P:K72E,1.0457287,0.41
325,1,2JEL,P:Q4K,0.41248232,1.38
354,1,2NYY,A:Q915A,0.25675792,0.52
355,1,2NYY,A:R1061A,0.75614905,0.82
360,1,2NYY,H:K30R,0.09265041,0.07
364,1,2NYY,H:Y57Q,0.71546084,0.52
372,1,2NZ9,A:F917A,1.6348643,-0.05
384,1,2NZ9,A:R1294A,0.8441143,0.39
388,1,3BDY,H:D31A,0.22542953,0.2
397,1,3BDY,H:R58A,-0.30063462,-0.2
403,1,3BDY,H:Y52A,0.34683096,0.4
410,1,3BDY,L:I29A,0.99615055,0.8
424,1,3BE1,H:F100A,1.3219991,1.9
438,1,3BE1,H:Y56A,0.6539686,1.8
448,1,3BE1,L:S30A,0.07587494,-0.2
458,1,3BN9,A:D60bA,-0.20198679,0.31
485,1,3BN9,H:S30G,0.27013892,1.36
495,1,3HFM,H:S31A,2.2304049,0.17
502,1,3HFM,L:Q53A,4.100503,0.95
512,1,3HFM,Y:Y20A,2.0684943,4.87
517,1,3K2M,D:Y35A,3.2552433,1.0
522,1,3NGB,H:I30T,0.3281493,0.08
525,1,3NGB,H:R53N,-0.025995106,0.05
533,1,3NPS,A:D47A,0.44180238,1.08
534,1,3NPS,A:D91A,0.6717678,1.52
560,1,HM_1KTZ,B:D32N,0.9886373,2.0
574,1,HM_1KTZ,B:S49A,0.14571929,0.3
592,1,HM_1YY9,L:Q27Y,-1.1021773,-0.83
600,1,HM_2NYY,A:I917A,1.1140302,0.95
609,1,HM_2NYY,A:R903A,0.20275116,-0.02
611,1,HM_2NYY,A:T923A,0.028522909,0.62
619,1,HM_2NYY,L:S28Q,0.21437496,0.7
621,1,HM_2NZ9,A:D1062A,0.3567437,-0.14
624,1,HM_2NZ9,A:F953A,0.19393289,1.53
