index,fold,pdbid,mutation,predicted_value,true_value
7,3,1AK4,D:H487Q,1.3529382,0.8
20,3,1BJ1,W:G92A,1.9417772,3.69
22,3,1BJ1,W:H90A,0.6700958,0.0
23,3,1BJ1,W:I80A,1.603783,0.82
30,3,1BJ1,W:Q79A,0.46257806,0.0
34,3,1BJ1,W:Y45A,0.93843555,0.82
35,3,1CZ8,V:F17A,0.36904055,0.0
36,3,1CZ8,V:Y21A,0.39051047,0.0
50,3,1CZ8,W:Q87A,0.47467443,0.0
65,3,1DQJ,H:D32A,2.1326199,2.0
67,3,1DQJ,H:Y33A,5.5549164,5.5
85,3,1DVF,B:E98A,3.0528932,4.23
105,3,1FFW,A:F111V,0.5209853,1.26
120,3,1KTZ,B:E119A,1.7493964,1.4
136,3,1KTZ,B:T51A,0.7963391,1.3
153,3,1MHP,H:G54I,4.972145,1.36
184,3,1MHP,L:H31W,0.9627643,1.26
193,3,1MHP,L:N52D,0.34559584,0.5
206,3,1MHP,L:W90Q,2.5091429,2.08
209,3,1MLC,H:S57V,0.24463892,-0.49
223,3,1N8Z,H:N54A,1.268714,-0.15
229,3,1N8Z,H:Y100aF,0.9097879,-0.05
236,3,1N8Z,L:F53N,0.05057448,1.21
237,3,1N8Z,L:H91A,0.76269084,8.0
248,3,1N8Z,L:T94S,0.6761013,0.31
254,3,1VFB,C:I124A,1.3824785,1.2
255,3,1VFB,C:K116A,0.5101711,0.7
282,3,1VFB,L:L46D,5.7024455,8.0
300,3,2JEL,P:E5D,0.47361663,0.41
306,3,2JEL,P:E75R,0.28398523,2.75
338,3,2JEL,P:T7N,-0.0681324,0.41
341,3,2NYY,A:D1058A,0.75166416,0.01
346,3,2NYY,A:H1064A,5.0629854,7.32
353,3,2NYY,A:N954A,0.5563512,0.1
373,3,2NZ9,A:F953A,1.814888,3.34
376,3,2NZ9,A:K1056A,0.21272445,-0.01
385,3,2NZ9,A:S902A,0.21702379,-0.12
395,3,3BDY,H:N54A,-0.066541314,-0.2
425,3,3BE1,H:G96A,0.9008944,0.1
436,3,3BE1,H:Y33A,0.37453794,2.4
439,3,3BE1,L:D27aA,0.21341583,0.0
452,3,3BE1,L:W50A,1.0702566,1.4
455,3,3BE1,L:Y92A,0.8909041,0.5
462,3,3BN9,A:F94A,0.691991,0.64
475,3,3BN9,A:R222A,0.33418143,-0.09
486,3,3BN9,H:S30N,0.46933013,1.36
492,3,3HFM,H:C95F,4.7090254,3.25
503,3,3HFM,L:Y50A,3.4653683,4.57
507,3,3HFM,L:Y96F,2.4172733,1.4
513,3,3K2M,D:E52A,2.5898743,2.5
537,3,3NPS,A:F89A,0.7266003,1.61
542,3,3NPS,A:K221A,1.1028421,-0.1
544,3,3NPS,A:N90A,0.11714727,0.26
547,3,3NPS,A:Q169A,0.50253844,0.75
551,3,3NPS,A:R48A,1.05126,-1.07
578,3,HM_1KTZ,B:V62A,0.6248375,0.7
579,3,HM_1KTZ,B:V77A,0.81459224,0.4
587,3,HM_1YY9,H:V50L,0.033967167,-0.6
593,3,HM_1YY9,L:T97C,-0.56787586,-0.51
599,3,HM_2NYY,A:F953A,0.3922202,1.53
615,3,HM_2NYY,H:Y31Q,0.71611464,1.33
628,3,HM_2NZ9,A:L919A,1.2191539,0.41
632,3,HM_2NZ9,A:R1061A,0.4269064,0.58
633,3,HM_2NZ9,A:R1064A,1.3554935,4.44
637,3,HM_3BN9,H:P100H,1.3611917,1.36
