index,fold,pdbid,mutation,predicted_value,true_value
0,2,1AK4,D:A488G,1.4431219,2.49
4,2,1AK4,D:G489A,1.3626802,1.91
13,2,1AK4,D:P490V,1.638185,2.86
25,2,1BJ1,W:I91A,1.7369027,0.41
38,2,1CZ8,W:G88A,1.0592813,2.67
39,2,1CZ8,W:G92A,1.8076066,4.1
40,2,1CZ8,W:H86A,0.64082515,0.0
41,2,1CZ8,W:H90A,1.7859875,0.0
56,2,1DQJ,C:K97A,2.8697948,3.5
64,2,1DQJ,C:Y20A,3.6288226,3.3
73,2,1DQJ,L:Y50A,3.7146955,2.7
75,2,1DVF,A:H30A,1.756873,1.67
77,2,1DVF,A:W92A,2.293014,0.34
100,2,1DVF,D:Y102A,2.3455482,4.79
108,2,1FFW,A:V108M,0.55618966,1.13
128,2,1KTZ,B:I50A,1.514991,1.9
134,2,1KTZ,B:S52A,1.5403357,0.4
144,2,1MHP,H:G100M,3.8083134,0.1
149,2,1MHP,H:G53N,3.816563,1.26
164,2,1MHP,H:R31Q,2.105632,1.31
165,2,1MHP,H:S35A,3.4272528,1.58
185,2,1MHP,L:L49F,3.207206,0.71
187,2,1MHP,L:L49W,3.0007572,1.91
188,2,1MHP,L:L49Y,3.729793,8.0
197,2,1MHP,L:N52Y,1.1703182,-0.1
217,2,1MLC,L:N92A,1.2815332,-1.25
222,2,1N8Z,H:K30A,-0.08674082,0.61
224,2,1N8Z,H:R50A,1.8577685,8.0
238,2,1N8Z,L:H91F,1.7366363,-0.43
239,2,1N8Z,L:H91F,1.7368275,0.03
258,2,1VFB,C:Q121A,1.4602432,2.9
287,2,1VFB,L:W92A,1.774829,3.3
289,2,1VFB,L:Y32W,1.8306147,8.0
294,2,1YY9,H:T61E,-1.2496182,-0.06
326,2,2JEL,P:Q57E,1.1695238,-0.41
329,2,2JEL,P:R17K,0.4454757,0.0
342,2,2NYY,A:D1062A,2.2756805,2.53
348,2,2NYY,A:K1056A,0.8454975,-0.03
358,2,2NYY,A:S955A,0.4549283,0.0
365,2,2NYY,L:D30Y,0.61372846,0.65
382,2,2NZ9,A:Q915A,1.1857603,0.1
391,2,3BDY,H:G96A,1.3333497,0.2
394,2,3BDY,H:K30A,-0.42188314,0.2
405,2,3BDY,L:D27aA,0.10734011,0.0
409,2,3BDY,L:I27bA,0.56809914,1.1
416,2,3BDY,L:T93A,0.66181815,-0.3
422,2,3BE1,H:D31A,0.49217695,0.4
432,2,3BE1,H:T32A,0.052053005,-0.4
434,2,3BE1,H:W95A,2.377107,1.8
442,2,3BE1,L:H91A,1.8012947,0.9
499,2,3HFM,L:N31D,2.7111304,1.34
504,2,3HFM,L:Y50F,3.0106072,2.36
514,2,3K2M,D:M88A,2.4695582,4.0
518,2,3K2M,D:Y36A,3.1559622,3.7
524,2,3NGB,H:P62K,-0.15583685,0.23
528,2,3NGB,H:V57T,0.4974161,0.14
548,2,3NPS,A:Q218A,0.69102085,-0.04
552,2,3NPS,A:R51A,0.96580434,0.14
594,2,HM_1YY9,L:T97D,-0.28651878,-0.66
595,2,HM_1YY9,L:T97S,-0.3189614,-0.7
612,2,HM_2NYY,H:K30R,0.09833118,0.51
623,2,HM_2NZ9,A:E920A,0.780572,0.5
634,2,HM_2NZ9,A:R903A,0.84447134,-0.02
641,2,HM_3BN9,H:T28R,0.7647691,-0.24
643,2,HM_3BN9,H:T98R,0.5478376,-1.57
