index,fold,pdbid,mutation,predicted_value,true_value
11,9,1AK4,D:P485A,1.1262141,0.92
29,9,1BJ1,W:M94A,0.9275485,1.42
32,9,1BJ1,W:Q89A,0.71391666,1.75
57,9,1DQJ,C:L75A,1.7535197,1.5
69,9,1DQJ,H:Y53A,2.6902003,1.2
80,9,1DVF,A:Y49A,1.0659852,1.75
83,9,1DVF,B:D54A,1.0314711,4.32
87,9,1DVF,B:R99A,1.3459809,1.89
93,9,1DVF,D:D52A,0.8498726,1.7
103,9,1FFW,A:E117K,0.73418796,0.71
109,9,1FFW,A:Y106W,0.8861413,0.71
121,9,1KTZ,B:E119Q,2.5585053,1.7
130,9,1KTZ,B:L27A,1.2853498,1.9
141,9,1MHP,H:G100F,4.2348313,0.57
166,9,1MHP,H:S35Q,3.9399645,2.73
204,9,1MHP,L:S91T,3.3600895,2.32
215,9,1MLC,L:N32G,0.5543941,-0.85
220,9,1N8Z,H:D98W,0.98349655,-0.69
228,9,1N8Z,H:Y100aA,3.3515935,8.0
231,9,1N8Z,H:Y102V,1.602633,0.22
232,9,1N8Z,H:Y33A,2.2032623,-0.09
246,9,1N8Z,L:T93A,0.546095,0.82
256,9,1VFB,C:L129A,0.5596074,0.2
262,9,1VFB,C:V120A,1.9970051,0.9
275,9,1VFB,H:S28N,0.7639466,0.15
281,9,1VFB,H:Y32E,1.3695023,1.91
304,9,2JEL,P:E70A,2.0053625,2.75
324,9,2JEL,P:Q3K,1.1883262,4.13
350,9,2NYY,A:K923A,0.32290912,-0.14
371,9,2NZ9,A:E920A,0.17431569,2.77
375,9,2NZ9,A:I956A,0.79863405,0.07
402,9,3BDY,H:Y33A,0.9840495,0.3
407,9,3BDY,L:G51A,0.08672339,1.0
415,9,3BDY,L:S52A,-0.4517396,0.1
437,9,3BE1,H:Y52A,0.78169936,-0.8
444,9,3BE1,L:I29A,-0.21209848,0.9
453,9,3BE1,L:Y32A,1.5491843,-0.8
465,9,3BN9,A:I41A,1.0193752,0.0
468,9,3BN9,A:L153A,0.57668275,0.34
487,9,3BN9,H:T28R,0.6367696,0.3
490,9,3BN9,H:Y99S,2.2969184,0.41
493,9,3HFM,H:D32A,1.2609689,1.9
494,9,3HFM,H:D32N,1.4786756,0.17
496,9,3HFM,H:Y33A,3.598483,6.0
500,9,3HFM,L:N31E,2.4425793,5.67
501,9,3HFM,L:N32A,2.6483364,5.11
506,9,3HFM,L:Y96A,3.0463178,2.71
519,9,3K2M,D:Y87A,1.9015794,4.0
530,9,3NGB,H:Y74S,0.43962651,0.33
532,9,3NPS,A:D46A,0.6592142,0.34
538,9,3NPS,A:F92A,1.3985505,0.47
543,9,3NPS,A:L147A,0.68907064,0.3
553,9,3NPS,A:R82A,0.14387107,-0.15
556,9,3NPS,A:Y141A,1.2690525,1.79
562,9,HM_1KTZ,B:E119Q,2.3103309,1.6
563,9,HM_1KTZ,B:E55A,1.178087,1.2
565,9,HM_1KTZ,B:F110A,1.2957356,0.9
582,9,HM_1YY9,H:I51G,-1.2631058,-0.51
588,9,HM_1YY9,H:V50Q,-0.6284245,-0.64
597,9,HM_2NYY,A:D902A,-0.08788782,-0.49
610,9,HM_2NYY,A:S954A,0.2905345,-0.66
629,9,HM_2NZ9,A:N918A,0.23650765,0.3
636,9,HM_2NZ9,A:T923A,0.25412202,0.62
