index,fold,pdbid,mutation,predicted_value,true_value
5,6,1AK4,D:G489V,1.0652554,2.86
9,6,1AK4,D:I491A,0.39728743,0.07
43,6,1CZ8,W:I83A,3.6762342,1.3
44,6,1CZ8,W:I91A,0.993976,1.06
47,6,1CZ8,W:M81A,2.5996323,4.1
49,6,1CZ8,W:Q79A,0.93633294,0.65
51,6,1CZ8,W:Q89A,0.86867285,1.06
52,6,1CZ8,W:R82A,2.6503706,0.82
62,6,1DQJ,C:W62A,1.4516771,0.8
68,6,1DQJ,H:Y50A,4.9893274,6.9
89,6,1DVF,B:W52A,3.3331075,4.17
106,6,1FFW,A:T112I,0.25304183,0.56
113,6,1JTG,A:R243A,0.3841383,0.56
115,6,1JTG,A:S235A,0.5512499,1.32
119,6,1KTZ,B:D32N,1.9360378,1.7
133,6,1KTZ,B:S49A,0.61649835,0.5
171,6,1MHP,H:T33Q,4.317402,8.0
176,6,1MHP,H:Y58E,1.1559274,2.08
178,6,1MHP,H:Y58W,2.5405777,0.82
186,6,1MHP,L:L49K,2.1155405,0.93
191,6,1MHP,L:N30W,1.8157597,1.58
195,6,1MHP,L:N52K,1.129838,0.66
201,6,1MHP,L:S91K,4.669692,8.0
202,6,1MHP,L:S91Q,6.2698355,1.78
207,6,1MLC,H:K65D,-0.7452253,0.02
216,6,1MLC,L:N32Y,-0.25337327,0.0
225,6,1N8Z,H:T32A,-0.11539474,0.38
241,6,1N8Z,L:N30S,0.5504178,0.06
247,6,1N8Z,L:T94A,0.35480466,-0.12
251,6,1N8Z,L:Y92F,1.5245427,-0.21
259,6,1VFB,C:R125A,0.5458486,1.8
267,6,1VFB,H:D58N,1.1905584,-0.13
276,6,1VFB,H:S28Q,0.25803304,0.08
280,6,1VFB,H:Y32A,1.4572623,1.1
284,6,1VFB,L:N31W,2.1674333,0.17
308,6,2JEL,P:E85A,0.065793276,0.0
330,6,2JEL,P:S41C,1.0969402,1.51
331,6,2JEL,P:S43C,0.19550169,0.0
333,6,2JEL,P:S64T,2.3594232,4.13
349,6,2NYY,A:K903A,0.51767695,0.29
359,6,2NYY,A:T1063A,1.4066359,1.62
366,6,2NYY,L:H34R,-0.14955795,0.1
392,6,3BDY,H:G97A,0.068968296,-0.1
400,6,3BDY,H:W95A,3.1869922,2.0
412,6,3BDY,L:R27dA,0.40927503,-0.2
417,6,3BDY,L:T94A,-0.094520986,0.0
446,6,3BE1,L:R27dA,-0.36236405,-0.2
449,6,3BE1,L:S52A,0.2820005,0.3
471,6,3BN9,A:Q174A,0.8018668,-0.03
478,6,3BN9,A:R87A,0.049097955,-0.16
484,6,3BN9,H:Q100aV,0.28669822,1.36
498,6,3HFM,L:N31A,3.4187412,5.22
509,6,3HFM,Y:K97A,3.3258905,6.18
546,6,3NPS,A:Q168A,0.6817647,-0.06
558,6,HM_1KTZ,B:D118A,0.79375345,0.8
561,6,HM_1KTZ,B:E119A,1.5677254,1.5
570,6,HM_1KTZ,B:I53A,1.1677161,1.4
596,6,HM_2NYY,A:D1062A,0.58332765,-0.14
603,6,HM_2NYY,A:L919A,0.4226181,0.41
604,6,HM_2NYY,A:N918A,-0.17493409,0.3
606,6,HM_2NYY,A:P1063A,0.96756274,0.24
630,6,HM_2NZ9,A:N957A,-0.098391116,0.01
631,6,HM_2NZ9,A:P1063A,1.1193268,0.24
639,6,HM_3BN9,H:S30G,0.2889348,0.71
