index,fold,pdbid,mutation,predicted_value,true_value
6,7,1AK4,D:H487A,1.6502917,0.84
15,7,1AK4,D:V486A,1.9789556,0.82
63,7,1DQJ,C:W63A,2.5946941,1.3
66,7,1DQJ,H:W98A,5.1715574,4.9
78,7,1DVF,A:Y32A,3.375225,2.05
91,7,1DVF,B:Y32A,2.7291183,1.85
94,7,1DVF,D:H33A,3.3722994,1.88
98,7,1DVF,D:Q104A,3.1353698,1.64
112,7,1JTG,A:K234A,1.0377858,0.82
124,7,1KTZ,B:F110A,1.3821986,0.9
127,7,1KTZ,B:I125A,1.6136558,0.5
135,7,1KTZ,B:S52L,2.0023005,3.7
139,7,1MHP,H:F99W,3.9107594,0.0
146,7,1MHP,H:G100V,3.4651966,8.0
154,7,1MHP,H:G54M,2.2194338,8.0
155,7,1MHP,H:G54N,2.1211147,8.0
167,7,1MHP,H:S35V,3.8480802,8.0
169,7,1MHP,H:S52T,3.2451158,8.0
174,7,1MHP,H:T50Q,3.5319238,8.0
177,7,1MHP,H:Y58Q,3.475172,2.08
183,7,1MHP,L:H31R,3.1636028,1.12
198,7,1MHP,L:N93D,2.9495277,8.0
219,7,1N8Z,H:D98A,0.6590322,1.21
221,7,1N8Z,H:F100A,1.1898271,1.17
234,7,1N8Z,H:Y56A,2.5632968,0.87
260,7,1VFB,C:S24A,2.8230247,0.8
261,7,1VFB,C:T118A,2.1860597,0.8
274,7,1VFB,H:S28E,1.4068017,-0.1
292,7,1VFB,L:Y50R,3.2737122,0.85
307,7,2JEL,P:E83A,0.3561257,0.0
311,7,2JEL,P:E85Q,0.14101636,0.0
312,7,2JEL,P:F2W,2.0365515,2.64
317,7,2JEL,P:K27E,0.8790064,0.0
320,7,2JEL,P:K79E,0.5601063,0.41
321,7,2JEL,P:N12D,0.85565686,0.0
334,7,2JEL,P:T34Q,1.3177507,0.0
345,7,2NYY,A:F953A,0.6752603,4.06
361,7,2NYY,H:M34Q,1.9349209,-0.06
377,7,2NZ9,A:K903A,1.2960881,0.54
379,7,2NZ9,A:L919A,2.304834,2.28
393,7,3BDY,H:G99A,1.3239591,0.8
435,7,3BE1,H:Y100aA,4.0048156,1.2
440,7,3BE1,L:G31A,0.8746043,0.3
459,7,3BN9,A:D96A,0.9142698,6.7
460,7,3BN9,A:E169A,-0.0042424276,0.37
463,7,3BN9,A:F97A,1.7873756,6.7
473,7,3BN9,A:Q221aA,0.8577441,0.71
479,7,3BN9,A:T150A,0.86645347,0.29
488,7,3BN9,H:T98Q,2.221039,0.0
508,7,3HFM,Y:K96A,3.6156936,6.83
515,7,3K2M,D:R38A,3.6397758,2.5
520,7,3NGB,H:A56G,0.5985362,-0.06
529,7,3NGB,H:V73T,0.65841746,0.16
564,7,HM_1KTZ,B:E75A,2.0014753,1.1
566,7,HM_1KTZ,B:F30A,2.1536756,3.0
572,7,HM_1KTZ,B:M112A,2.0421844,0.9
585,7,HM_1YY9,H:T57G,-0.76002204,-0.46
590,7,HM_1YY9,L:A25V,-0.059244346,-0.62
591,7,HM_1YY9,L:G30Y,0.37127608,-0.92
602,7,HM_2NYY,A:K955A,-0.06384683,-0.5
608,7,HM_2NYY,A:R1064A,3.699471,4.44
616,7,HM_2NYY,H:Y57Q,0.5168666,1.19
638,7,HM_3BN9,H:Q100aV,1.2384576,0.41
640,7,HM_3BN9,H:S30N,0.718411,0.71
