index,fold,pdbid,mutation,predicted_value,true_value
3,4,1AK4,D:A492V,0.47194654,0.19
12,4,1AK4,D:P490A,1.0583594,2.0
24,4,1BJ1,W:I83A,1.2950654,3.69
42,4,1CZ8,W:I80A,1.1333897,0.95
53,4,1CZ8,W:Y45A,1.5018892,1.94
54,4,1DQJ,C:D101A,2.5280046,1.3
58,4,1DQJ,C:N93A,1.9679213,0.6
76,4,1DVF,A:S93A,1.884387,1.17
79,4,1DVF,A:Y49A,1.414043,1.64
88,4,1DVF,B:T30A,1.3691368,0.92
92,4,1DVF,C:Y49A,1.6495419,1.88
95,4,1DVF,D:I101A,2.043917,2.71
97,4,1DVF,D:N55A,0.98961294,1.88
114,4,1JTG,A:S130A,0.73731804,0.5
140,4,1MHP,H:F99Y,3.143339,0.76
145,4,1MHP,H:G100S,2.9656253,0.56
151,4,1MHP,H:G53S,2.326665,0.68
156,4,1MHP,H:G54T,2.4341018,1.17
158,4,1MHP,H:H56Y,2.5979192,8.0
170,4,1MHP,H:T33N,2.6499176,2.73
175,4,1MHP,H:T50V,3.1251566,-0.26
179,4,1MHP,H:Y59E,1.8001149,0.54
203,4,1MHP,L:S91R,2.6981602,2.73
205,4,1MHP,L:S91W,2.8443356,8.0
213,4,1MLC,H:T31W,0.5633013,0.13
245,4,1N8Z,L:T31A,0.21458079,0.8
252,4,1VFB,C:D119A,1.7379315,1.0
263,4,1VFB,C:Y23A,0.89399093,0.4
291,4,1VFB,L:Y50K,1.2179418,1.67
297,4,1YY9,L:T31E,0.33059698,-0.52
298,4,2JEL,P:A82S,0.092425495,0.0
302,4,2JEL,P:E66K,1.2075816,4.13
305,4,2JEL,P:E70K,1.2403611,4.13
315,4,2JEL,P:H76D,0.3641686,-0.66
328,4,2JEL,P:R17G,-0.037816733,0.0
335,4,2JEL,P:T36Q,0.26823327,0.41
339,4,2JEL,P:T7S,0.090978384,0.0
344,4,2NYY,A:F917A,1.363661,0.42
351,4,2NYY,A:L919A,1.1175108,2.59
352,4,2NYY,A:N918A,1.0622456,0.89
357,4,2NYY,A:S902A,-0.2782601,-0.23
369,4,2NZ9,A:D1058A,0.3434353,-0.03
381,4,2NZ9,A:N954A,0.45547083,-0.15
406,4,3BDY,L:G31A,0.52069056,1.2
408,4,3BDY,L:H91A,1.2324313,2.0
423,4,3BE1,H:D98A,1.222476,-0.1
427,4,3BE1,H:G99A,1.416258,1.8
429,4,3BE1,H:N54A,0.4609334,-0.8
443,4,3BE1,L:I27bA,-0.053949416,-0.2
454,4,3BE1,L:Y53A,0.39337802,0.9
497,4,3HFM,H:Y50A,2.5037637,8.0
510,4,3HFM,Y:K97M,2.6695538,1.09
511,4,3HFM,Y:R21A,2.4942355,1.03
516,4,3K2M,D:W80A,2.5281942,4.0
536,4,3NPS,A:F50A,0.7257171,0.22
541,4,3NPS,A:I45A,0.82538235,-0.34
550,4,3NPS,A:R219A,0.11236722,-0.08
568,4,HM_1KTZ,B:I125A,1.1608038,0.5
584,4,HM_1YY9,H:T100Y,1.1338668,-0.45
598,4,HM_2NYY,A:E920A,0.33537304,0.5
605,4,HM_2NYY,A:N957A,0.01687041,0.01
607,4,HM_2NYY,A:R1061A,0.6982893,0.58
625,4,HM_2NZ9,A:I917A,1.0574231,0.95
627,4,HM_2NZ9,A:K955A,-0.39953256,-0.5
