index,fold,pdbid,mutation,predicted_value,true_value
2,8,1AK4,D:A492G,0.2712325,0.41
16,8,1BJ1,V:F17A,-0.27905506,0.0
17,8,1BJ1,V:Y21A,-0.017666698,0.0
37,8,1CZ8,W:E93A,0.7651398,1.15
59,8,1DQJ,C:R21A,1.8239889,1.3
60,8,1DQJ,C:S100A,2.1130667,0.8
81,8,1DVF,A:Y50A,1.1026864,0.69
107,8,1FFW,A:T87I,0.3734659,-0.32
111,8,1JRH,I:T14V,0.17264464,-0.02
125,8,1KTZ,B:F30A,2.4385884,2.9
126,8,1KTZ,B:H79A,0.28045535,0.4
129,8,1KTZ,B:I53A,0.6895441,1.2
132,8,1KTZ,B:N47A,0.4242201,0.3
148,8,1MHP,H:G53A,1.0406208,0.51
157,8,1MHP,H:G54Y,2.131664,0.0
163,8,1MHP,H:L60D,0.21738157,-0.12
168,8,1MHP,H:S52M,3.223948,2.08
181,8,1MHP,L:G92S,2.2832584,0.51
190,8,1MHP,L:N30V,2.3159275,1.05
194,8,1MHP,L:N52E,0.92939734,-0.18
240,8,1N8Z,L:N30A,-0.15297198,1.12
283,8,1VFB,L:L46E,6.403797,8.0
286,8,1VFB,L:T53R,1.3652273,1.67
293,8,1YY9,H:N56A,-0.74586976,-0.06
295,8,1YY9,L:N93A,-0.37744647,-0.74
296,8,1YY9,L:S26D,-0.5846817,-0.2
299,8,2JEL,P:D69E,1.1633792,0.96
303,8,2JEL,P:E68A,1.2175822,0.41
309,8,2JEL,P:E85D,0.06287038,0.0
313,8,2JEL,P:F2Y,2.5524607,0.0
327,8,2JEL,P:Q71E,0.9089581,2.75
332,8,2JEL,P:S46C,-0.26958042,0.0
343,8,2NYY,A:E920A,1.0863419,2.84
356,8,2NYY,A:R1294A,1.0877948,0.3
378,8,2NZ9,A:K923A,-0.09460235,-0.3
386,8,2NZ9,A:S955A,0.42787203,-0.08
389,8,3BDY,H:D98A,0.24200931,0.0
398,8,3BDY,H:T32A,-0.31817377,-0.4
399,8,3BDY,H:T53A,-0.07628828,-0.5
404,8,3BDY,H:Y56A,0.25642097,0.2
411,8,3BDY,L:P27cA,1.6693852,0.2
428,8,3BE1,H:K30A,0.30783787,-0.3
451,8,3BE1,L:T94A,-0.8174724,1.4
457,8,3BN9,A:D60aA,0.23648247,0.42
466,8,3BN9,A:I60A,0.7006924,0.84
472,8,3BN9,A:Q175A,0.58536416,2.51
476,8,3BN9,A:R60cA,0.98217845,-0.05
477,8,3BN9,A:R60fA,0.28867227,-0.07
480,8,3BN9,A:T98A,1.7187237,1.13
482,8,3BN9,A:Y60gA,-0.039147437,0.02
489,8,3BN9,H:T98R,-0.19706303,-0.06
491,8,3HFM,H:C95A,2.670947,5.52
531,8,3NPS,A:D214A,0.88991016,1.48
549,8,3NPS,A:Q23A,-0.27337712,0.03
555,8,3NPS,A:T93A,0.34043682,0.73
557,8,3NPS,A:Y52A,0.59557277,0.46
571,8,HM_1KTZ,B:L27A,2.0573347,1.8
576,8,HM_1KTZ,B:S52L,3.3952608,4.0
583,8,HM_1YY9,H:R97D,1.3934284,-0.99
589,8,HM_1YY9,H:Y32R,-0.8577554,-0.13
613,8,HM_2NYY,H:M34Q,-0.21818018,-0.01
618,8,HM_2NYY,L:H34R,1.1861656,0.63
626,8,HM_2NZ9,A:K915A,-0.028588295,-0.31
642,8,HM_3BN9,H:T98Q,-0.12718642,-0.16
