fold,mae,rmse,r2,pearson,spearman,samples
1,1.6550720381782706,2.3152953148446307,0.032593634878742,0.2878174217896224,0.1981435047893387,454
