index,fold,pdbid,mutation,predicted_value,true_value
6,7,1AK4,D:H487A,0.9206338,0.84
15,7,1AK4,D:V486A,1.1413491,0.82
63,7,1DQJ,C:W63A,2.1183486,1.3
66,7,1DQJ,H:W98A,4.5702624,4.9
78,7,1DVF,A:Y32A,2.913162,2.05
91,7,1DVF,B:Y32A,2.8996615,1.85
94,7,1DVF,D:H33A,3.7656736,1.88
98,7,1DVF,D:Q104A,3.4131112,1.64
112,7,1JTG,A:K234A,1.2149616,0.82
124,7,1KTZ,B:F110A,1.1268289,0.9
127,7,1KTZ,B:I125A,1.2800736,0.5
135,7,1KTZ,B:S52L,2.3451743,3.7
139,7,1MHP,H:F99W,3.504043,0.0
146,7,1MHP,H:G100V,3.1275117,8.0
154,7,1MHP,H:G54M,2.144848,8.0
155,7,1MHP,H:G54N,1.9633245,8.0
167,7,1MHP,H:S35V,3.5338855,8.0
169,7,1MHP,H:S52T,4.124063,8.0
174,7,1MHP,H:T50Q,3.4425006,8.0
177,7,1MHP,H:Y58Q,3.1800427,2.08
183,7,1MHP,L:H31R,2.6779346,1.12
198,7,1MHP,L:N93D,2.2445855,8.0
219,7,1N8Z,H:D98A,1.1220706,1.21
221,7,1N8Z,H:F100A,1.5600885,1.17
234,7,1N8Z,H:Y56A,1.4121127,0.87
260,7,1VFB,C:S24A,2.3657498,0.8
261,7,1VFB,C:T118A,2.2588136,0.8
274,7,1VFB,H:S28E,1.1731279,-0.1
292,7,1VFB,L:Y50R,2.9389124,0.85
307,7,2JEL,P:E83A,0.3904824,0.0
311,7,2JEL,P:E85Q,0.079640895,0.0
312,7,2JEL,P:F2W,2.9443219,2.64
317,7,2JEL,P:K27E,0.44018245,0.0
320,7,2JEL,P:K79E,0.3253996,0.41
321,7,2JEL,P:N12D,0.3629197,0.0
334,7,2JEL,P:T34Q,1.5417001,0.0
345,7,2NYY,A:F953A,0.5618596,4.06
361,7,2NYY,H:M34Q,1.9302576,-0.06
377,7,2NZ9,A:K903A,0.5505295,0.54
379,7,2NZ9,A:L919A,1.5402405,2.28
393,7,3BDY,H:G99A,1.8123205,0.8
435,7,3BE1,H:Y100aA,3.1279314,1.2
440,7,3BE1,L:G31A,0.91881734,0.3
459,7,3BN9,A:D96A,1.695304,6.7
460,7,3BN9,A:E169A,0.08025995,0.37
463,7,3BN9,A:F97A,2.6672823,6.7
473,7,3BN9,A:Q221aA,0.8650907,0.71
479,7,3BN9,A:T150A,0.8009754,0.29
488,7,3BN9,H:T98Q,1.8778083,0.0
508,7,3HFM,Y:K96A,3.298872,6.83
515,7,3K2M,D:R38A,3.154457,2.5
520,7,3NGB,H:A56G,0.6129135,-0.06
529,7,3NGB,H:V73T,0.65582776,0.16
564,7,HM_1KTZ,B:E75A,2.0825768,1.1
566,7,HM_1KTZ,B:F30A,2.5938292,3.0
572,7,HM_1KTZ,B:M112A,1.9152571,0.9
585,7,HM_1YY9,H:T57G,-0.3176878,-0.46
590,7,HM_1YY9,L:A25V,0.25712878,-0.62
591,7,HM_1YY9,L:G30Y,1.3111577,-0.92
602,7,HM_2NYY,A:K955A,-0.056056228,-0.5
608,7,HM_2NYY,A:R1064A,3.6131575,4.44
616,7,HM_2NYY,H:Y57Q,0.11059289,1.19
638,7,HM_3BN9,H:Q100aV,1.2661777,0.41
640,7,HM_3BN9,H:S30N,0.67839557,0.71
