index,fold,pdbid,mutation,predicted_value,true_value
8,1,1AK4,D:H487R,0.045126766,1.48
10,1,1AK4,D:I491V,0.25505918,-0.17
19,1,1BJ1,W:G88A,1.8188632,2.76
26,1,1BJ1,W:K48A,0.3019402,0.41
27,1,1BJ1,W:K84A,1.6279202,0.65
33,1,1BJ1,W:R82A,1.5144267,3.69
45,1,1CZ8,W:K48A,0.43826506,0.0
61,1,1DQJ,C:T89A,0.31091326,0.8
74,1,1DQJ,L:Y96A,2.3980303,1.1
84,1,1DVF,B:D58A,2.1564722,1.62
99,1,1DVF,D:R106A,1.809994,4.13
101,1,1FFW,A:A90V,0.15935043,0.09
104,1,1FFW,A:E93K,0.27098197,0.82
110,1,1JRH,I:E45Q,0.8244816,0.11
117,1,1KTZ,B:D118A,0.46402127,0.9
122,1,1KTZ,B:E55A,0.9808767,1.3
147,1,1MHP,H:G102S,2.9680896,8.0
150,1,1MHP,H:G53Q,1.9399023,8.0
160,1,1MHP,H:K64E,0.6284372,-0.16
172,1,1MHP,H:T33V,2.6198058,0.43
189,1,1MHP,L:N30K,1.4489601,8.0
211,1,1MLC,H:T31A,0.84228665,0.45
214,1,1MLC,H:T58D,1.6057069,-0.56
226,1,1N8Z,H:T53A,-0.11771123,0.78
233,1,1N8Z,H:Y52A,1.7466125,0.23
235,1,1N8Z,L:D28N,0.08676587,-0.28
244,1,1N8Z,L:S52A,0.6886836,-0.31
250,1,1N8Z,L:Y92A,1.4451026,1.36
257,1,1VFB,C:N19A,1.5163946,0.3
264,1,1VFB,H:D100A,2.4021611,2.9
290,1,1VFB,L:Y50A,1.8541715,0.5
318,1,2JEL,P:K72E,0.6158143,0.41
325,1,2JEL,P:Q4K,0.5009188,1.38
354,1,2NYY,A:Q915A,0.21839823,0.52
355,1,2NYY,A:R1061A,0.8381845,0.82
360,1,2NYY,H:K30R,-0.41978082,0.07
364,1,2NYY,H:Y57Q,0.46292615,0.52
372,1,2NZ9,A:F917A,0.5592854,-0.05
384,1,2NZ9,A:R1294A,0.31754565,0.39
388,1,3BDY,H:D31A,1.2143625,0.2
397,1,3BDY,H:R58A,1.2042981,-0.2
403,1,3BDY,H:Y52A,1.6520903,0.4
410,1,3BDY,L:I29A,0.3291655,0.8
424,1,3BE1,H:F100A,1.4984347,1.9
438,1,3BE1,H:Y56A,1.0466291,1.8
448,1,3BE1,L:S30A,0.5041847,-0.2
458,1,3BN9,A:D60bA,1.0564076,0.31
485,1,3BN9,H:S30G,0.88392365,1.36
495,1,3HFM,H:S31A,1.6333144,0.17
502,1,3HFM,L:Q53A,1.2132821,0.95
512,1,3HFM,Y:Y20A,2.5769653,4.87
517,1,3K2M,D:Y35A,2.544615,1.0
522,1,3NGB,H:I30T,0.5501565,0.08
525,1,3NGB,H:R53N,0.5416022,0.05
533,1,3NPS,A:D47A,1.0494696,1.08
534,1,3NPS,A:D91A,1.0713999,1.52
560,1,HM_1KTZ,B:D32N,0.9758716,2.0
574,1,HM_1KTZ,B:S49A,0.36395898,0.3
592,1,HM_1YY9,L:Q27Y,-0.3645569,-0.83
600,1,HM_2NYY,A:I917A,0.7331326,0.95
609,1,HM_2NYY,A:R903A,0.6252219,-0.02
611,1,HM_2NYY,A:T923A,-0.26600984,0.62
619,1,HM_2NYY,L:S28Q,0.28587186,0.7
621,1,HM_2NZ9,A:D1062A,0.8245029,-0.14
624,1,HM_2NZ9,A:F953A,0.1901029,1.53
