index,fold,pdbid,mutation,predicted_value,true_value
1,5,1AK4,D:A488V,1.498774,0.6
18,5,1BJ1,W:E93A,1.7158316,0.82
21,5,1BJ1,W:H86A,1.2021934,0.0
28,5,1BJ1,W:M81A,2.4783423,3.69
31,5,1BJ1,W:Q87A,0.9988484,0.0
46,5,1CZ8,W:K84A,0.87161165,1.36
55,5,1DQJ,C:K96A,3.060607,6.1
71,5,1DQJ,L:N32A,1.4994093,4.1
72,5,1DQJ,L:S91A,3.084237,1.4
82,5,1DVF,B:D100A,1.6475617,2.82
90,5,1DVF,B:Y101F,2.4585235,2.03
131,5,1KTZ,B:M112A,1.0964893,0.8
162,5,1MHP,H:K64Q,0.2710011,-0.16
173,5,1MHP,H:T50E,2.6003783,8.0
182,5,1MHP,L:H31K,1.8979777,1.17
192,5,1MHP,L:N30Y,1.5529,1.91
199,5,1MHP,L:S24R,1.7809484,-0.07
200,5,1MHP,L:S28Q,0.8685518,-0.67
208,5,1MLC,H:S57A,-0.25147864,-0.38
218,5,1N8Z,H:D31A,0.01932545,0.25
227,5,1N8Z,H:W95A,2.610271,8.0
242,5,1N8Z,L:R66G,-0.41956237,0.22
266,5,1VFB,H:D58E,0.67851365,0.08
269,5,1VFB,H:G31E,-0.07584214,-0.51
272,5,1VFB,H:R99Y,1.449209,1.26
273,5,1VFB,H:S28D,0.14142072,0.0
285,5,1VFB,L:T52F,1.223229,0.47
288,5,1VFB,L:Y32A,3.1214519,1.7
301,5,2JEL,P:E5Q,0.40187365,0.72
319,5,2JEL,P:K72R,1.0123065,0.0
322,5,2JEL,P:N38T,0.17351493,0.0
336,5,2JEL,P:T62A,0.7424165,0.0
337,5,2JEL,P:T62N,0.9221546,0.0
367,5,2NYY,L:S28Q,0.40033868,0.42
368,5,2NYY,L:S31N,0.66542625,-0.36
370,5,2NZ9,A:D1062A,1.6075492,2.34
383,5,2NZ9,A:R1061A,0.65528727,0.29
390,5,3BDY,H:F100A,-0.6889968,0.7
401,5,3BDY,H:Y100aA,2.146463,0.5
414,5,3BDY,L:S30A,0.5012752,1.3
419,5,3BDY,L:Y32A,1.6693122,1.7
426,5,3BE1,H:G97A,0.7701072,0.3
430,5,3BE1,H:R50A,3.7186809,2.4
431,5,3BE1,H:R58A,0.24069415,2.5
433,5,3BE1,H:T53A,-0.44101414,0.1
441,5,3BE1,L:G51A,0.035924524,-0.3
450,5,3BE1,L:T93A,0.6798115,-0.4
461,5,3BN9,A:F60eA,-0.13604397,-0.05
464,5,3BN9,A:H143A,1.1715469,0.09
469,5,3BN9,A:N95A,1.7237493,0.77
470,5,3BN9,A:Q145A,0.76218474,0.13
474,5,3BN9,A:Q38A,-0.18706739,-0.42
481,5,3BN9,A:Y146A,1.7738042,1.09
521,5,3NGB,H:G54S,0.16169202,0.73
527,5,3NGB,H:T33Y,0.7545011,0.08
535,5,3NPS,A:E163A,-0.12291229,0.62
545,5,3NPS,A:Q140A,0.79010355,0.3
559,5,HM_1KTZ,B:D32A,1.1118256,1.5
573,5,HM_1KTZ,B:N47A,0.9082478,0.3
575,5,HM_1KTZ,B:S52A,1.2974241,0.2
581,5,HM_1YY9,H:G33D,0.3344739,-0.89
617,5,HM_2NYY,L:D30Y,0.27512872,0.6
620,5,HM_2NYY,L:S31N,0.17586342,1.2
622,5,HM_2NZ9,A:D902A,-0.35536283,-0.49
635,5,HM_2NZ9,A:S954A,-0.037067533,-0.66
