index,fold,pdbid,mutation,predicted_value,true_value
3,4,1AK4,D:A492V,0.673849,0.19
12,4,1AK4,D:P490A,1.5063899,2.0
24,4,1BJ1,W:I83A,2.4037385,3.69
42,4,1CZ8,W:I80A,1.8562106,0.95
53,4,1CZ8,W:Y45A,1.12531,1.94
54,4,1DQJ,C:D101A,1.7827253,1.3
58,4,1DQJ,C:N93A,2.1643333,0.6
76,4,1DVF,A:S93A,2.0636592,1.17
79,4,1DVF,A:Y49A,1.9879642,1.64
88,4,1DVF,B:T30A,1.5238822,0.92
92,4,1DVF,C:Y49A,1.2686052,1.88
95,4,1DVF,D:I101A,3.2993321,2.71
97,4,1DVF,D:N55A,1.0908307,1.88
114,4,1JTG,A:S130A,1.2839745,0.5
140,4,1MHP,H:F99Y,2.5428133,0.76
145,4,1MHP,H:G100S,3.7544584,0.56
151,4,1MHP,H:G53S,2.5697525,0.68
156,4,1MHP,H:G54T,3.5442615,1.17
158,4,1MHP,H:H56Y,3.7304382,8.0
170,4,1MHP,H:T33N,3.6436145,2.73
175,4,1MHP,H:T50V,4.110104,-0.26
179,4,1MHP,H:Y59E,0.7805959,0.54
203,4,1MHP,L:S91R,1.2730777,2.73
205,4,1MHP,L:S91W,1.5703776,8.0
213,4,1MLC,H:T31W,0.17011148,0.13
245,4,1N8Z,L:T31A,0.7200271,0.8
252,4,1VFB,C:D119A,1.5980259,1.0
263,4,1VFB,C:Y23A,1.6639624,0.4
291,4,1VFB,L:Y50K,2.1794522,1.67
297,4,1YY9,L:T31E,0.5246155,-0.52
298,4,2JEL,P:A82S,0.18091984,0.0
302,4,2JEL,P:E66K,2.562304,4.13
305,4,2JEL,P:E70K,1.9581159,4.13
315,4,2JEL,P:H76D,0.3595071,-0.66
328,4,2JEL,P:R17G,0.08226201,0.0
335,4,2JEL,P:T36Q,0.9709238,0.41
339,4,2JEL,P:T7S,0.23253661,0.0
344,4,2NYY,A:F917A,1.0001695,0.42
351,4,2NYY,A:L919A,2.1389353,2.59
352,4,2NYY,A:N918A,1.1572704,0.89
357,4,2NYY,A:S902A,0.5821871,-0.23
369,4,2NZ9,A:D1058A,0.5585754,-0.03
381,4,2NZ9,A:N954A,1.3490168,-0.15
406,4,3BDY,L:G31A,2.1782598,1.2
408,4,3BDY,L:H91A,1.9139377,2.0
423,4,3BE1,H:D98A,-0.21439756,-0.1
427,4,3BE1,H:G99A,0.033873186,1.8
429,4,3BE1,H:N54A,0.573346,-0.8
443,4,3BE1,L:I27bA,-0.052600116,-0.2
454,4,3BE1,L:Y53A,-0.8287446,0.9
497,4,3HFM,H:Y50A,5.1849685,8.0
510,4,3HFM,Y:K97M,3.646774,1.09
511,4,3HFM,Y:R21A,2.0783997,1.03
516,4,3K2M,D:W80A,3.14923,4.0
536,4,3NPS,A:F50A,-0.121209145,0.22
541,4,3NPS,A:I45A,0.63272005,-0.34
550,4,3NPS,A:R219A,0.29417536,-0.08
568,4,HM_1KTZ,B:I125A,0.75558746,0.5
584,4,HM_1YY9,H:T100Y,0.64364946,-0.45
598,4,HM_2NYY,A:E920A,0.7905513,0.5
605,4,HM_2NYY,A:N957A,0.27064866,0.01
607,4,HM_2NYY,A:R1061A,0.8864285,0.58
625,4,HM_2NZ9,A:I917A,0.9999357,0.95
627,4,HM_2NZ9,A:K955A,0.44380683,-0.5
