index,fold,pdbid,mutation,predicted_value,true_value
0,2,1AK4,D:A488G,1.1423287,2.49
4,2,1AK4,D:G489A,1.1958673,1.91
13,2,1AK4,D:P490V,1.6573822,2.86
25,2,1BJ1,W:I91A,2.6737885,0.41
38,2,1CZ8,W:G88A,1.8595843,2.67
39,2,1CZ8,W:G92A,3.0282104,4.1
40,2,1CZ8,W:H86A,0.7118091,0.0
41,2,1CZ8,W:H90A,0.12674583,0.0
56,2,1DQJ,C:K97A,2.939531,3.5
64,2,1DQJ,C:Y20A,3.162931,3.3
73,2,1DQJ,L:Y50A,2.2781928,2.7
75,2,1DVF,A:H30A,2.2778563,1.67
77,2,1DVF,A:W92A,3.3847585,0.34
100,2,1DVF,D:Y102A,3.0803804,4.79
108,2,1FFW,A:V108M,0.57810813,1.13
128,2,1KTZ,B:I50A,1.7647884,1.9
134,2,1KTZ,B:S52A,0.5898973,0.4
144,2,1MHP,H:G100M,1.5142813,0.1
149,2,1MHP,H:G53N,2.814245,1.26
164,2,1MHP,H:R31Q,0.6213484,1.31
165,2,1MHP,H:S35A,4.128977,1.58
185,2,1MHP,L:L49F,3.59173,0.71
187,2,1MHP,L:L49W,2.510734,1.91
188,2,1MHP,L:L49Y,4.7579117,8.0
197,2,1MHP,L:N52Y,1.0988445,-0.1
217,2,1MLC,L:N92A,0.21100377,-1.25
222,2,1N8Z,H:K30A,0.66682184,0.61
224,2,1N8Z,H:R50A,1.285707,8.0
238,2,1N8Z,L:H91F,1.8353851,-0.43
239,2,1N8Z,L:H91F,1.8395114,0.03
258,2,1VFB,C:Q121A,2.1547961,2.9
287,2,1VFB,L:W92A,2.6894588,3.3
289,2,1VFB,L:Y32W,2.0597854,8.0
294,2,1YY9,H:T61E,-0.7077177,-0.06
326,2,2JEL,P:Q57E,0.32305518,-0.41
329,2,2JEL,P:R17K,-0.0111202,0.0
342,2,2NYY,A:D1062A,2.0108192,2.53
348,2,2NYY,A:K1056A,0.71404284,-0.03
358,2,2NYY,A:S955A,0.21269338,0.0
365,2,2NYY,L:D30Y,0.6647674,0.65
382,2,2NZ9,A:Q915A,0.3174126,0.1
391,2,3BDY,H:G96A,0.84299636,0.2
394,2,3BDY,H:K30A,-0.3656749,0.2
405,2,3BDY,L:D27aA,-0.63036865,0.0
409,2,3BDY,L:I27bA,0.31957006,1.1
416,2,3BDY,L:T93A,-0.17993927,-0.3
422,2,3BE1,H:D31A,0.72893107,0.4
432,2,3BE1,H:T32A,0.64193404,-0.4
434,2,3BE1,H:W95A,4.822964,1.8
442,2,3BE1,L:H91A,3.3409634,0.9
499,2,3HFM,L:N31D,3.238011,1.34
504,2,3HFM,L:Y50F,2.3291862,2.36
514,2,3K2M,D:M88A,1.3514786,4.0
518,2,3K2M,D:Y36A,3.3974676,3.7
524,2,3NGB,H:P62K,-0.28357613,0.23
528,2,3NGB,H:V57T,0.60456264,0.14
548,2,3NPS,A:Q218A,0.5593603,-0.04
552,2,3NPS,A:R51A,-0.016352057,0.14
594,2,HM_1YY9,L:T97D,-0.2514066,-0.66
595,2,HM_1YY9,L:T97S,-0.1899853,-0.7
612,2,HM_2NYY,H:K30R,0.35957068,0.51
623,2,HM_2NZ9,A:E920A,1.0356421,0.5
634,2,HM_2NZ9,A:R903A,0.3278538,-0.02
641,2,HM_3BN9,H:T28R,0.471383,-0.24
643,2,HM_3BN9,H:T98R,-0.10120535,-1.57
