index,fold,pdbid,mutation,predicted_value,true_value
14,10,1AK4,D:P493A,0.330476,0.51
48,10,1CZ8,W:M94A,1.7709949,1.91
70,10,1DQJ,L:N31A,2.5625572,2.0
86,10,1DVF,B:N56A,2.5770097,1.17
96,10,1DVF,D:K30A,2.0463006,1.01
102,10,1FFW,A:D13K,0.26174676,0.05
116,10,1JTG,B:D49A,1.471585,1.98
118,10,1KTZ,B:D32A,1.0184734,1.4
123,10,1KTZ,B:E75A,1.5557559,1.0
137,10,1KTZ,B:V62A,0.83723587,0.7
138,10,1KTZ,B:V77A,1.3362916,0.5
142,10,1MHP,H:G100I,4.4938345,8.0
143,10,1MHP,H:G100L,3.4136298,2.73
152,10,1MHP,H:G53W,5.6687,8.0
159,10,1MHP,H:K64D,-0.232497,-0.12
161,10,1MHP,H:K64N,-0.043430507,-0.07
180,10,1MHP,L:G92Q,1.9939146,1.58
196,10,1MHP,L:N52R,0.5042029,0.85
210,10,1MLC,H:T28D,-1.3970417,-0.15
212,10,1MLC,H:T31V,-0.5147136,0.53
230,10,1N8Z,H:Y100aF,0.32928783,0.82
243,10,1N8Z,L:S50A,0.14180428,-0.07
249,10,1N8Z,L:Y49A,0.96068186,1.05
253,10,1VFB,C:D18A,0.69633585,0.3
265,10,1VFB,H:D54A,0.4682652,1.0
268,10,1VFB,H:G31A,-0.373502,0.3
270,10,1VFB,H:G31W,-0.5036256,0.01
271,10,1VFB,H:R99W,1.4226322,0.71
277,10,1VFB,H:W52A,3.1218967,0.9
278,10,1VFB,H:Y101A,0.6367822,4.0
279,10,1VFB,H:Y101F,0.06889466,1.6
310,10,2JEL,P:E85K,-0.12501472,0.0
314,10,2JEL,P:H76A,-0.107602745,-0.41
316,10,2JEL,P:K24E,-0.15520865,0.0
323,10,2JEL,P:P11E,-0.27259466,0.0
340,10,2JEL,P:V6F,0.6672615,0.0
347,10,2NYY,A:I956A,0.885811,-0.01
362,10,2NYY,H:Y31D,0.8873496,0.07
363,10,2NYY,H:Y31Q,1.1554185,0.13
374,10,2NZ9,A:H1064A,6.789057,7.42
387,10,2NZ9,A:T1063A,2.0480034,2.37
396,10,3BDY,H:R50A,1.5222731,-0.3
413,10,3BDY,L:S28A,0.8984685,1.0
418,10,3BDY,L:W50A,2.309081,1.3
420,10,3BDY,L:Y53A,1.5336757,0.7
421,10,3BDY,L:Y92A,0.8409585,1.4
445,10,3BE1,L:P27cA,0.1473109,0.1
447,10,3BE1,L:S28A,0.2921496,0.3
456,10,3BN9,A:D217A,1.6621565,0.57
467,10,3BN9,A:K224A,0.8722416,0.79
483,10,3BN9,H:P100H,1.0647622,8.0
505,10,3HFM,L:Y50L,4.2300863,4.4
526,10,3NGB,H:R61Q,-0.20762315,0.1
539,10,3NPS,A:H138A,0.43979383,1.89
540,10,3NPS,A:I26A,0.40185928,0.65
554,10,3NPS,A:T144A,-0.20848766,0.18
567,10,HM_1KTZ,B:H79A,1.0507183,0.3
569,10,HM_1KTZ,B:I50A,1.1615971,1.9
577,10,HM_1KTZ,B:T51A,0.84510934,1.5
580,10,HM_1YY9,H:A98W,0.595114,-0.23
586,10,HM_1YY9,H:T57P,-1.2881892,-0.48
601,10,HM_2NYY,A:K915A,-0.03655076,-0.31
614,10,HM_2NYY,H:Y31D,1.041542,0.97
644,10,HM_3BN9,H:Y99S,0.40192506,0.54
