index,fold,pdbid,mutation,predicted_value,true_value
7,3,1AK4,D:H487Q,1.1805931,0.8
20,3,1BJ1,W:G92A,2.6874552,3.69
22,3,1BJ1,W:H90A,1.2721539,0.0
23,3,1BJ1,W:I80A,1.402572,0.82
30,3,1BJ1,W:Q79A,1.422281,0.0
34,3,1BJ1,W:Y45A,1.4373248,0.82
35,3,1CZ8,V:F17A,0.3635989,0.0
36,3,1CZ8,V:Y21A,0.2738324,0.0
50,3,1CZ8,W:Q87A,-0.07569179,0.0
65,3,1DQJ,H:D32A,1.8057752,2.0
67,3,1DQJ,H:Y33A,4.861121,5.5
85,3,1DVF,B:E98A,3.8830428,4.23
105,3,1FFW,A:F111V,0.6107482,1.26
120,3,1KTZ,B:E119A,1.1714001,1.4
136,3,1KTZ,B:T51A,1.0667464,1.3
153,3,1MHP,H:G54I,6.434698,1.36
184,3,1MHP,L:H31W,0.45872593,1.26
193,3,1MHP,L:N52D,-0.013135135,0.5
206,3,1MHP,L:W90Q,3.0059867,2.08
209,3,1MLC,H:S57V,0.43375862,-0.49
223,3,1N8Z,H:N54A,0.039940864,-0.15
229,3,1N8Z,H:Y100aF,0.57567203,-0.05
236,3,1N8Z,L:F53N,-0.083182305,1.21
237,3,1N8Z,L:H91A,0.8019004,8.0
248,3,1N8Z,L:T94S,0.7626815,0.31
254,3,1VFB,C:I124A,0.631189,1.2
255,3,1VFB,C:K116A,1.1896739,0.7
282,3,1VFB,L:L46D,5.2427816,8.0
300,3,2JEL,P:E5D,0.43764174,0.41
306,3,2JEL,P:E75R,0.08081567,2.75
338,3,2JEL,P:T7N,0.016248316,0.41
341,3,2NYY,A:D1058A,0.3547992,0.01
346,3,2NYY,A:H1064A,6.6292615,7.32
353,3,2NYY,A:N954A,0.42852104,0.1
373,3,2NZ9,A:F953A,2.1380875,3.34
376,3,2NZ9,A:K1056A,0.37783912,-0.01
385,3,2NZ9,A:S902A,-0.17645368,-0.12
395,3,3BDY,H:N54A,0.038796023,-0.2
425,3,3BE1,H:G96A,1.1061631,0.1
436,3,3BE1,H:Y33A,0.21658063,2.4
439,3,3BE1,L:D27aA,-0.44299015,0.0
452,3,3BE1,L:W50A,-0.043704614,1.4
455,3,3BE1,L:Y92A,0.56670415,0.5
462,3,3BN9,A:F94A,-0.039809108,0.64
475,3,3BN9,A:R222A,0.42021266,-0.09
486,3,3BN9,H:S30N,0.62204003,1.36
492,3,3HFM,H:C95F,3.1714244,3.25
503,3,3HFM,L:Y50A,3.3919957,4.57
507,3,3HFM,L:Y96F,2.1964931,1.4
513,3,3K2M,D:E52A,2.6119149,2.5
537,3,3NPS,A:F89A,0.15356365,1.61
542,3,3NPS,A:K221A,0.5768546,-0.1
544,3,3NPS,A:N90A,0.2675918,0.26
547,3,3NPS,A:Q169A,0.22306308,0.75
551,3,3NPS,A:R48A,0.6492274,-1.07
578,3,HM_1KTZ,B:V62A,1.0658232,0.7
579,3,HM_1KTZ,B:V77A,1.4147114,0.4
587,3,HM_1YY9,H:V50L,0.39688462,-0.6
593,3,HM_1YY9,L:T97C,-0.16689831,-0.51
599,3,HM_2NYY,A:F953A,0.61626303,1.53
615,3,HM_2NYY,H:Y31Q,0.89442176,1.33
628,3,HM_2NZ9,A:L919A,1.1370671,0.41
632,3,HM_2NZ9,A:R1061A,0.59780115,0.58
633,3,HM_2NZ9,A:R1064A,2.9325655,4.44
637,3,HM_3BN9,H:P100H,3.9686556,1.36
