index,fold,pdbid,mutation,predicted_value,true_value
11,9,1AK4,D:P485A,0.9813523,0.92
29,9,1BJ1,W:M94A,0.98150194,1.42
32,9,1BJ1,W:Q89A,1.3186007,1.75
57,9,1DQJ,C:L75A,2.6799848,1.5
69,9,1DQJ,H:Y53A,2.5471466,1.2
80,9,1DVF,A:Y49A,1.5498018,1.75
83,9,1DVF,B:D54A,2.1385393,4.32
87,9,1DVF,B:R99A,1.3837996,1.89
93,9,1DVF,D:D52A,1.3098977,1.7
103,9,1FFW,A:E117K,1.0569422,0.71
109,9,1FFW,A:Y106W,1.1084245,0.71
121,9,1KTZ,B:E119Q,1.2341176,1.7
130,9,1KTZ,B:L27A,1.7038101,1.9
141,9,1MHP,H:G100F,3.4180102,0.57
166,9,1MHP,H:S35Q,3.587077,2.73
204,9,1MHP,L:S91T,3.2809434,2.32
215,9,1MLC,L:N32G,0.91422856,-0.85
220,9,1N8Z,H:D98W,0.7887437,-0.69
228,9,1N8Z,H:Y100aA,2.3049839,8.0
231,9,1N8Z,H:Y102V,1.3223542,0.22
232,9,1N8Z,H:Y33A,2.5075185,-0.09
246,9,1N8Z,L:T93A,0.6278713,0.82
256,9,1VFB,C:L129A,1.5541129,0.2
262,9,1VFB,C:V120A,2.0304654,0.9
275,9,1VFB,H:S28N,1.3029666,0.15
281,9,1VFB,H:Y32E,1.8435149,1.91
304,9,2JEL,P:E70A,1.9897158,2.75
324,9,2JEL,P:Q3K,1.8639213,4.13
350,9,2NYY,A:K923A,0.43067113,-0.14
371,9,2NZ9,A:E920A,0.4314137,2.77
375,9,2NZ9,A:I956A,0.58499146,0.07
402,9,3BDY,H:Y33A,0.89572483,0.3
407,9,3BDY,L:G51A,0.30411172,1.0
415,9,3BDY,L:S52A,-0.29980806,0.1
437,9,3BE1,H:Y52A,0.5847694,-0.8
444,9,3BE1,L:I29A,0.022137165,0.9
453,9,3BE1,L:Y32A,1.695945,-0.8
465,9,3BN9,A:I41A,0.52394974,0.0
468,9,3BN9,A:L153A,0.5360273,0.34
487,9,3BN9,H:T28R,0.7883972,0.3
490,9,3BN9,H:Y99S,1.0303514,0.41
493,9,3HFM,H:D32A,2.5842862,1.9
494,9,3HFM,H:D32N,2.6466863,0.17
496,9,3HFM,H:Y33A,3.6096923,6.0
500,9,3HFM,L:N31E,3.1193874,5.67
501,9,3HFM,L:N32A,3.2885108,5.11
506,9,3HFM,L:Y96A,3.168771,2.71
519,9,3K2M,D:Y87A,2.5337453,4.0
530,9,3NGB,H:Y74S,0.35260376,0.33
532,9,3NPS,A:D46A,0.8569297,0.34
538,9,3NPS,A:F92A,1.6271839,0.47
543,9,3NPS,A:L147A,0.8069588,0.3
553,9,3NPS,A:R82A,0.6952296,-0.15
556,9,3NPS,A:Y141A,1.1981593,1.79
562,9,HM_1KTZ,B:E119Q,1.0124846,1.6
563,9,HM_1KTZ,B:E55A,1.959676,1.2
565,9,HM_1KTZ,B:F110A,1.2180705,0.9
582,9,HM_1YY9,H:I51G,-0.35865283,-0.51
588,9,HM_1YY9,H:V50Q,-0.14219451,-0.64
597,9,HM_2NYY,A:D902A,0.40548238,-0.49
610,9,HM_2NYY,A:S954A,0.7346897,-0.66
629,9,HM_2NZ9,A:N918A,0.55453724,0.3
636,9,HM_2NZ9,A:T923A,0.46437484,0.62
