index,fold,pdbid,mutation,predicted_value,true_value
2,8,1AK4,D:A492G,0.9228858,0.41
16,8,1BJ1,V:F17A,0.2822181,0.0
17,8,1BJ1,V:Y21A,0.42433006,0.0
37,8,1CZ8,W:E93A,0.88192177,1.15
59,8,1DQJ,C:R21A,3.209034,1.3
60,8,1DQJ,C:S100A,3.0001686,0.8
81,8,1DVF,A:Y50A,1.6041404,0.69
107,8,1FFW,A:T87I,0.6599432,-0.32
111,8,1JRH,I:T14V,-0.09372163,-0.02
125,8,1KTZ,B:F30A,2.6823134,2.9
126,8,1KTZ,B:H79A,1.1327987,0.4
129,8,1KTZ,B:I53A,1.7960341,1.2
132,8,1KTZ,B:N47A,1.1676447,0.3
148,8,1MHP,H:G53A,2.2230241,0.51
157,8,1MHP,H:G54Y,3.603642,0.0
163,8,1MHP,H:L60D,1.1260555,-0.12
168,8,1MHP,H:S52M,4.3810997,2.08
181,8,1MHP,L:G92S,2.0734951,0.51
190,8,1MHP,L:N30V,2.1131685,1.05
194,8,1MHP,L:N52E,0.36202022,-0.18
240,8,1N8Z,L:N30A,0.2986422,1.12
283,8,1VFB,L:L46E,4.0348425,8.0
286,8,1VFB,L:T53R,0.93475056,1.67
293,8,1YY9,H:N56A,-0.34411293,-0.06
295,8,1YY9,L:N93A,0.56697243,-0.74
296,8,1YY9,L:S26D,-0.10003766,-0.2
299,8,2JEL,P:D69E,1.0170386,0.96
303,8,2JEL,P:E68A,0.98793817,0.41
309,8,2JEL,P:E85D,-0.102460325,0.0
313,8,2JEL,P:F2Y,2.7331002,0.0
327,8,2JEL,P:Q71E,1.4617469,2.75
332,8,2JEL,P:S46C,0.31608742,0.0
343,8,2NYY,A:E920A,0.7954016,2.84
356,8,2NYY,A:R1294A,0.9158138,0.3
378,8,2NZ9,A:K923A,0.48274663,-0.3
386,8,2NZ9,A:S955A,0.21221316,-0.08
389,8,3BDY,H:D98A,0.7658216,0.0
398,8,3BDY,H:T32A,0.19269142,-0.4
399,8,3BDY,H:T53A,-0.028874986,-0.5
404,8,3BDY,H:Y56A,-0.045819722,0.2
411,8,3BDY,L:P27cA,0.7642469,0.2
428,8,3BE1,H:K30A,0.3827005,-0.3
451,8,3BE1,L:T94A,-0.17606278,1.4
457,8,3BN9,A:D60aA,0.9064526,0.42
466,8,3BN9,A:I60A,0.7249465,0.84
472,8,3BN9,A:Q175A,2.562704,2.51
476,8,3BN9,A:R60cA,0.8559593,-0.05
477,8,3BN9,A:R60fA,0.12856472,-0.07
480,8,3BN9,A:T98A,1.8551865,1.13
482,8,3BN9,A:Y60gA,0.4746866,0.02
489,8,3BN9,H:T98R,0.055758595,-0.06
491,8,3HFM,H:C95A,2.5515504,5.52
531,8,3NPS,A:D214A,1.1218268,1.48
549,8,3NPS,A:Q23A,-0.2415554,0.03
555,8,3NPS,A:T93A,0.56582785,0.73
557,8,3NPS,A:Y52A,1.3058729,0.46
571,8,HM_1KTZ,B:L27A,1.8876414,1.8
576,8,HM_1KTZ,B:S52L,1.9761226,4.0
583,8,HM_1YY9,H:R97D,0.7836925,-0.99
589,8,HM_1YY9,H:Y32R,-0.38746363,-0.13
613,8,HM_2NYY,H:M34Q,0.5365487,-0.01
618,8,HM_2NYY,L:H34R,1.2326505,0.63
626,8,HM_2NZ9,A:K915A,0.07964423,-0.31
642,8,HM_3BN9,H:T98Q,-0.1814926,-0.16
