index,fold,pdbid,mutation,predicted_value,true_value
5,6,1AK4,D:G489V,0.72586566,2.86
9,6,1AK4,D:I491A,0.6129967,0.07
43,6,1CZ8,W:I83A,3.2286797,1.3
44,6,1CZ8,W:I91A,1.9573227,1.06
47,6,1CZ8,W:M81A,3.988393,4.1
49,6,1CZ8,W:Q79A,1.6315461,0.65
51,6,1CZ8,W:Q89A,0.90088433,1.06
52,6,1CZ8,W:R82A,1.617959,0.82
62,6,1DQJ,C:W62A,0.019534737,0.8
68,6,1DQJ,H:Y50A,5.8159866,6.9
89,6,1DVF,B:W52A,1.8165317,4.17
106,6,1FFW,A:T112I,0.28006887,0.56
113,6,1JTG,A:R243A,0.44701812,0.56
115,6,1JTG,A:S235A,0.5451566,1.32
119,6,1KTZ,B:D32N,0.8661293,1.7
133,6,1KTZ,B:S49A,0.5133615,0.5
171,6,1MHP,H:T33Q,5.629702,8.0
176,6,1MHP,H:Y58E,0.83016604,2.08
178,6,1MHP,H:Y58W,3.8363464,0.82
186,6,1MHP,L:L49K,1.40102,0.93
191,6,1MHP,L:N30W,0.36007443,1.58
195,6,1MHP,L:N52K,0.1935291,0.66
201,6,1MHP,L:S91K,6.6551924,8.0
202,6,1MHP,L:S91Q,6.5879626,1.78
207,6,1MLC,H:K65D,-1.3011583,0.02
216,6,1MLC,L:N32Y,-0.46368772,0.0
225,6,1N8Z,H:T32A,0.51881015,0.38
241,6,1N8Z,L:N30S,0.13766858,0.06
247,6,1N8Z,L:T94A,1.3417058,-0.12
251,6,1N8Z,L:Y92F,2.1296794,-0.21
259,6,1VFB,C:R125A,0.59905887,1.8
267,6,1VFB,H:D58N,0.8759975,-0.13
276,6,1VFB,H:S28Q,0.32218528,0.08
280,6,1VFB,H:Y32A,0.9671015,1.1
284,6,1VFB,L:N31W,1.3907764,0.17
308,6,2JEL,P:E85A,-0.3141278,0.0
330,6,2JEL,P:S41C,0.097266406,1.51
331,6,2JEL,P:S43C,0.01956451,0.0
333,6,2JEL,P:S64T,1.209206,4.13
349,6,2NYY,A:K903A,0.6388093,0.29
359,6,2NYY,A:T1063A,2.4225085,1.62
366,6,2NYY,L:H34R,-0.12821686,0.1
392,6,3BDY,H:G97A,-0.034605935,-0.1
400,6,3BDY,H:W95A,2.1111183,2.0
412,6,3BDY,L:R27dA,0.51489747,-0.2
417,6,3BDY,L:T94A,-0.98438394,0.0
446,6,3BE1,L:R27dA,-0.22056468,-0.2
449,6,3BE1,L:S52A,-0.21023543,0.3
471,6,3BN9,A:Q174A,0.26019245,-0.03
478,6,3BN9,A:R87A,-0.14304918,-0.16
484,6,3BN9,H:Q100aV,1.3852885,1.36
498,6,3HFM,L:N31A,2.8217235,5.22
509,6,3HFM,Y:K97A,3.2201078,6.18
546,6,3NPS,A:Q168A,0.20712274,-0.06
558,6,HM_1KTZ,B:D118A,1.3654839,0.8
561,6,HM_1KTZ,B:E119A,1.512641,1.5
570,6,HM_1KTZ,B:I53A,1.2400241,1.4
596,6,HM_2NYY,A:D1062A,0.68775135,-0.14
603,6,HM_2NYY,A:L919A,0.056463182,0.41
604,6,HM_2NYY,A:N918A,0.030115679,0.3
606,6,HM_2NYY,A:P1063A,1.0958569,0.24
630,6,HM_2NZ9,A:N957A,-0.6969172,0.01
631,6,HM_2NZ9,A:P1063A,1.8517469,0.24
639,6,HM_3BN9,H:S30G,0.74159205,0.71
