fold,mae,rmse,r2,pearson,spearman
1,1.3568179607391357,1.979687213897705,0.25320059061050415,0.6294631029129027,0.48265141248703003
